t_wall,t_rel,label,q1_cmd,q2_cmd,q1,q2,dq1,dq2,tau1,tau2,px,py,pz,qx,qy,qz,qw,vx,vy,vz,wx,wy,wz
0.000000,0.000000,null,0.000000,0.000000,-0.006776,-0.002554,-0.000024,0.000000,0.677696,0.255426,0.800509,-0.974649,-7.556049,-0.404388,-0.120720,-0.839327,0.342675,-0.246253,0.054830,-0.303727,-0.091049,0.008909,-0.076932
0.020000,0.020000,null,0.000000,0.000000,-0.006776,-0.002554,-0.000024,-0.000000,0.677695,0.255425,0.799839,-0.976089,-7.563788,-0.404532,-0.120238,-0.839736,0.341674,-0.246253,0.054830,-0.303727,-0.091050,0.008910,-0.076930
0.040000,0.040000,null,0.000000,0.000000,-0.006776,-0.002554,-0.000024,-0.000000,0.677695,0.255425,0.799166,-0.977526,-7.571529,-0.404675,-0.119755,-0.840143,0.340672,-0.246254,0.054830,-0.303726,-0.091051,0.008911,-0.076929
0.060000,0.060000,null,0.000000,0.000000,-0.006776,-0.002554,-0.000024,-0.000000,0.677694,0.255425,0.798489,-0.978962,-7.579270,-0.404817,-0.119272,-0.840549,0.339669,-0.246254,0.054830,-0.303726,-0.091052,0.008912,-0.076927
0.080000,0.080000,null,0.000000,0.000000,-0.006776,-0.002554,-0.000024,-0.000000,0.677694,0.255424,0.797809,-0.980396,-7.587010,-0.404959,-0.118790,-0.840953,0.338666,-0.246254,0.054830,-0.303726,-0.091054,0.008912,-0.076925
0.100000,0.100000,null,0.000000,0.000000,-0.006776,-0.002554,-0.000024,-0.000000,0.677693,0.255424,0.797126,-0.981829,-7.594752,-0.405101,-0.118306,-0.841356,0.337663,-0.246254,0.054830,-0.303726,-0.091055,0.008913,-0.076924
0.120000,0.120000,null,0.000000,0.000000,-0.006776,-0.002554,-0.000024,-0.000000,0.677693,0.255424,0.796439,-0.983260,-7.602492,-0.405242,-0.117823,-0.841759,0.336659,-0.246254,0.054830,-0.303726,-0.091056,0.008914,-0.076922
0.140000,0.140000,null,0.000000,0.000000,-0.006776,-0.002554,-0.000024,-0.000000,0.677693,0.255424,0.795749,-0.984690,-7.610232,-0.405382,-0.117340,-0.842160,0.335655,-0.246254,0.054830,-0.303726,-0.091057,0.008914,-0.076921
0.160000,0.160000,null,0.000000,0.000000,-0.006776,-0.002554,-0.000024,0.000000,0.677692,0.255424,0.795055,-0.986117,-7.617974,-0.405522,-0.116856,-0.842559,0.334650,-0.246254,0.054830,-0.303726,-0.091058,0.008915,-0.076920
0.180000,0.180000,null,0.000000,0.000000,-0.006776,-0.002554,-0.000024,-0.000000,0.677692,0.255424,0.794358,-0.987543,-7.625713,-0.405661,-0.116372,-0.842958,0.333645,-0.246254,0.054830,-0.303726,-0.091058,0.008915,-0.076919
0.200000,0.200000,null,0.000000,0.000000,-0.006776,-0.002554,-0.000024,0.000000,0.677692,0.255424,0.793657,-0.988967,-7.633453,-0.405799,-0.115888,-0.843355,0.332640,-0.246254,0.054831,-0.303726,-0.091059,0.008915,-0.076918
0.220000,0.220000,null,0.000000,0.000000,-0.006776,-0.002554,-0.000024,-0.000000,0.677692,0.255424,0.792953,-0.990390,-7.641193,-0.405937,-0.115404,-0.843751,0.331633,-0.246254,0.054831,-0.303726,-0.091060,0.008916,-0.076917
0.240000,0.240000,null,0.000000,0.000000,-0.006776,-0.002554,-0.000024,-0.000000,0.677692,0.255424,0.792246,-0.991810,-7.648934,-0.406075,-0.114919,-0.844146,0.330627,-0.246254,0.054831,-0.303726,-0.091060,0.008916,-0.076916
0.260000,0.260000,null,0.000000,0.000000,-0.006776,-0.002554,-0.000024,0.000000,0.677692,0.255424,0.791535,-0.993230,-7.656674,-0.406211,-0.114435,-0.844540,0.329620,-0.246253,0.054831,-0.303726,-0.091060,0.008916,-0.076916
0.280000,0.280000,null,0.000000,0.000000,-0.006776,-0.002554,-0.000024,-0.000000,0.677692,0.255424,0.790821,-0.994648,-7.664415,-0.406348,-0.113950,-0.844932,0.328613,-0.246253,0.054831,-0.303726,-0.091061,0.008916,-0.076916
0.300000,0.300000,null,0.000000,0.000000,-0.006776,-0.002554,-0.000024,-0.000000,0.677693,0.255424,0.790103,-0.996064,-7.672155,-0.406483,-0.113465,-0.845324,0.327605,-0.246253,0.054832,-0.303726,-0.091061,0.008916,-0.076916
0.320000,0.320000,null,0.000000,0.000000,-0.006776,-0.002554,-0.000024,-0.000000,0.677693,0.255424,0.789383,-0.997478,-7.679897,-0.406618,-0.112980,-0.845714,0.326597,-0.246253,0.054832,-0.303726,-0.091061,0.008916,-0.076916
0.340000,0.340000,null,0.000000,0.000000,-0.006776,-0.002554,-0.000024,-0.000000,0.677694,0.255424,0.788658,-0.998891,-7.687637,-0.406753,-0.112495,-0.846103,0.325588,-0.246253,0.054832,-0.303726,-0.091061,0.008916,-0.076916
0.360000,0.360000,null,0.000000,0.000000,-0.006776,-0.002554,-0.000024,-0.000000,0.677694,0.255425,0.787931,-1.000302,-7.695376,-0.406886,-0.112009,-0.846490,0.324579,-0.246253,0.054832,-0.303726,-0.091061,0.008916,-0.076916
0.380000,0.380000,null,0.000000,0.000000,-0.006776,-0.002554,-0.000024,-0.000000,0.677695,0.255425,0.787200,-1.001711,-7.703116,-0.407020,-0.111524,-0.846877,0.323569,-0.246253,0.054833,-0.303726,-0.091061,0.008916,-0.076917
0.400000,0.400000,null,0.000000,0.000000,-0.006776,-0.002554,-0.000024,-0.000000,0.677696,0.255425,0.786466,-1.003118,-7.710858,-0.407152,-0.111038,-0.847262,0.322559,-0.246253,0.054833,-0.303726,-0.091060,0.008916,-0.076918
0.420000,0.420000,null,0.000000,0.000000,-0.006776,-0.002554,-0.000024,-0.000000,0.677696,0.255426,0.785728,-1.004523,-7.718597,-0.407285,-0.110552,-0.847646,0.321548,-0.246253,0.054833,-0.303726,-0.091060,0.008915,-0.076919
0.440000,0.440000,null,0.000000,0.000000,-0.006776,-0.002554,-0.000024,-0.000000,0.677697,0.255426,0.784987,-1.005927,-7.726338,-0.407416,-0.110066,-0.848029,0.320537,-0.246253,0.054833,-0.303726,-0.091059,0.008915,-0.076920
0.460000,0.460000,null,0.000000,0.000000,-0.006776,-0.002554,-0.000024,-0.000000,0.677697,0.255426,0.784243,-1.007329,-7.734076,-0.407547,-0.109580,-0.848411,0.319526,-0.246253,0.054834,-0.303726,-0.091059,0.008915,-0.076921
0.480000,0.480000,null,0.000000,0.000000,-0.006776,-0.002554,-0.000024,-0.000000,0.677698,0.255426,0.783495,-1.008729,-7.741819,-0.407678,-0.109094,-0.848791,0.318514,-0.246253,0.054834,-0.303726,-0.091058,0.008914,-0.076922
0.500000,0.500000,null,0.000000,0.000000,-0.006776,-0.002554,-0.000024,-0.000000,0.677699,0.255427,0.782744,-1.010127,-7.749557,-0.407807,-0.108607,-0.849171,0.317501,-0.246253,0.054834,-0.303726,-0.091057,0.008914,-0.076924
0.520000,0.520000,null,0.000000,0.000000,-0.006776,-0.002554,-0.000024,-0.000000,0.677700,0.255427,0.781990,-1.011524,-7.757298,-0.407937,-0.108121,-0.849548,0.316488,-0.246253,0.054834,-0.303726,-0.091056,0.008914,-0.076925
0.540000,0.540000,null,0.000000,0.000000,-0.006776,-0.002554,-0.000024,-0.000000,0.677700,0.255427,0.781232,-1.012919,-7.765037,-0.408065,-0.107634,-0.849925,0.315475,-0.246253,0.054835,-0.303726,-0.091056,0.008913,-0.076927
0.560000,0.560000,null,0.000000,0.000000,-0.006776,-0.002554,-0.000024,0.000000,0.677700,0.255428,0.780471,-1.014312,-7.772779,-0.408193,-0.107147,-0.850301,0.314461,-0.246253,0.054835,-0.303726,-0.091055,0.008913,-0.076928
0.580000,0.580000,null,0.000000,0.000000,-0.006776,-0.002554,-0.000024,0.000000,0.677701,0.255428,0.779707,-1.015703,-7.780519,-0.408321,-0.106660,-0.850675,0.313447,-0.246253,0.054835,-0.303726,-0.091054,0.008913,-0.076930
0.600000,0.600000,null,0.000000,0.000000,-0.006776,-0.002554,-0.000024,-0.000000,0.677702,0.255428,0.778940,-1.017092,-7.788260,-0.408448,-0.106173,-0.851049,0.312432,-0.246253,0.054835,-0.303726,-0.091053,0.008912,-0.076931
0.620000,0.620000,null,0.000000,0.000000,-0.006776,-0.002554,-0.000024,0.000000,0.677702,0.255428,0.778169,-1.018480,-7.796001,-0.408574,-0.105686,-0.851421,0.311417,-0.246253,0.054835,-0.303726,-0.091052,0.008912,-0.076933
0.640000,0.640000,null,0.000000,0.000000,-0.006776,-0.002554,-0.000024,0.000000,0.677703,0.255429,0.777395,-1.019865,-7.803741,-0.408700,-0.105198,-0.851792,0.310401,-0.246253,0.054835,-0.303726,-0.091052,0.008912,-0.076934
0.660000,0.660000,null,0.000000,0.000000,-0.006776,-0.002554,-0.000024,0.000000,0.677703,0.255429,0.776617,-1.021249,-7.811483,-0.408825,-0.104711,-0.852161,0.309385,-0.246253,0.054836,-0.303726,-0.091051,0.008911,-0.076936
0.680000,0.680000,null,0.000000,0.000000,-0.006776,-0.002554,-0.000024,-0.000000,0.677703,0.255429,0.775836,-1.022631,-7.819222,-0.408950,-0.104223,-0.852530,0.308368,-0.246253,0.054836,-0.303726,-0.091050,0.008911,-0.076937
0.700000,0.700000,null,0.000000,0.000000,-0.006776,-0.002554,-0.000024,-0.000000,0.677704,0.255429,0.775052,-1.024011,-7.826964,-0.409074,-0.103735,-0.852897,0.307351,-0.246253,0.054836,-0.303726,-0.091050,0.008911,-0.076939
0.720000,0.720000,null,0.000000,0.000000,-0.006776,-0.002554,-0.000024,0.000000,0.677704,0.255429,0.774265,-1.025389,-7.834705,-0.409197,-0.103247,-0.853263,0.306334,-0.246253,0.054836,-0.303726,-0.091049,0.008911,-0.076940
0.740000,0.740000,null,0.000000,0.000000,-0.006776,-0.002554,-0.000024,0.000000,0.677704,0.255430,0.773474,-1.026766,-7.842445,-0.409320,-0.102759,-0.853627,0.305316,-0.246253,0.054836,-0.303726,-0.091048,0.008911,-0.076941
0.760000,0.760000,null,0.000000,0.000000,-0.006776,-0.002554,-0.000024,-0.000000,0.677705,0.255430,0.772680,-1.028140,-7.850187,-0.409442,-0.102271,-0.853991,0.304297,-0.246253,0.054836,-0.303726,-0.091048,0.008911,-0.076943
0.780000,0.780000,null,0.000000,0.000000,-0.006776,-0.002554,-0.000024,0.000000,0.677705,0.255430,0.771883,-1.029513,-7.857927,-0.409564,-0.101783,-0.854353,0.303279,-0.246253,0.054836,-0.303726,-0.091048,0.008911,-0.076944
0.800000,0.800000,null,0.000000,0.000000,-0.006776,-0.002554,-0.000024,-0.000000,0.677705,0.255430,0.771082,-1.030883,-7.865665,-0.409685,-0.101294,-0.854714,0.302259,-0.246253,0.054836,-0.303726,-0.091047,0.008910,-0.076945
0.820000,0.820000,null,0.000000,0.000000,-0.006776,-0.002554,-0.000024,0.000000,0.677705,0.255430,0.770279,-1.032252,-7.873405,-0.409806,-0.100806,-0.855074,0.301240,-0.246253,0.054836,-0.303726,-0.091047,0.008910,-0.076945
0.840000,0.840000,null,0.000000,0.000000,-0.006776,-0.002554,-0.000024,0.000000,0.677705,0.255430,0.769472,-1.033619,-7.881145,-0.409926,-0.100317,-0.855433,0.300220,-0.246253,0.054836,-0.303726,-0.091047,0.008910,-0.076946
0.860000,0.860000,null,0.000000,0.000000,-0.006776,-0.002554,-0.000024,0.000000,0.677705,0.255430,0.768661,-1.034984,-7.888885,-0.410045,-0.099828,-0.855790,0.299199,-0.246253,0.054836,-0.303726,-0.091047,0.008910,-0.076947
0.880000,0.880000,null,0.000000,0.000000,-0.006776,-0.002554,-0.000024,-0.000000,0.677705,0.255430,0.767848,-1.036347,-7.896625,-0.410164,-0.099339,-0.856147,0.298178,-0.246253,0.054836,-0.303726,-0.091047,0.008911,-0.076947
0.900000,0.900000,null,0.000000,0.000000,-0.006776,-0.002554,-0.000024,-0.000000,0.677705,0.255430,0.767031,-1.037708,-7.904366,-0.410282,-0.098850,-0.856502,0.297157,-0.246253,0.054836,-0.303726,-0.091047,0.008911,-0.076948
0.920000,0.920000,null,0.000000,0.000000,-0.006776,-0.002554,-0.000024,0.000000,0.677705,0.255430,0.766211,-1.039067,-7.912107,-0.410400,-0.098360,-0.856856,0.296135,-0.246253,0.054836,-0.303726,-0.091047,0.008911,-0.076948
0.940000,0.940000,null,0.000000,0.000000,-0.006776,-0.002554,-0.000024,0.000000,0.677705,0.255430,0.765388,-1.040424,-7.919846,-0.410517,-0.097871,-0.857208,0.295113,-0.246253,0.054836,-0.303726,-0.091047,0.008911,-0.076949
0.960000,0.960000,null,0.000000,0.000000,-0.006776,-0.002554,-0.000024,0.000000,0.677705,0.255430,0.764561,-1.041780,-7.927588,-0.410633,-0.097381,-0.857560,0.294090,-0.246253,0.054836,-0.303726,-0.091047,0.008911,-0.076949
0.980000,0.980000,null,0.000000,0.000000,-0.006776,-0.002554,-0.000024,0.000000,0.677705,0.255430,0.763731,-1.043133,-7.935327,-0.410749,-0.096891,-0.857910,0.293067,-0.246253,0.054836,-0.303726,-0.091047,0.008912,-0.076949
1.000000,1.000000,null,0.000000,0.000000,-0.006776,-0.002554,-0.000024,-0.000000,0.677705,0.255430,0.762899,-1.044484,-7.943068,-0.410864,-0.096401,-0.858259,0.292043,-0.246253,0.054836,-0.303726,-0.091047,0.008912,-0.076950
1.020000,1.020000,null,0.000000,0.000000,-0.006776,-0.002554,-0.000024,-0.000000,0.677704,0.255430,0.762062,-1.045833,-7.950806,-0.410979,-0.095911,-0.858606,0.291020,-0.246253,0.054836,-0.303726,-0.091047,0.008912,-0.076950
1.040000,1.040000,null,0.000000,0.000000,-0.006776,-0.002554,-0.000024,-0.000000,0.677705,0.255430,0.761223,-1.047181,-7.958546,-0.411093,-0.095421,-0.858953,0.289995,-0.246253,0.054836,-0.303726,-0.091047,0.008912,-0.076950
1.060000,1.060000,null,0.000000,0.000000,-0.006776,-0.002554,-0.000024,-0.000000,0.677705,0.255430,0.760380,-1.048526,-7.966287,-0.411207,-0.094931,-0.859298,0.288971,-0.246253,0.054836,-0.303726,-0.091047,0.008912,-0.076950
1.080000,1.080000,null,0.000000,0.000000,-0.006776,-0.002554,-0.000024,0.000000,0.677705,0.255430,0.759534,-1.049869,-7.974028,-0.411319,-0.094440,-0.859642,0.287946,-0.246253,0.054836,-0.303726,-0.091047,0.008913,-0.076950
1.100000,1.100000,null,0.000000,0.000000,-0.006776,-0.002554,-0.000024,-0.000000,0.677704,0.255429,0.758685,-1.051211,-7.981770,-0.411432,-0.093950,-0.859985,0.286920,-0.246253,0.054836,-0.303726,-0.091047,0.008913,-0.076950
1.120000,1.120000,null,0.000000,0.000000,-0.006776,-0.002554,-0.000024,0.000000,0.677704,0.255429,0.757833,-1.052550,-7.989508,-0.411544,-0.093459,-0.860327,0.285894,-0.246253,0.054836,-0.303726,-0.091048,0.008913,-0.076950
1.140000,1.140000,null,0.000000,0.000000,-0.006776,-0.002554,-0.000024,0.000000,0.677704,0.255429,0.756977,-1.053887,-7.997250,-0.411655,-0.092968,-0.860667,0.284868,-0.246253,0.054836,-0.303726,-0.091048,0.008913,-0.076950
1.160000,1.160000,null,0.000000,0.000000,-0.006776,-0.002554,-0.000024,0.000000,0.677704,0.255429,0.756119,-1.055222,-8.004991,-0.411765,-0.092477,-0.861006,0.283841,-0.246253,0.054836,-0.303726,-0.091048,0.008914,-0.076950
1.180000,1.180000,null,0.000000,0.000000,-0.006776,-0.002554,-0.000024,0.000000,0.677704,0.255429,0.755257,-1.056556,-8.012731,-0.411875,-0.091986,-0.861344,0.282814,-0.246253,0.054836,-0.303726,-0.091048,0.008914,-0.076950
1.200000,1.200000,null,0.000000,0.000000,-0.006776,-0.002554,-0.000024,-0.000000,0.677704,0.255429,0.754392,-1.057886,-8.020472,-0.411985,-0.091494,-0.861681,0.281787,-0.246253,0.054836,-0.303726,-0.091048,0.008914,-0.076950
1.220000,1.220000,null,0.000000,0.000000,-0.006776,-0.002554,-0.000024,0.000000,0.677704,0.255429,0.753524,-1.059215,-8.028211,-0.412094,-0.091003,-0.862016,0.280759,-0.246253,0.054836,-0.303726,-0.091048,0.008914,-0.076950
1.240000,1.240000,null,0.000000,0.000000,-0.006776,-0.002554,-0.000024,-0.000000,0.677704,0.255429,0.752653,-1.060542,-8.035952,-0.412202,-0.090511,-0.862350,0.279731,-0.246253,0.054836,-0.303726,-0.091048,0.008914,-0.076950
1.260000,1.260000,null,0.000000,0.000000,-0.006776,-0.002554,-0.000024,-0.000000,0.677704,0.255429,0.751778,-1.061867,-8.043692,-0.412310,-0.090020,-0.862683,0.278702,-0.246253,0.054836,-0.303726,-0.091048,0.008914,-0.076950
1.280000,1.280000,null,0.000000,0.000000,-0.006776,-0.002554,-0.000024,-0.000000,0.677704,0.255429,0.750900,-1.063190,-8.051432,-0.412417,-0.089528,-0.863015,0.277673,-0.246253,0.054836,-0.303726,-0.091048,0.008914,-0.076951
1.300000,1.300000,null,0.000000,0.000000,-0.006776,-0.002554,-0.000024,0.000000,0.677705,0.255430,0.750020,-1.064510,-8.059172,-0.412523,-0.089036,-0.863346,0.276644,-0.246253,0.054836,-0.303726,-0.091047,0.008914,-0.076951
1.320000,1.320000,null,0.000000,0.000000,-0.006776,-0.002554,-0.000024,-0.000000,0.677705,0.255430,0.749136,-1.065829,-8.066914,-0.412629,-0.088544,-0.863675,0.275613,-0.246253,0.054836,-0.303726,-0.091047,0.008914,-0.076952
1.340000,1.340000,null,0.000000,0.000000,-0.006776,-0.002554,-0.000024,-0.000000,0.677705,0.255430,0.748249,-1.067145,-8.074653,-0.412734,-0.088051,-0.864003,0.274583,-0.246253,0.054836,-0.303726,-0.091047,0.008914,-0.076952
1.360000,1.360000,null,0.000000,0.000000,-0.006776,-0.002554,-0.000024,-0.000000,0.677706,0.255430,0.747358,-1.068460,-8.082396,-0.412839,-0.087559,-0.864330,0.273553,-0.246253,0.054836,-0.303726,-0.091046,0.008914,-0.076952
1.380000,1.380000,null,0.000000,0.000000,-0.006776,-0.002554,-0.000024,0.000000,0.677705,0.255430,0.746465,-1.069772,-8.090134,-0.412943,-0.087066,-0.864656,0.272522,-0.246253,0.054836,-0.303726,-0.091046,0.008914,-0.076952
1.400000,1.400000,null,0.000000,0.000000,-0.006776,-0.002554,-0.000024,-0.000000,0.677706,0.255430,0.745569,-1.071081,-8.097871,-0.413047,-0.086574,-0.864980,0.271490,-0.246253,0.054836,-0.303726,-0.091046,0.008914,-0.076953
1.420000,1.420000,null,0.000000,0.000000,-0.006776,-0.002554,-0.000024,-0.000000,0.677706,0.255430,0.744669,-1.072389,-8.105612,-0.413150,-0.086081,-0.865303,0.270459,-0.246253,0.054836,-0.303726,-0.091045,0.008914,-0.076953
1.440000,1.440000,null,0.000000,0.000000,-0.006776,-0.002554,-0.000024,-0.000000,0.677706,0.255430,0.743766,-1.073695,-8.113352,-0.413252,-0.085588,-0.865625,0.269426,-0.246253,0.054836,-0.303726,-0.091045,0.008914,-0.076954
1.460000,1.460000,null,0.000000,0.000000,-0.006776,-0.002554,-0.000024,-0.000000,0.677707,0.255430,0.742861,-1.074998,-8.121087,-0.413354,-0.085095,-0.865946,0.268394,-0.246253,0.054837,-0.303726,-0.091044,0.008914,-0.076954
1.480000,1.480000,null,0.000000,0.000000,-0.006776,-0.002554,-0.000024,0.000000,0.677706,0.255431,0.741952,-1.076299,-8.128828,-0.413455,-0.084602,-0.866265,0.267361,-0.246253,0.054837,-0.303726,-0.091044,0.008914,-0.076955
1.500000,1.500000,null,0.000000,0.000000,-0.006776,-0.002554,-0.000024,-0.000000,0.677707,0.255431,0.741040,-1.077599,-8.136570,-0.413556,-0.084109,-0.866584,0.266328,-0.246253,0.054837,-0.303726,-0.091044,0.008914,-0.076956
1.520000,1.520000,null,0.000000,0.000000,-0.006776,-0.002554,-0.000024,-0.000000,0.677707,0.255431,0.740125,-1.078896,-8.144307,-0.413656,-0.083616,-0.866900,0.265294,-0.246253,0.054837,-0.303726,-0.091043,0.008914,-0.076956
1.540000,1.540000,null,0.000000,0.000000,-0.006776,-0.002554,-0.000024,-0.000000,0.677707,0.255431,0.739206,-1.080190,-8.152047,-0.413755,-0.083122,-0.867216,0.264260,-0.246253,0.054837,-0.303726,-0.091043,0.008914,-0.076957
1.560000,1.560000,null,0.000000,0.000000,-0.006776,-0.002554,-0.000024,0.000000,0.677708,0.255431,0.738285,-1.081483,-8.159787,-0.413854,-0.082629,-0.867531,0.263225,-0.246253,0.054837,-0.303726,-0.091042,0.008914,-0.076957
1.580000,1.580000,null,0.000000,0.000000,-0.006776,-0.002554,-0.000024,-0.000000,0.677708,0.255431,0.737360,-1.082773,-8.167525,-0.413952,-0.082135,-0.867844,0.262191,-0.246253,0.054837,-0.303726,-0.091042,0.008914,-0.076958
1.600000,1.600000,null,0.000000,0.000000,-0.006776,-0.002554,-0.000024,0.000000,0.677708,0.255431,0.736433,-1.084061,-8.175265,-0.414050,-0.081641,-0.868156,0.261156,-0.246253,0.054837,-0.303726,-0.091041,0.008914,-0.076958
1.620000,1.620000,null,0.000000,0.000000,-0.006776,-0.002554,-0.000024,-0.000000,0.677708,0.255431,0.735502,-1.085347,-8.183005,-0.414147,-0.081147,-0.868467,0.260120,-0.246253,0.054837,-0.303726,-0.091041,0.008914,-0.076959
1.640000,1.640000,null,0.000000,0.000000,-0.006776,-0.002554,-0.000024,-0.000000,0.677708,0.255431,0.734568,-1.086630,-8.190745,-0.414243,-0.080653,-0.868777,0.259084,-0.246253,0.054837,-0.303726,-0.091040,0.008914,-0.076960
1.660000,1.660000,null,0.000000,0.000000,-0.006776,-0.002554,-0.000024,0.000000,0.677709,0.255431,0.733632,-1.087912,-8.198486,-0.414339,-0.080159,-0.869085,0.258048,-0.246253,0.054837,-0.303726,-0.091040,0.008914,-0.076960
1.680000,1.680000,null,0.000000,0.000000,-0.006776,-0.002554,-0.000024,0.000000,0.677709,0.255431,0.732692,-1.089191,-8.206227,-0.414435,-0.079665,-0.869392,0.257011,-0.246253,0.054837,-0.303725,-0.091040,0.008914,-0.076961
1.700000,1.700000,null,0.000000,0.000000,-0.006776,-0.002554,-0.000024,-0.000000,0.677709,0.255431,0.731749,-1.090468,-8.213966,-0.414529,-0.079171,-0.869698,0.255974,-0.246253,0.054837,-0.303726,-0.091039,0.008914,-0.076961
1.720000,1.720000,null,0.000000,0.000000,-0.006776,-0.002554,-0.000024,0.000000,0.677709,0.255432,0.730804,-1.091743,-8.221710,-0.414624,-0.078676,-0.870003,0.254937,-0.246253,0.054837,-0.303725,-0.091039,0.008914,-0.076962
1.740000,1.740000,null,0.000000,0.000000,-0.006776,-0.002554,-0.000024,0.000000,0.677709,0.255432,0.729855,-1.093015,-8.229451,-0.414717,-0.078182,-0.870306,0.253899,-0.246254,0.054837,-0.303726,-0.091038,0.008914,-0.076962
1.760000,1.760000,null,0.000000,0.000000,-0.006776,-0.002554,-0.000024,-0.000000,0.677709,0.255432,0.728903,-1.094286,-8.237193,-0.414810,-0.077687,-0.870608,0.252861,-0.246254,0.054837,-0.303725,-0.091038,0.008915,-0.076963
1.780000,1.780000,null,0.000000,0.000000,-0.006776,-0.002554,-0.000024,0.000000,0.677709,0.255432,0.727948,-1.095554,-8.244932,-0.414902,-0.077193,-0.870909,0.251822,-0.246254,0.054837,-0.303725,-0.091038,0.008915,-0.076963
1.800000,1.800000,null,0.000000,0.000000,-0.006776,-0.002554,-0.000024,-0.000000,0.677709,0.255432,0.726990,-1.096819,-8.252667,-0.414994,-0.076698,-0.871209,0.250784,-0.246254,0.054837,-0.303725,-0.091037,0.008915,-0.076964
1.820000,1.820000,null,0.000000,0.000000,-0.006776,-0.002554,-0.000024,-0.000000,0.677709,0.255432,0.726029,-1.098083,-8.260407,-0.415085,-0.076203,-0.871507,0.249744,-0.246254,0.054837,-0.303725,-0.091037,0.008915,-0.076964
1.840000,1.840000,null,0.000000,0.000000,-0.006776,-0.002554,-0.000024,0.000000,0.677710,0.255432,0.725065,-1.099344,-8.268148,-0.415176,-0.075708,-0.871805,0.248705,-0.246254,0.054837,-0.303725,-0.091037,0.008915,-0.076964
1.860000,1.860000,null,0.000000,0.000000,-0.006776,-0.002554,-0.000024,-0.000000,0.677710,0.255432,0.724098,-1.100602,-8.275887,-0.415266,-0.075213,-0.872100,0.247665,-0.246254,0.054837,-0.303725,-0.091037,0.008915,-0.076965
1.880000,1.880000,null,0.000000,0.000000,-0.006776,-0.002554,-0.000024,-0.000000,0.677709,0.255432,0.723128,-1.101859,-8.283627,-0.415355,-0.074717,-0.872395,0.246625,-0.246254,0.054837,-0.303725,-0.091036,0.008915,-0.076965
1.900000,1.900000,null,0.000000,0.000000,-0.006776,-0.002554,-0.000024,-0.000000,0.677709,0.255432,0.722155,-1.103113,-8.291368,-0.415444,-0.074222,-0.872689,0.245585,-0.246254,0.054837,-0.303725,-0.091036,0.008915,-0.076965
1.920000,1.920000,null,0.000000,0.000000,-0.006776,-0.002554,-0.000024,-0.000000,0.677710,0.255432,0.721179,-1.104365,-8.299105,-0.415532,-0.073727,-0.872981,0.244544,-0.246254,0.054837,-0.303725,-0.091036,0.008915,-0.076965
1.940000,1.940000,null,0.000000,0.000000,-0.006776,-0.002554,-0.000024,0.000000,0.677709,0.255432,0.720200,-1.105614,-8.306845,-0.415620,-0.073231,-0.873272,0.243503,-0.246254,0.054837,-0.303725,-0.091036,0.008915,-0.076966
1.960000,1.960000,null,0.000000,0.000000,-0.006776,-0.002554,-0.000024,0.000000,0.677710,0.255432,0.719218,-1.106861,-8.314585,-0.415707,-0.072735,-0.873562,0.242461,-0.246254,0.054837,-0.303725,-0.091035,0.008915,-0.076966
1.980000,1.980000,null,0.000000,0.000000,-0.006776,-0.002554,-0.000024,-0.000000,0.677710,0.255432,0.718233,-1.108106,-8.322326,-0.415793,-0.072240,-0.873850,0.241419,-0.246254,0.054837,-0.303725,-0.091035,0.008915,-0.076966
2.000000,2.000000,null,0.000000,0.000000,-0.006776,-0.002554,-0.000024,0.000000,0.677710,0.255432,0.717245,-1.109349,-8.330065,-0.415879,-0.071744,-0.874137,0.240377,-0.246254,0.054837,-0.303725,-0.091035,0.008915,-0.076966
2.020000,2.020000,null,0.000000,0.000000,-0.006776,-0.002554,-0.000024,-0.000000,0.677710,0.255432,0.716254,-1.110589,-8.337807,-0.415964,-0.071248,-0.874424,0.239334,-0.246254,0.054837,-0.303725,-0.091035,0.008915,-0.076967
2.040000,2.040000,null,0.000000,0.000000,-0.006776,-0.002554,-0.000024,0.000000,0.677710,0.255432,0.715261,-1.111827,-8.345546,-0.416049,-0.070752,-0.874708,0.238292,-0.246254,0.054837,-0.303725,-0.091035,0.008915,-0.076967
2.060000,2.060000,null,0.000000,0.000000,-0.006776,-0.002554,-0.000024,-0.000000,0.677710,0.255432,0.714264,-1.113062,-8.353288,-0.416133,-0.070255,-0.874992,0.237248,-0.246254,0.054837,-0.303725,-0.091035,0.008915,-0.076967
2.080000,2.080000,null,0.000000,0.000000,-0.006776,-0.002554,-0.000024,-0.000000,0.677710,0.255432,0.713264,-1.114295,-8.361028,-0.416217,-0.069759,-0.875274,0.236205,-0.246254,0.054837,-0.303725,-0.091034,0.008915,-0.076967
2.100000,2.100000,null,0.000000,0.000000,-0.006776,-0.002554,-0.000024,0.000000,0.677710,0.255432,0.712261,-1.115526,-8.368766,-0.416300,-0.069263,-0.875555,0.235161,-0.246254,0.054837,-0.303725,-0.091034,0.008915,-0.076967
2.120000,2.120000,null,0.000000,0.000000,-0.006776,-0.002554,-0.000024,0.000000,0.677710,0.255432,0.711256,-1.116754,-8.376507,-0.416382,-0.068766,-0.875835,0.234116,-0.246254,0.054837,-0.303725,-0.091034,0.008915,-0.076967
2.140000,2.140000,null,0.000000,0.000000,-0.006776,-0.002554,-0.000024,-0.000000,0.677710,0.255432,0.710247,-1.117980,-8.384245,-0.416464,-0.068270,-0.876113,0.233072,-0.246254,0.054837,-0.303725,-0.091034,0.008915,-0.076967
2.160000,2.160000,null,0.000000,0.000000,-0.006776,-0.002554,-0.000024,-0.000000,0.677710,0.255432,0.709236,-1.119203,-8.391984,-0.416545,-0.067773,-0.876391,0.232027,-0.246254,0.054837,-0.303725,-0.091034,0.008915,-0.076968
2.180000,2.180000,null,0.000000,0.000000,-0.006776,-0.002554,-0.000024,0.000000,0.677710,0.255432,0.708222,-1.120424,-8.399725,-0.416625,-0.067276,-0.876667,0.230982,-0.246254,0.054837,-0.303725,-0.091034,0.008915,-0.076968
2.200000,2.200000,null,0.000000,0.000000,-0.006776,-0.002554,-0.000024,-0.000000,0.677710,0.255432,0.707205,-1.121642,-8.407465,-0.416705,-0.066780,-0.876942,0.229936,-0.246254,0.054837,-0.303725,-0.091034,0.008915,-0.076968
2.220000,2.220000,null,0.000000,0.000000,-0.006776,-0.002554,-0.000024,0.000000,0.677710,0.255432,0.706185,-1.122859,-8.415204,-0.416784,-0.066283,-0.877215,0.228890,-0.246254,0.054836,-0.303725,-0.091034,0.008916,-0.076968
2.240000,2.240000,null,0.000000,0.000000,-0.006776,-0.002554,-0.000024,-0.000000,0.677710,0.255432,0.705162,-1.124072,-8.422945,-0.416863,-0.065786,-0.877488,0.227844,-0.246254,0.054836,-0.303726,-0.091034,0.008916,-0.076968
2.260000,2.260000,null,0.000000,0.000000,-0.006776,-0.002554,-0.000024,-0.000000,0.677710,0.255432,0.704136,-1.125283,-8.430686,-0.416941,-0.065289,-0.877759,0.226797,-0.246254,0.054836,-0.303726,-0.091034,0.008916,-0.076968
2.280000,2.280000,null,0.000000,0.000000,-0.006776,-0.002554,-0.000024,0.000000,0.677710,0.255432,0.703107,-1.126492,-8.438427,-0.417019,-0.064791,-0.878028,0.225751,-0.246254,0.054836,-0.303726,-0.091034,0.008916,-0.076968
2.300000,2.300000,null,0.000000,0.000000,-0.006776,-0.002554,-0.000024,0.000000,0.677710,0.255432,0.702075,-1.127699,-8.446168,-0.417096,-0.064294,-0.878297,0.224703,-0.246254,0.054836,-0.303726,-0.091033,0.008916,-0.076968
2.320000,2.320000,null,0.000000,0.000000,-0.006776,-0.002554,-0.000024,-0.000000,0.677709,0.255432,0.701041,-1.128903,-8.453905,-0.417172,-0.063797,-0.878564,0.223656,-0.246254,0.054836,-0.303726,-0.091033,0.008916,-0.076967
2.340000,2.340000,null,0.000000,0.000000,-0.006776,-0.002554,-0.000024,-0.000000,0.677709,0.255432,0.700003,-1.130104,-8.461644,-0.417248,-0.063299,-0.878830,0.222608,-0.246254,0.054836,-0.303726,-0.091034,0.008916,-0.076967
2.360000,2.360000,null,0.000000,0.000000,-0.006776,-0.002554,-0.000024,-0.000000,0.677709,0.255432,0.698963,-1.131303,-8.469385,-0.417323,-0.062802,-0.879095,0.221560,-0.246254,0.054836,-0.303726,-0.091034,0.008916,-0.076967
2.380000,2.380000,null,0.000000,0.000000,-0.006776,-0.002554,-0.000024,-0.000000,0.677709,0.255432,0.697920,-1.132499,-8.477125,-0.417398,-0.062304,-0.879359,0.220512,-0.246254,0.054836,-0.303726,-0.091034,0.008916,-0.076967
2.400000,2.400000,null,0.000000,0.000000,-0.006776,-0.002554,-0.000024,-0.000000,0.677709,0.255432,0.696874,-1.133693,-8.484865,-0.417472,-0.061806,-0.879621,0.219463,-0.246254,0.054836,-0.303726,-0.091034,0.008916,-0.076967
2.420000,2.420000,null,0.000000,0.000000,-0.006776,-0.002554,-0.000024,-0.000000,0.677709,0.255431,0.695825,-1.134885,-8.492607,-0.417545,-0.061309,-0.879882,0.218414,-0.246254,0.054836,-0.303726,-0.091034,0.008916,-0.076967
2.440000,2.440000,null,0.000000,0.000000,-0.006776,-0.002554,-0.000024,0.000000,0.677708,0.255431,0.694773,-1.136074,-8.500345,-0.417618,-0.060811,-0.880142,0.217364,-0.246254,0.054835,-0.303726,-0.091034,0.008916,-0.076966
2.460000,2.460000,null,0.000000,0.000000,-0.006776,-0.002554,-0.000024,0.000000,0.677708,0.255431,0.693719,-1.137260,-8.508085,-0.417690,-0.060313,-0.880401,0.216315,-0.246254,0.054835,-0.303726,-0.091035,0.008916,-0.076965
2.480000,2.480000,null,0.000000,0.000000,-0.006776,-0.002554,-0.000024,-0.000000,0.677708,0.255431,0.692662,-1.138444,-8.515826,-0.417762,-0.059815,-0.880658,0.215264,-0.246254,0.054835,-0.303726,-0.091035,0.008916,-0.076965
2.500000,2.500000,null,0.000000,0.000000,-0.006776,-0.002554,-0.000024,0.000000,0.677707,0.255431,0.691601,-1.139626,-8.523561,-0.417833,-0.059317,-0.880914,0.214214,-0.246254,0.054835,-0.303726,-0.091035,0.008916,-0.076964
2.520000,2.520000,null,0.000000,0.000000,-0.006776,-0.002554,-0.000024,-0.000000,0.677707,0.255431,0.690539,-1.140804,-8.531301,-0.417903,-0.058819,-0.881169,0.213164,-0.246254,0.054835,-0.303726,-0.091036,0.008916,-0.076963
2.540000,2.540000,null,0.000000,0.000000,-0.006776,-0.002554,-0.000024,0.000000,0.677707,0.255431,0.689473,-1.141981,-8.539041,-0.417973,-0.058321,-0.881422,0.212113,-0.246254,0.054835,-0.303726,-0.091036,0.008916,-0.076962
2.560000,2.560000,null,0.000000,0.000000,-0.006776,-0.002554,-0.000024,0.000000,0.677706,0.255430,0.688404,-1.143155,-8.546780,-0.418043,-0.057822,-0.881675,0.211061,-0.246254,0.054834,-0.303726,-0.091037,0.008916,-0.076962
2.580000,2.580000,null,0.000000,0.000000,-0.006776,-0.002554,-0.000024,0.000000,0.677706,0.255430,0.687333,-1.144326,-8.554518,-0.418111,-0.057324,-0.881926,0.210010,-0.246254,0.054834,-0.303726,-0.091038,0.008916,-0.076961
2.600000,2.600000,null,0.000000,0.000000,-0.006776,-0.002554,-0.000024,-0.000000,0.677705,0.255430,0.686259,-1.145494,-8.562260,-0.418179,-0.056825,-0.882176,0.208958,-0.246254,0.054834,-0.303726,-0.091038,0.008917,-0.076960
2.620000,2.620000,null,0.000000,0.000000,-0.006776,-0.002554,-0.000024,-0.000000,0.677705,0.255430,0.685182,-1.146660,-8.569999,-0.418247,-0.056327,-0.882424,0.207906,-0.246254,0.054834,-0.303726,-0.091039,0.008917,-0.076958
2.640000,2.640000,null,0.000000,0.000000,-0.006776,-0.002554,-0.000024,-0.000000,0.677705,0.255430,0.684102,-1.147824,-8.577737,-0.418313,-0.055828,-0.882671,0.206854,-0.246254,0.054834,-0.303726,-0.091039,0.008917,-0.076957
2.660000,2.660000,null,0.000000,0.000000,-0.006776,-0.002554,-0.000024,0.000000,0.677704,0.255430,0.683019,-1.148985,-8.585479,-0.418380,-0.055329,-0.882917,0.205801,-0.246254,0.054834,-0.303726,-0.091040,0.008917,-0.076956
2.680000,2.680000,null,0.000000,0.000000,-0.006776,-0.002554,-0.000024,-0.000000,0.677704,0.255429,0.681934,-1.150143,-8.593216,-0.418446,-0.054830,-0.883162,0.204748,-0.246254,0.054834,-0.303726,-0.091040,0.008917,-0.076955
2.700000,2.700000,null,0.000000,0.000000,-0.006776,-0.002554,-0.000024,-0.000000,0.677704,0.255429,0.680846,-1.151299,-8.600956,-0.418510,-0.054331,-0.883406,0.203694,-0.246254,0.054833,-0.303726,-0.091041,0.008917,-0.076955
2.720000,2.720000,null,0.000000,0.000000,-0.006776,-0.002554,-0.000024,-0.000000,0.677703,0.255429,0.679755,-1.152452,-8.608696,-0.418575,-0.053832,-0.883648,0.202641,-0.246254,0.054833,-0.303726,-0.091041,0.008917,-0.076954
2.740000,2.740000,null,0.000000,0.000000,-0.006776,-0.002554,-0.000024,-0.000000,0.677703,0.255429,0.678662,-1.153603,-8.616437,-0.418639,-0.053333,-0.883889,0.201587,-0.246254,0.054833,-0.303726,-0.091042,0.008918,-0.076953
2.760000,2.760000,null,0.000000,0.000000,-0.006776,-0.002554,-0.000024,-0.000000,0.677703,0.255429,0.677565,-1.154751,-8.624174,-0.418702,-0.052834,-0.884129,0.200533,-0.246254,0.054833,-0.303726,-0.091042,0.008918,-0.076952
2.780000,2.780000,null,0.000000,0.000000,-0.006776,-0.002554,-0.000024,0.000000,0.677702,0.255429,0.676466,-1.155896,-8.631915,-0.418765,-0.052334,-0.884367,0.199478,-0.246254,0.054833,-0.303726,-0.091043,0.008918,-0.076951
2.800000,2.800000,null,0.000000,0.000000,-0.006776,-0.002554,-0.000024,0.000000,0.677702,0.255429,0.675365,-1.157039,-8.639655,-0.418827,-0.051835,-0.884604,0.198424,-0.246254,0.054833,-0.303726,-0.091043,0.008918,-0.076950
2.820000,2.820000,null,0.000000,0.000000,-0.006776,-0.002554,-0.000024,0.000000,0.677702,0.255428,0.674260,-1.158179,-8.647391,-0.418888,-0.051335,-0.884840,0.197369,-0.246254,0.054833,-0.303726,-0.091043,0.008918,-0.076949
2.840000,2.840000,null,0.000000,0.000000,-0.006776,-0.002554,-0.000024,-0.000000,0.677701,0.255428,0.673153,-1.159317,-8.655134,-0.418950,-0.050836,-0.885075,0.196313,-0.246254,0.054833,-0.303726,-0.091044,0.008918,-0.076948
2.860000,2.860000,null,0.000000,0.000000,-0.006776,-0.002554,-0.000024,-0.000000,0.677701,0.255428,0.672043,-1.160451,-8.662874,-0.419010,-0.050336,-0.885309,0.195258,-0.246254,0.054833,-0.303726,-0.091044,0.008918,-0.076947
2.880000,2.880000,null,0.000000,0.000000,-0.006776,-0.002554,-0.000024,-0.000000,0.677701,0.255428,0.670931,-1.161583,-8.670615,-0.419069,-0.049836,-0.885541,0.194202,-0.246254,0.054833,-0.303726,-0.091044,0.008918,-0.076947
2.900000,2.900000,null,0.000000,0.000000,-0.006776,-0.002554,-0.000024,-0.000000,0.677701,0.255428,0.669816,-1.162713,-8.678355,-0.419129,-0.049337,-0.885772,0.193146,-0.246254,0.054833,-0.303726,-0.091045,0.008918,-0.076946
2.920000,2.920000,null,0.000000,0.000000,-0.006776,-0.002554,-0.000024,0.000000,0.677701,0.255428,0.668698,-1.163839,-8.686094,-0.419187,-0.048837,-0.886002,0.192090,-0.246254,0.054833,-0.303726,-0.091045,0.008918,-0.076945
2.940000,2.940000,null,0.000000,0.000000,-0.006776,-0.002554,-0.000024,-0.000000,0.677701,0.255428,0.667577,-1.164963,-8.693832,-0.419245,-0.048337,-0.886230,0.191033,-0.246254,0.054833,-0.303726,-0.091045,0.008918,-0.076945
2.960000,2.960000,null,0.000000,0.000000,-0.006776,-0.002554,-0.000024,0.000000,0.677701,0.255428,0.666454,-1.166085,-8.701573,-0.419302,-0.047837,-0.886457,0.189976,-0.246254,0.054833,-0.303726,-0.091045,0.008918,-0.076944
2.980000,2.980000,null,0.000000,0.000000,-0.006776,-0.002554,-0.000024,0.000000,0.677701,0.255428,0.665328,-1.167203,-8.709311,-0.419359,-0.047337,-0.886683,0.188919,-0.246254,0.054833,-0.303726,-0.091045,0.008918,-0.076944
3.000000,3.000000,null,0.000000,0.000000,-0.006776,-0.002554,-0.000024,0.000000,0.677701,0.255428,0.664199,-1.168320,-8.717048,-0.419415,-0.046837,-0.886908,0.187862,-0.246254,0.054833,-0.303726,-0.091045,0.008918,-0.076944
3.020000,3.020000,null,0.000000,0.000000,-0.006776,-0.002554,-0.000024,-0.000000,0.677701,0.255428,0.663068,-1.169433,-8.724790,-0.419471,-0.046336,-0.887131,0.186804,-0.246253,0.054833,-0.303726,-0.091044,0.008918,-0.076943
3.040000,3.040000,null,0.000000,0.000000,-0.006776,-0.002554,-0.000024,-0.000000,0.677702,0.255428,0.661934,-1.170544,-8.732528,-0.419526,-0.045836,-0.887353,0.185746,-0.246254,0.054833,-0.303726,-0.091044,0.008918,-0.076943
3.060000,3.060000,null,0.000000,0.000000,-0.006776,-0.002554,-0.000024,0.000000,0.677702,0.255428,0.660797,-1.171651,-8.740267,-0.419580,-0.045335,-0.887574,0.184687,-0.246253,0.054833,-0.303726,-0.091044,0.008918,-0.076943
3.080000,3.080000,null,0.000000,0.000000,-0.006776,-0.002554,-0.000024,-0.000000,0.677702,0.255428,0.659658,-1.172757,-8.748008,-0.419634,-0.044835,-0.887794,0.183629,-0.246253,0.054833,-0.303726,-0.091044,0.008918,-0.076943
3.100000,3.100000,null,0.000000,0.000000,-0.006776,-0.002554,-0.000024,-0.000000,0.677702,0.255428,0.658516,-1.173860,-8.755748,-0.419687,-0.044334,-0.888012,0.182570,-0.246254,0.054833,-0.303726,-0.091044,0.008918,-0.076943
3.120000,3.120000,null,0.000000,0.000000,-0.006776,-0.002554,-0.000024,0.000000,0.677702,0.255429,0.657371,-1.174960,-8.763484,-0.419740,-0.043834,-0.888229,0.181511,-0.246253,0.054833,-0.303726,-0.091044,0.008918,-0.076943
3.140000,3.140000,null,0.000000,0.000000,-0.006776,-0.002554,-0.000024,0.000000,0.677702,0.255428,0.656224,-1.176057,-8.771224,-0.419792,-0.043333,-0.888445,0.180451,-0.246253,0.054834,-0.303726,-0.091044,0.008918,-0.076943
3.160000,3.160000,null,0.000000,0.000000,-0.006776,-0.002554,-0.000024,-0.000000,0.677702,0.255429,0.655075,-1.177152,-8.778966,-0.419843,-0.042832,-0.888660,0.179391,-0.246254,0.054834,-0.303726,-0.091043,0.008918,-0.076944
3.180000,3.180000,null,0.000000,0.000000,-0.006776,-0.002554,-0.000024,0.000000,0.677702,0.255429,0.653922,-1.178243,-8.786704,-0.419894,-0.042332,-0.888873,0.178331,-0.246253,0.054834,-0.303726,-0.091043,0.008918,-0.076944
3.200000,3.200000,null,0.000000,0.000000,-0.006776,-0.002554,-0.000024,0.000000,0.677703,0.255429,0.652767,-1.179332,-8.794446,-0.419944,-0.041831,-0.889085,0.177271,-0.246253,0.054834,-0.303726,-0.091043,0.008918,-0.076944
3.220000,3.220000,null,0.000000,0.000000,-0.006776,-0.002554,-0.000024,-0.000000,0.677703,0.255429,0.651610,-1.180419,-8.802185,-0.419994,-0.041330,-0.889296,0.176211,-0.246254,0.054834,-0.303726,-0.091043,0.008917,-0.076944
3.240000,3.240000,null,0.000000,0.000000,-0.006776,-0.002554,-0.000024,-0.000000,0.677703,0.255429,0.650450,-1.181502,-8.809924,-0.420043,-0.040829,-0.889505,0.175150,-0.246253,0.054834,-0.303726,-0.091042,0.008917,-0.076944
3.260000,3.260000,null,0.000000,0.000000,-0.006776,-0.002554,-0.000024,-0.000000,0.677703,0.255429,0.649287,-1.182583,-8.817663,-0.420091,-0.040328,-0.889713,0.174089,-0.246254,0.054834,-0.303726,-0.091042,0.008917,-0.076945
3.280000,3.280000,null,0.000000,0.000000,-0.006776,-0.002554,-0.000024,-0.000000,0.677703,0.255429,0.648122,-1.183661,-8.825403,-0.420139,-0.039827,-0.889920,0.173028,-0.246253,0.054834,-0.303726,-0.091042,0.008917,-0.076945
3.300000,3.300000,null,0.000000,0.000000,-0.006776,-0.002554,-0.000024,-0.000000,0.677703,0.255429,0.646954,-1.184736,-8.833142,-0.420186,-0.039326,-0.890126,0.171966,-0.246253,0.054834,-0.303726,-0.091042,0.008917,-0.076945
3.320000,3.320000,null,0.000000,0.000000,-0.006776,-0.002554,-0.000024,0.000000,0.677704,0.255429,0.645783,-1.185808,-8.840884,-0.420233,-0.038824,-0.890331,0.170905,-0.246254,0.054834,-0.303726,-0.091041,0.008917,-0.076946
3.340000,3.340000,null,0.000000,0.000000,-0.006776,-0.002554,-0.000024,-0.000000,0.677704,0.255429,0.644610,-1.186877,-8.848624,-0.420279,-0.038323,-0.890534,0.169843,-0.246254,0.054834,-0.303726,-0.091041,0.008917,-0.076946
3.360000,3.360000,null,0.000000,0.000000,-0.006776,-0.002554,-0.000024,-0.000000,0.677704,0.255429,0.643435,-1.187944,-8.856361,-0.420324,-0.037822,-0.890736,0.168781,-0.246253,0.054834,-0.303726,-0.091041,0.008917,-0.076946
3.380000,3.380000,null,0.000000,0.000000,-0.006776,-0.002554,-0.000024,-0.000000,0.677704,0.255430,0.642257,-1.189008,-8.864103,-0.420369,-0.037321,-0.890936,0.167718,-0.246254,0.054834,-0.303726,-0.091041,0.008917,-0.076947
3.400000,3.400000,null,0.000000,0.000000,-0.006776,-0.002554,-0.000024,-0.000000,0.677704,0.255429,0.641076,-1.190069,-8.871842,-0.420413,-0.036819,-0.891136,0.166656,-0.246254,0.054834,-0.303726,-0.091040,0.008917,-0.076947
3.420000,3.420000,null,0.000000,0.000000,-0.006776,-0.002554,-0.000024,-0.000000,0.677704,0.255429,0.639893,-1.191127,-8.879583,-0.420457,-0.036318,-0.891334,0.165593,-0.246254,0.054835,-0.303726,-0.091040,0.008917,-0.076948
3.440000,3.440000,null,0.000000,0.000000,-0.006776,-0.002554,-0.000024,0.000000,0.677704,0.255430,0.638708,-1.192183,-8.887322,-0.420500,-0.035816,-0.891531,0.164530,-0.246254,0.054835,-0.303726,-0.091040,0.008917,-0.076948
3.460000,3.460000,null,0.000000,0.000000,-0.006776,-0.002554,-0.000024,0.000000,0.677704,0.255430,0.637519,-1.193235,-8.895064,-0.420542,-0.035315,-0.891726,0.163466,-0.246254,0.054835,-0.303726,-0.091040,0.008917,-0.076948
3.480000,3.480000,null,0.000000,0.000000,-0.006776,-0.002554,-0.000024,-0.000000,0.677704,0.255430,0.636329,-1.194285,-8.902802,-0.420584,-0.034813,-0.891921,0.162403,-0.246254,0.054835,-0.303726,-0.091040,0.008917,-0.076949
3.500000,3.500000,null,0.000000,0.000000,-0.006776,-0.002554,-0.000024,0.000000,0.677704,0.255430,0.635136,-1.195333,-8.910544,-0.420625,-0.034312,-0.892114,0.161339,-0.246254,0.054835,-0.303726,-0.091040,0.008917,-0.076949
3.520000,3.520000,null,0.000000,0.000000,-0.006776,-0.002554,-0.000024,-0.000000,0.677705,0.255430,0.633940,-1.196377,-8.918282,-0.420666,-0.033810,-0.892305,0.160275,-0.246254,0.054835,-0.303726,-0.091040,0.008917,-0.076949
3.540000,3.540000,null,0.000000,0.000000,-0.006776,-0.002554,-0.000024,-0.000000,0.677705,0.255430,0.632742,-1.197418,-8.926022,-0.420706,-0.033308,-0.892496,0.159210,-0.246254,0.054835,-0.303726,-0.091040,0.008917,-0.076950
3.560000,3.560000,null,0.000000,0.000000,-0.006776,-0.002554,-0.000024,0.000000,0.677704,0.255430,0.631542,-1.198456,-8.933763,-0.420745,-0.032807,-0.892685,0.158146,-0.246254,0.054835,-0.303726,-0.091039,0.008917,-0.076950
3.580000,3.580000,null,0.000000,0.000000,-0.006776,-0.002554,-0.000024,-0.000000,0.677704,0.255430,0.630339,-1.199492,-8.941501,-0.420784,-0.032305,-0.892873,0.157081,-0.246254,0.054835,-0.303725,-0.091039,0.008917,-0.076950
3.600000,3.600000,null,0.000000,0.000000,-0.006776,-0.002554,-0.000024,0.000000,0.677705,0.255430,0.629133,-1.200524,-8.949243,-0.420822,-0.031803,-0.893060,0.156016,-0.246254,0.054835,-0.303726,-0.091039,0.008918,-0.076950
3.620000,3.620000,null,0.000000,0.000000,-0.006776,-0.002554,-0.000024,0.000000,0.677705,0.255430,0.627925,-1.201554,-8.956983,-0.420860,-0.031301,-0.893245,0.154951,-0.246254,0.054835,-0.303725,-0.091039,0.008918,-0.076950
3.640000,3.640000,null,0.000000,0.000000,-0.006776,-0.002554,-0.000024,-0.000000,0.677705,0.255430,0.626715,-1.202581,-8.964723,-0.420897,-0.030799,-0.893429,0.153886,-0.246254,0.054835,-0.303725,-0.091039,0.008918,-0.076951
3.660000,3.660000,null,0.000000,0.000000,-0.006776,-0.002554,-0.000024,0.000000,0.677705,0.255430,0.625502,-1.203605,-8.972464,-0.420933,-0.030297,-0.893612,0.152820,-0.246254,0.054834,-0.303726,-0.091039,0.008918,-0.076951
3.680000,3.680000,null,0.000000,0.000000,-0.006776,-0.002554,-0.000024,-0.000000,0.677705,0.255430,0.624286,-1.204626,-8.980204,-0.420969,-0.029795,-0.893794,0.151754,-0.246254,0.054834,-0.303725,-0.091039,0.008918,-0.076951
3.700000,3.700000,null,0.000000,0.000000,-0.006776,-0.002554,-0.000024,0.000000,0.677705,0.255430,0.623069,-1.205644,-8.987941,-0.421005,-0.029293,-0.893974,0.150688,-0.246254,0.054834,-0.303725,-0.091039,0.008918,-0.076951
3.720000,3.720000,null,0.000000,0.000000,-0.006776,-0.002554,-0.000024,0.000000,0.677704,0.255430,0.621848,-1.206659,-8.995682,-0.421039,-0.028791,-0.894153,0.149622,-0.246254,0.054834,-0.303726,-0.091039,0.008918,-0.076951
3.740000,3.740000,null,0.000000,0.000000,-0.006776,-0.002554,-0.000024,-0.000000,0.677704,0.255430,0.620626,-1.207672,-9.003424,-0.421073,-0.028289,-0.894331,0.148556,-0.246254,0.054834,-0.303725,-0.091040,0.008918,-0.076950
3.760000,3.760000,null,0.000000,0.000000,-0.006776,-0.002554,-0.000024,0.000000,0.677704,0.255430,0.619401,-1.208681,-9.011161,-0.421107,-0.027787,-0.894508,0.147489,-0.246254,0.054834,-0.303725,-0.091040,0.008918,-0.076950
3.780000,3.780000,null,0.000000,0.000000,-0.006776,-0.002554,-0.000024,0.000000,0.677704,0.255430,0.618173,-1.209687,-9.018903,-0.421139,-0.027285,-0.894683,0.146422,-0.246254,0.054834,-0.303726,-0.091040,0.008918,-0.076950
3.800000,3.800000,null,0.000000,0.000000,-0.006776,-0.002554,-0.000024,-0.000000,0.677704,0.255429,0.616944,-1.210691,-9.026644,-0.421172,-0.026783,-0.894857,0.145355,-0.246254,0.054834,-0.303725,-0.091040,0.008918,-0.076950
3.820000,3.820000,null,0.000000,0.000000,-0.006776,-0.002554,-0.000024,0.000000,0.677704,0.255429,0.615711,-1.211691,-9.034383,-0.421203,-0.026281,-0.895030,0.144288,-0.246254,0.054834,-0.303725,-0.091040,0.008918,-0.076950
3.840000,3.840000,null,0.000000,0.000000,-0.006776,-0.002554,-0.000024,0.000000,0.677703,0.255429,0.614477,-1.212689,-9.042123,-0.421234,-0.025778,-0.895201,0.143220,-0.246254,0.054834,-0.303725,-0.091041,0.008918,-0.076949
3.860000,3.860000,null,0.000000,0.000000,-0.006776,-0.002554,-0.000024,-0.000000,0.677703,0.255429,0.613240,-1.213684,-9.049862,-0.421265,-0.025276,-0.895371,0.142153,-0.246254,0.054834,-0.303725,-0.091041,0.008918,-0.076949
3.880000,3.880000,null,0.000000,0.000000,-0.006776,-0.002554,-0.000024,-0.000000,0.677703,0.255429,0.612000,-1.214675,-9.057601,-0.421295,-0.024774,-0.895540,0.141085,-0.246254,0.054834,-0.303725,-0.091041,0.008919,-0.076949
3.900000,3.900000,null,0.000000,0.000000,-0.006776,-0.002554,-0.000024,0.000000,0.677703,0.255429,0.610759,-1.215664,-9.065342,-0.421324,-0.024271,-0.895708,0.140017,-0.246254,0.054834,-0.303725,-0.091041,0.008919,-0.076948
3.920000,3.920000,null,0.000000,0.000000,-0.006776,-0.002554,-0.000024,0.000000,0.677703,0.255429,0.609514,-1.216650,-9.073082,-0.421353,-0.023769,-0.895874,0.138948,-0.246254,0.054834,-0.303725,-0.091042,0.008919,-0.076948
3.940000,3.940000,null,0.000000,0.000000,-0.006776,-0.002554,-0.000024,-0.000000,0.677703,0.255429,0.608268,-1.217632,-9.080821,-0.421381,-0.023266,-0.896039,0.137880,-0.246254,0.054834,-0.303725,-0.091042,0.008919,-0.076947
3.960000,3.960000,null,0.000000,0.000000,-0.006776,-0.002554,-0.000024,-0.000000,0.677703,0.255429,0.607019,-1.218612,-9.088563,-0.421408,-0.022764,-0.896203,0.136811,-0.246254,0.054834,-0.303725,-0.091042,0.008919,-0.076947
3.980000,3.980000,null,0.000000,0.000000,-0.006776,-0.002554,-0.000024,0.000000,0.677703,0.255429,0.605768,-1.219589,-9.096301,-0.421435,-0.022261,-0.896365,0.135743,-0.246254,0.054834,-0.303725,-0.091042,0.008919,-0.076947
4.000000,4.000000,null,0.000000,0.000000,-0.006776,-0.002554,-0.000024,-0.000000,0.677702,0.255429,0.604514,-1.220563,-9.104043,-0.421461,-0.021759,-0.896527,0.134674,-0.246254,0.054834,-0.303725,-0.091043,0.008919,-0.076947
4.020000,4.020000,null,0.000000,0.000000,-0.006776,-0.002554,-0.000024,-0.000000,0.677702,0.255429,0.603259,-1.221534,-9.111782,-0.421487,-0.021256,-0.896687,0.133604,-0.246254,0.054834,-0.303725,-0.091043,0.008919,-0.076946
4.040000,4.040000,null,0.000000,0.000000,-0.006776,-0.002554,-0.000024,-0.000000,0.677702,0.255429,0.602001,-1.222502,-9.119521,-0.421512,-0.020753,-0.896845,0.132535,-0.246254,0.054834,-0.303725,-0.091043,0.008919,-0.076946
4.060000,4.060000,null,0.000000,0.000000,-0.006776,-0.002554,-0.000024,-0.000000,0.677702,0.255429,0.600740,-1.223467,-9.127261,-0.421536,-0.020251,-0.897003,0.131465,-0.246254,0.054834,-0.303725,-0.091043,0.008919,-0.076946
4.080000,4.080000,null,0.000000,0.000000,-0.006776,-0.002554,-0.000024,-0.000000,0.677702,0.255429,0.599478,-1.224428,-9.135001,-0.421560,-0.019748,-0.897159,0.130396,-0.246254,0.054834,-0.303725,-0.091043,0.008919,-0.076946
4.100000,4.100000,null,0.000000,0.000000,-0.006776,-0.002554,-0.000024,-0.000000,0.677703,0.255429,0.598213,-1.225387,-9.142740,-0.421583,-0.019245,-0.897314,0.129326,-0.246254,0.054834,-0.303725,-0.091043,0.008919,-0.076946
4.120000,4.120000,null,0.000000,0.000000,-0.006776,-0.002554,-0.000024,-0.000000,0.677702,0.255429,0.596946,-1.226343,-9.150482,-0.421606,-0.018742,-0.897467,0.128256,-0.246254,0.054834,-0.303725,-0.091043,0.008919,-0.076945
4.140000,4.140000,null,0.000000,0.000000,-0.006776,-0.002554,-0.000024,-0.000000,0.677703,0.255429,0.595676,-1.227296,-9.158224,-0.421628,-0.018240,-0.897620,0.127185,-0.246254,0.054834,-0.303725,-0.091042,0.008919,-0.076945
4.160000,4.160000,null,0.000000,0.000000,-0.006776,-0.002554,-0.000024,0.000000,0.677703,0.255429,0.594404,-1.228245,-9.165962,-0.421650,-0.017737,-0.897771,0.126115,-0.246254,0.054834,-0.303725,-0.091042,0.008920,-0.076945
4.180000,4.180000,null,0.000000,0.000000,-0.006776,-0.002554,-0.000024,-0.000000,0.677703,0.255429,0.593130,-1.229192,-9.173703,-0.421670,-0.017234,-0.897920,0.125044,-0.246254,0.054834,-0.303725,-0.091042,0.008919,-0.076945
4.200000,4.200000,null,0.000000,0.000000,-0.006776,-0.002554,-0.000024,-0.000000,0.677703,0.255429,0.591854,-1.230136,-9.181443,-0.421691,-0.016731,-0.898069,0.123973,-0.246254,0.054834,-0.303725,-0.091042,0.008920,-0.076946
4.220000,4.220000,null,0.000000,0.000000,-0.006776,-0.002554,-0.000024,0.000000,0.677703,0.255429,0.590575,-1.231077,-9.189182,-0.421710,-0.016228,-0.898216,0.122902,-0.246254,0.054834,-0.303725,-0.091042,0.008920,-0.076946
4.240000,4.240000,null,0.000000,0.000000,-0.006776,-0.002554,-0.000024,0.000000,0.677703,0.255429,0.589295,-1.232014,-9.196924,-0.421729,-0.015725,-0.898362,0.121831,-0.246254,0.054834,-0.303725,-0.091042,0.008919,-0.076946
4.260000,4.260000,null,0.000000,0.000000,-0.006776,-0.002554,-0.000024,-0.000000,0.677703,0.255429,0.588012,-1.232948,-9.204662,-0.421748,-0.015222,-0.898507,0.120760,-0.246254,0.054834,-0.303725,-0.091041,0.008919,-0.076946
4.280000,4.280000,null,0.000000,0.000000,-0.006776,-0.002554,-0.000024,-0.000000,0.677704,0.255429,0.586726,-1.233880,-9.212400,-0.421766,-0.014719,-0.898650,0.119688,-0.246254,0.054834,-0.303725,-0.091041,0.008919,-0.076946
4.300000,4.300000,null,0.000000,0.000000,-0.006776,-0.002554,-0.000024,0.000000,0.677704,0.255429,0.585439,-1.234808,-9.220140,-0.421783,-0.014216,-0.898792,0.118617,-0.246254,0.054834,-0.303725,-0.091041,0.008919,-0.076946
4.320000,4.320000,null,0.000000,0.000000,-0.006776,-0.002554,-0.000024,-0.000000,0.677704,0.255429,0.584149,-1.235734,-9.227881,-0.421799,-0.013713,-0.898933,0.117545,-0.246254,0.054834,-0.303725,-0.091041,0.008920,-0.076947
4.340000,4.340000,null,0.000000,0.000000,-0.006776,-0.002554,-0.000024,-0.000000,0.677704,0.255429,0.582857,-1.236656,-9.235622,-0.421816,-0.013210,-0.899072,0.116473,-0.246254,0.054834,-0.303725,-0.091041,0.008919,-0.076947
4.360000,4.360000,null,0.000000,0.000000,-0.006776,-0.002554,-0.000024,0.000000,0.677704,0.255429,0.581563,-1.237575,-9.243362,-0.421831,-0.012707,-0.899211,0.115401,-0.246254,0.054834,-0.303725,-0.091041,0.008919,-0.076947
4.380000,4.380000,null,0.000000,0.000000,-0.006776,-0.002554,-0.000024,-0.000000,0.677704,0.255429,0.580267,-1.238492,-9.251101,-0.421846,-0.012204,-0.899348,0.114328,-0.246254,0.054834,-0.303725,-0.091041,0.008919,-0.076947
4.400000,4.400000,null,0.000000,0.000000,-0.006776,-0.002554,-0.000024,0.000000,0.677704,0.255429,0.578969,-1.239404,-9.258841,-0.421860,-0.011701,-0.899483,0.113256,-0.246254,0.054834,-0.303725,-0.091040,0.008919,-0.076947
4.420000,4.420000,null,0.000000,0.000000,-0.006776,-0.002554,-0.000024,-0.000000,0.677704,0.255429,0.577668,-1.240314,-9.266581,-0.421874,-0.011198,-0.899618,0.112183,-0.246254,0.054834,-0.303725,-0.091040,0.008919,-0.076947
4.440000,4.440000,null,0.000000,0.000000,-0.006776,-0.002554,-0.000024,0.000000,0.677704,0.255429,0.576365,-1.241221,-9.274321,-0.421887,-0.010695,-0.899751,0.111110,-0.246254,0.054834,-0.303725,-0.091040,0.008919,-0.076948
4.460000,4.460000,null,0.000000,0.000000,-0.006776,-0.002554,-0.000024,-0.000000,0.677704,0.255429,0.575060,-1.242124,-9.282062,-0.421899,-0.010192,-0.899883,0.110037,-0.246254,0.054834,-0.303725,-0.091040,0.008919,-0.076948
4.480000,4.480000,null,0.000000,0.000000,-0.006776,-0.002554,-0.000024,-0.000000,0.677704,0.255429,0.573753,-1.243025,-9.289802,-0.421911,-0.009689,-0.900013,0.108964,-0.246254,0.054834,-0.303725,-0.091040,0.008919,-0.076948
4.500000,4.500000,null,0.000000,0.000000,-0.006776,-0.002554,-0.000024,-0.000000,0.677704,0.255429,0.572444,-1.243922,-9.297543,-0.421923,-0.009186,-0.900143,0.107891,-0.246254,0.054834,-0.303725,-0.091040,0.008919,-0.076948
4.520000,4.520000,null,0.000000,0.000000,-0.006776,-0.002554,-0.000024,-0.000000,0.677704,0.255429,0.571132,-1.244817,-9.305284,-0.421933,-0.008683,-0.900271,0.106817,-0.246254,0.054834,-0.303725,-0.091040,0.008919,-0.076948
4.540000,4.540000,null,0.000000,0.000000,-0.006776,-0.002554,-0.000024,-0.000000,0.677704,0.255429,0.569819,-1.245708,-9.313025,-0.421943,-0.008180,-0.900397,0.105744,-0.246254,0.054834,-0.303725,-0.091040,0.008919,-0.076948
4.560000,4.560000,null,0.000000,0.000000,-0.006776,-0.002554,-0.000024,-0.000000,0.677704,0.255429,0.568503,-1.246596,-9.320763,-0.421953,-0.007676,-0.900523,0.104670,-0.246254,0.054834,-0.303725,-0.091040,0.008919,-0.076948
4.580000,4.580000,null,0.000000,0.000000,-0.006776,-0.002554,-0.000024,0.000000,0.677704,0.255429,0.567186,-1.247481,-9.328506,-0.421961,-0.007173,-0.900647,0.103596,-0.246254,0.054834,-0.303725,-0.091040,0.008919,-0.076948
4.600000,4.600000,null,0.000000,0.000000,-0.006776,-0.002554,-0.000024,-0.000000,0.677704,0.255429,0.565866,-1.248363,-9.336242,-0.421970,-0.006670,-0.900770,0.102522,-0.246254,0.054834,-0.303725,-0.091040,0.008919,-0.076948
4.620000,4.620000,null,0.000000,0.000000,-0.006776,-0.002554,-0.000024,-0.000000,0.677704,0.255429,0.564544,-1.249241,-9.343982,-0.421977,-0.006167,-0.900891,0.101448,-0.246254,0.054834,-0.303726,-0.091040,0.008919,-0.076948
4.640000,4.640000,null,0.000000,0.000000,-0.006776,-0.002554,-0.000024,-0.000000,0.677704,0.255430,0.563220,-1.250117,-9.351723,-0.421984,-0.005664,-0.901012,0.100374,-0.246254,0.054834,-0.303726,-0.091039,0.008919,-0.076948
4.660000,4.660000,null,0.000000,0.000000,-0.006776,-0.002554,-0.000024,-0.000000,0.677704,0.255429,0.561894,-1.250989,-9.359464,-0.421991,-0.005161,-0.901131,0.099299,-0.246254,0.054834,-0.303726,-0.091039,0.008919,-0.076948
4.680000,4.680000,null,0.000000,0.000000,-0.006776,-0.002554,-0.000024,-0.000000,0.677704,0.255429,0.560566,-1.251858,-9.367203,-0.421997,-0.004657,-0.901249,0.098224,-0.246254,0.054834,-0.303726,-0.091039,0.008919,-0.076948
4.700000,4.700000,null,0.000000,0.000000,-0.006776,-0.002554,-0.000024,-0.000000,0.677704,0.255429,0.559235,-1.252724,-9.374945,-0.422002,-0.004154,-0.901365,0.097150,-0.246254,0.054834,-0.303726,-0.091039,0.008919,-0.076949
4.720000,4.720000,null,0.000000,0.000000,-0.006776,-0.002554,-0.000024,-0.000000,0.677704,0.255429,0.557903,-1.253586,-9.382683,-0.422007,-0.003651,-0.901480,0.096075,-0.246254,0.054834,-0.303726,-0.091040,0.008919,-0.076949
4.740000,4.740000,null,0.000000,0.000000,-0.006776,-0.002554,-0.000024,-0.000000,0.677704,0.255429,0.556569,-1.254446,-9.390422,-0.422011,-0.003148,-0.901594,0.095000,-0.246254,0.054834,-0.303726,-0.091040,0.008919,-0.076949
4.760000,4.760000,null,0.000000,0.000000,-0.006776,-0.002554,-0.000024,-0.000000,0.677704,0.255429,0.555232,-1.255303,-9.398164,-0.422014,-0.002645,-0.901707,0.093925,-0.246254,0.054834,-0.303725,-0.091040,0.008919,-0.076949
4.780000,4.780000,null,0.000000,0.000000,-0.006776,-0.002554,-0.000024,0.000000,0.677704,0.255429,0.553894,-1.256156,-9.405900,-0.422017,-0.002141,-0.901818,0.092849,-0.246254,0.054834,-0.303725,-0.091040,0.008919,-0.076949
4.800000,4.800000,null,0.000000,0.000000,-0.006776,-0.002554,-0.000024,-0.000000,0.677704,0.255429,0.552553,-1.257006,-9.413641,-0.422019,-0.001638,-0.901928,0.091774,-0.246254,0.054834,-0.303725,-0.091040,0.008919,-0.076949
4.820000,4.820000,null,0.000000,0.000000,-0.006776,-0.002554,-0.000024,-0.000000,0.677704,0.255429,0.551211,-1.257853,-9.421380,-0.422021,-0.001135,-0.902037,0.090698,-0.246254,0.054834,-0.303725,-0.091040,0.008919,-0.076949
4.840000,4.840000,null,0.000000,0.000000,-0.006776,-0.002554,-0.000024,0.000000,0.677703,0.255429,0.549866,-1.258697,-9.429122,-0.422022,-0.000632,-0.902145,0.089622,-0.246254,0.054834,-0.303725,-0.091040,0.008919,-0.076949
4.860000,4.860000,null,0.000000,0.000000,-0.006776,-0.002554,-0.000024,-0.000000,0.677704,0.255429,0.548520,-1.259537,-9.436861,-0.422022,-0.000129,-0.902251,0.088546,-0.246254,0.054834,-0.303725,-0.091040,0.008919,-0.076948
4.880000,4.880000,null,0.000000,0.000000,-0.006776,-0.002554,-0.000024,-0.000000,0.677703,0.255429,0.547171,-1.260375,-9.444605,-0.422022,0.000375,-0.902356,0.087470,-0.246254,0.054834,-0.303725,-0.091040,0.008919,-0.076948
4.900000,4.900000,null,0.000000,0.000000,-0.006776,-0.002554,-0.000024,-0.000000,0.677703,0.255429,0.545821,-1.261209,-9.452342,-0.422022,0.000878,-0.902459,0.086394,-0.246254,0.054833,-0.303725,-0.091040,0.008919,-0.076948
4.920000,4.920000,null,0.000000,0.000000,-0.006776,-0.002554,-0.000024,-0.000000,0.677703,0.255429,0.544468,-1.262040,-9.460084,-0.422020,0.001381,-0.902562,0.085318,-0.246254,0.054833,-0.303726,-0.091040,0.008919,-0.076948
4.940000,4.940000,null,0.000000,0.000000,-0.006776,-0.002554,-0.000024,0.000000,0.677703,0.255429,0.543113,-1.262867,-9.467823,-0.422018,0.001884,-0.902663,0.084242,-0.246254,0.054833,-0.303726,-0.091040,0.008919,-0.076947
4.960000,4.960000,null,0.000000,0.000000,-0.006776,-0.002554,-0.000024,-0.000000,0.677703,0.255429,0.541757,-1.263692,-9.475561,-0.422016,0.002388,-0.902763,0.083165,-0.246254,0.054833,-0.303726,-0.091040,0.008919,-0.076947
4.980000,4.980000,null,0.000000,0.000000,-0.006776,-0.002554,-0.000024,0.000000,0.677703,0.255429,0.540398,-1.264513,-9.483303,-0.422013,0.002891,-0.902861,0.082089,-0.246254,0.054833,-0.303725,-0.091040,0.008919,-0.076947
5.000000,5.000000,null,0.000000,0.000000,-0.006776,-0.002554,-0.000024,-0.000000,0.677703,0.255429,0.539038,-1.265330,-9.491043,-0.422009,0.003394,-0.902959,0.081012,-0.246254,0.054833,-0.303726,-0.091041,0.008919,-0.076947
5.020000,5.020000,null,0.000000,0.000000,-0.006776,-0.002554,-0.000024,-0.000000,0.677702,0.255429,0.537676,-1.266145,-9.498782,-0.422004,0.003897,-0.903054,0.079935,-0.246254,0.054833,-0.303725,-0.091041,0.008919,-0.076946
5.040000,5.040000,null,0.000000,0.000000,-0.006776,-0.002554,-0.000024,-0.000000,0.677702,0.255429,0.536311,-1.266957,-9.506524,-0.422000,0.004400,-0.903149,0.078858,-0.246254,0.054833,-0.303725,-0.091041,0.008919,-0.076946
5.060000,5.060000,null,0.000000,0.000000,-0.006776,-0.002554,-0.000024,-0.000000,0.677702,0.255428,0.534945,-1.267765,-9.514263,-0.421994,0.004904,-0.903243,0.077781,-0.246254,0.054833,-0.303726,-0.091041,0.008919,-0.076945
5.080000,5.080000,null,0.000000,0.000000,-0.006776,-0.002554,-0.000024,0.000000,0.677702,0.255428,0.533577,-1.268569,-9.522000,-0.421988,0.005407,-0.903335,0.076704,-0.246254,0.054833,-0.303726,-0.091041,0.008919,-0.076945
5.100000,5.100000,null,0.000000,0.000000,-0.006776,-0.002554,-0.000024,-0.000000,0.677702,0.255428,0.532207,-1.269371,-9.529742,-0.421981,0.005910,-0.903425,0.075627,-0.246254,0.054833,-0.303725,-0.091041,0.008919,-0.076945
5.120000,5.120000,null,0.000000,0.000000,-0.006776,-0.002554,-0.000024,0.000000,0.677702,0.255428,0.530835,-1.270169,-9.537482,-0.421974,0.006413,-0.903515,0.074549,-0.246254,0.054833,-0.303726,-0.091041,0.008919,-0.076944
5.140000,5.140000,null,0.000000,0.000000,-0.006776,-0.002554,-0.000024,0.000000,0.677702,0.255428,0.529461,-1.270964,-9.545219,-0.421966,0.006916,-0.903603,0.073472,-0.246254,0.054833,-0.303725,-0.091042,0.008919,-0.076944
5.160000,5.160000,null,0.000000,0.000000,-0.006776,-0.002554,-0.000024,-0.000000,0.677701,0.255428,0.528086,-1.271756,-9.552960,-0.421957,0.007420,-0.903690,0.072394,-0.246254,0.054833,-0.303726,-0.091042,0.008919,-0.076943
5.180000,5.180000,null,0.000000,0.000000,-0.006776,-0.002554,-0.000024,0.000000,0.677701,0.255428,0.526708,-1.272545,-9.560701,-0.421948,0.007923,-0.903776,0.071316,-0.246254,0.054833,-0.303726,-0.091042,0.008919,-0.076943
5.200000,5.200000,null,0.000000,0.000000,-0.006776,-0.002554,-0.000024,-0.000000,0.677701,0.255428,0.525329,-1.273330,-9.568441,-0.421938,0.008426,-0.903860,0.070239,-0.246254,0.054833,-0.303725,-0.091042,0.008919,-0.076943
5.220000,5.220000,null,0.000000,0.000000,-0.006776,-0.002554,-0.000024,0.000000,0.677701,0.255428,0.523947,-1.274111,-9.576183,-0.421928,0.008929,-0.903943,0.069161,-0.246254,0.054833,-0.303725,-0.091042,0.008919,-0.076942
5.240000,5.240000,null,0.000000,0.000000,-0.006776,-0.002554,-0.000024,-0.000000,0.677701,0.255428,0.522564,-1.274890,-9.583922,-0.421917,0.009432,-0.904025,0.068083,-0.246254,0.054833,-0.303725,-0.091042,0.008919,-0.076942
5.260000,5.260000,null,0.000000,0.000000,-0.006776,-0.002554,-0.000024,-0.000000,0.677701,0.255428,0.521179,-1.275665,-9.591662,-0.421906,0.009935,-0.904106,0.067005,-0.246254,0.054833,-0.303725,-0.091042,0.008919,-0.076942
5.280000,5.280000,null,0.000000,0.000000,-0.006776,-0.002554,-0.000024,-0.000000,0.677701,0.255428,0.519792,-1.276437,-9.599403,-0.421893,0.010438,-0.904185,0.065927,-0.246254,0.054833,-0.303725,-0.091042,0.008919,-0.076942
5.300000,5.300000,null,0.000000,0.000000,-0.006776,-0.002554,-0.000024,-0.000000,0.677701,0.255428,0.518403,-1.277206,-9.607141,-0.421881,0.010942,-0.904263,0.064848,-0.246254,0.054833,-0.303725,-0.091042,0.008919,-0.076941
5.320000,5.320000,null,0.000000,0.000000,-0.006776,-0.002554,-0.000024,-0.000000,0.677701,0.255428,0.517012,-1.277971,-9.614882,-0.421867,0.011445,-0.904340,0.063770,-0.246254,0.054833,-0.303725,-0.091042,0.008919,-0.076941
5.340000,5.340000,null,0.000000,0.000000,-0.006776,-0.002554,-0.000024,-0.000000,0.677701,0.255428,0.515620,-1.278733,-9.622622,-0.421853,0.011948,-0.904415,0.062692,-0.246254,0.054833,-0.303725,-0.091042,0.008919,-0.076941
5.360000,5.360000,null,0.000000,0.000000,-0.006776,-0.002554,-0.000024,-0.000000,0.677701,0.255428,0.514226,-1.279492,-9.630361,-0.421839,0.012451,-0.904489,0.061613,-0.246254,0.054833,-0.303725,-0.091042,0.008919,-0.076941
5.380000,5.380000,null,0.000000,0.000000,-0.006776,-0.002554,-0.000024,-0.000000,0.677701,0.255428,0.512830,-1.280247,-9.638103,-0.421824,0.012954,-0.904562,0.060534,-0.246254,0.054833,-0.303725,-0.091042,0.008919,-0.076941
5.400000,5.400000,null,0.000000,0.000000,-0.006776,-0.002554,-0.000024,0.000000,0.677701,0.255428,0.511432,-1.280999,-9.645843,-0.421808,0.013457,-0.904634,0.059456,-0.246254,0.054833,-0.303725,-0.091042,0.008919,-0.076940
5.420000,5.420000,null,0.000000,0.000000,-0.006776,-0.002554,-0.000024,0.000000,0.677701,0.255428,0.510032,-1.281748,-9.653581,-0.421791,0.013960,-0.904704,0.058377,-0.246254,0.054833,-0.303725,-0.091042,0.008919,-0.076940
5.440000,5.440000,null,0.000000,0.000000,-0.006776,-0.002554,-0.000024,0.000000,0.677701,0.255428,0.508631,-1.282493,-9.661322,-0.421775,0.014463,-0.904773,0.057298,-0.246254,0.054833,-0.303725,-0.091042,0.008919,-0.076940
5.460000,5.460000,null,0.000000,0.000000,-0.006776,-0.002554,-0.000024,-0.000000,0.677701,0.255428,0.507228,-1.283235,-9.669063,-0.421757,0.014966,-0.904840,0.056219,-0.246254,0.054833,-0.303725,-0.091042,0.008919,-0.076940
5.480000,5.480000,null,0.000000,0.000000,-0.006776,-0.002554,-0.000024,0.000000,0.677701,0.255428,0.505823,-1.283973,-9.676798,-0.421739,0.015469,-0.904907,0.055140,-0.246254,0.054833,-0.303725,-0.091042,0.008919,-0.076940
5.500000,5.500000,null,0.000000,0.000000,-0.006776,-0.002554,-0.000024,-0.000000,0.677701,0.255428,0.504416,-1.284709,-9.684540,-0.421720,0.015972,-0.904972,0.054061,-0.246254,0.054833,-0.303725,-0.091042,0.008919,-0.076940
5.520000,5.520000,null,0.000000,0.000000,-0.006776,-0.002554,-0.000024,-0.000000,0.677701,0.255428,0.503008,-1.285441,-9.692282,-0.421701,0.016475,-0.905036,0.052982,-0.246254,0.054833,-0.303725,-0.091042,0.008919,-0.076940
5.540000,5.540000,null,0.000000,0.000000,-0.006776,-0.002554,-0.000024,0.000000,0.677701,0.255428,0.501597,-1.286170,-9.700021,-0.421681,0.016978,-0.905098,0.051902,-0.246254,0.054833,-0.303725,-0.091041,0.008919,-0.076941
5.560000,5.560000,null,0.000000,0.000000,-0.006776,-0.002554,-0.000024,-0.000000,0.677701,0.255428,0.500185,-1.286895,-9.707762,-0.421660,0.017480,-0.905160,0.050823,-0.246254,0.054833,-0.303725,-0.091041,0.008919,-0.076941
5.580000,5.580000,null,0.000000,0.000000,-0.006776,-0.002554,-0.000024,0.000000,0.677701,0.255428,0.498772,-1.287616,-9.715501,-0.421639,0.017983,-0.905220,0.049744,-0.246254,0.054833,-0.303725,-0.091041,0.008919,-0.076941
5.600000,5.600000,null,0.000000,0.000000,-0.006776,-0.002554,-0.000024,-0.000000,0.677701,0.255428,0.497356,-1.288335,-9.723240,-0.421617,0.018486,-0.905278,0.048664,-0.246254,0.054833,-0.303725,-0.091041,0.008919,-0.076941
5.620000,5.620000,null,0.000000,0.000000,-0.006776,-0.002554,-0.000024,-0.000000,0.677702,0.255428,0.495939,-1.289050,-9.730979,-0.421595,0.018989,-0.905336,0.047585,-0.246254,0.054833,-0.303725,-0.091041,0.008919,-0.076941
5.640000,5.640000,null,0.000000,0.000000,-0.006776,-0.002554,-0.000024,-0.000000,0.677702,0.255428,0.494521,-1.289762,-9.738720,-0.421572,0.019491,-0.905392,0.046505,-0.246254,0.054833,-0.303725,-0.091041,0.008919,-0.076941
5.660000,5.660000,null,0.000000,0.000000,-0.006776,-0.002554,-0.000024,0.000000,0.677702,0.255428,0.493100,-1.290470,-9.746459,-0.421548,0.019994,-0.905447,0.045425,-0.246254,0.054833,-0.303725,-0.091041,0.008919,-0.076941
5.680000,5.680000,null,0.000000,0.000000,-0.006776,-0.002554,-0.000024,-0.000000,0.677701,0.255428,0.491678,-1.291175,-9.754203,-0.421524,0.020497,-0.905500,0.044346,-0.246254,0.054833,-0.303725,-0.091041,0.008919,-0.076941
5.700000,5.700000,null,0.000000,0.000000,-0.006776,-0.002554,-0.000024,-0.000000,0.677702,0.255428,0.490254,-1.291877,-9.761941,-0.421500,0.020999,-0.905552,0.043266,-0.246254,0.054833,-0.303725,-0.091040,0.008919,-0.076941
5.720000,5.720000,null,0.000000,0.000000,-0.006776,-0.002554,-0.000024,-0.000000,0.677702,0.255428,0.488829,-1.292575,-9.769682,-0.421474,0.021502,-0.905603,0.042186,-0.246254,0.054833,-0.303725,-0.091040,0.008919,-0.076941
5.740000,5.740000,null,0.000000,0.000000,-0.006776,-0.002554,-0.000024,-0.000000,0.677702,0.255428,0.487401,-1.293270,-9.777424,-0.421448,0.022005,-0.905653,0.041106,-0.246254,0.054833,-0.303725,-0.091040,0.008919,-0.076941
5.760000,5.760000,null,0.000000,0.000000,-0.006776,-0.002554,-0.000024,0.000000,0.677702,0.255428,0.485972,-1.293962,-9.785160,-0.421422,0.022507,-0.905701,0.040026,-0.246254,0.054833,-0.303725,-0.091040,0.008919,-0.076941
5.780000,5.780000,null,0.000000,0.000000,-0.006776,-0.002554,-0.000024,0.000000,0.677702,0.255428,0.484542,-1.294650,-9.792900,-0.421395,0.023010,-0.905748,0.038946,-0.246254,0.054833,-0.303725,-0.091040,0.008919,-0.076941
5.800000,5.800000,null,0.000000,0.000000,-0.006776,-0.002554,-0.000024,0.000000,0.677702,0.255429,0.483110,-1.295334,-9.800642,-0.421367,0.023512,-0.905794,0.037866,-0.246254,0.054833,-0.303725,-0.091040,0.008919,-0.076941
5.820000,5.820000,null,0.000000,0.000000,-0.006776,-0.002554,-0.000024,-0.000000,0.677702,0.255429,0.481676,-1.296015,-9.808378,-0.421339,0.024015,-0.905839,0.036786,-0.246254,0.054833,-0.303725,-0.091040,0.008919,-0.076941
5.840000,5.840000,null,0.000000,0.000000,-0.006776,-0.002554,-0.000024,-0.000000,0.677702,0.255429,0.480241,-1.296693,-9.816119,-0.421310,0.024517,-0.905882,0.035705,-0.246254,0.054833,-0.303725,-0.091040,0.008919,-0.076941
5.860000,5.860000,null,0.000000,0.000000,-0.006776,-0.002554,-0.000024,-0.000000,0.677702,0.255429,0.478804,-1.297367,-9.823859,-0.421280,0.025019,-0.905924,0.034625,-0.246254,0.054833,-0.303725,-0.091040,0.008919,-0.076941
5.880000,5.880000,null,0.000000,0.000000,-0.006776,-0.002554,-0.000024,0.000000,0.677702,0.255428,0.477365,-1.298038,-9.831600,-0.421250,0.025522,-0.905965,0.033545,-0.246254,0.054833,-0.303725,-0.091040,0.008919,-0.076941
5.900000,5.900000,null,0.000000,0.000000,-0.006776,-0.002554,-0.000024,0.000000,0.677702,0.255428,0.475925,-1.298706,-9.839340,-0.421219,0.026024,-0.906004,0.032464,-0.246254,0.054833,-0.303725,-0.091040,0.008919,-0.076942
5.920000,5.920000,null,0.000000,0.000000,-0.006776,-0.002554,-0.000024,-0.000000,0.677701,0.255428,0.474483,-1.299369,-9.847081,-0.421188,0.026526,-0.906042,0.031384,-0.246254,0.054833,-0.303725,-0.091040,0.008919,-0.076942
5.940000,5.940000,null,0.000000,0.000000,-0.006776,-0.002554,-0.000024,0.000000,0.677702,0.255428,0.473040,-1.300030,-9.854819,-0.421156,0.027029,-0.906079,0.030304,-0.246254,0.054833,-0.303725,-0.091040,0.008919,-0.076942
5.960000,5.960000,null,0.000000,0.000000,-0.006776,-0.002554,-0.000024,-0.000000,0.677702,0.255428,0.471595,-1.300687,-9.862562,-0.421124,0.027531,-0.906114,0.029223,-0.246254,0.054833,-0.303725,-0.091040,0.008919,-0.076942
5.980000,5.980000,null,0.000000,0.000000,-0.006776,-0.002554,-0.000024,-0.000000,0.677702,0.255428,0.470149,-1.301341,-9.870299,-0.421090,0.028033,-0.906148,0.028143,-0.246253,0.054833,-0.303725,-0.091040,0.008919,-0.076942
6.000000,6.000000,null,0.000000,0.000000,-0.006776,-0.002554,-0.000024,-0.000000,0.677702,0.255428,0.468700,-1.301991,-9.878038,-0.421057,0.028535,-0.906181,0.027062,-0.246254,0.054833,-0.303725,-0.091040,0.008919,-0.076942
6.020000,6.020000,null,0.000000,0.000000,-0.006776,-0.002554,-0.000024,-0.000000,0.677702,0.255428,0.467251,-1.302638,-9.885778,-0.421022,0.029037,-0.906213,0.025981,-0.246254,0.054833,-0.303725,-0.091040,0.008919,-0.076942
6.040000,6.040000,null,0.000000,0.000000,-0.006776,-0.002554,-0.000024,-0.000000,0.677702,0.255429,0.465800,-1.303281,-9.893518,-0.420987,0.029539,-0.906243,0.024901,-0.246253,0.054833,-0.303726,-0.091040,0.008919,-0.076942
6.060000,6.060000,null,0.000000,0.000000,-0.006776,-0.002554,-0.000024,0.000000,0.677702,0.255429,0.464347,-1.303921,-9.901258,-0.420952,0.030041,-0.906272,0.023820,-0.246254,0.054833,-0.303725,-0.091040,0.008919,-0.076942
6.080000,6.080000,null,0.000000,0.000000,-0.006776,-0.002554,-0.000024,-0.000000,0.677702,0.255428,0.462893,-1.304558,-9.909001,-0.420916,0.030543,-0.906300,0.022739,-0.246253,0.054833,-0.303726,-0.091040,0.008919,-0.076943
6.100000,6.100000,null,0.000000,0.000000,-0.006776,-0.002554,-0.000024,-0.000000,0.677702,0.255429,0.461437,-1.305190,-9.916741,-0.420879,0.031045,-0.906327,0.021659,-0.246253,0.054833,-0.303726,-0.091040,0.008919,-0.076943
6.120000,6.120000,null,0.000000,0.000000,-0.006776,-0.002554,-0.000024,-0.000000,0.677702,0.255429,0.459980,-1.305820,-9.924482,-0.420842,0.031547,-0.906352,0.020578,-0.246254,0.054833,-0.303726,-0.091040,0.008919,-0.076943
6.140000,6.140000,null,0.000000,0.000000,-0.006776,-0.002554,-0.000024,-0.000000,0.677702,0.255429,0.458522,-1.306446,-9.932224,-0.420804,0.032049,-0.906376,0.019497,-0.246253,0.054833,-0.303726,-0.091040,0.008919,-0.076943
6.160000,6.160000,null,0.000000,0.000000,-0.006776,-0.002554,-0.000024,-0.000000,0.677702,0.255429,0.457061,-1.307068,-9.939960,-0.420765,0.032550,-0.906398,0.018416,-0.246253,0.054833,-0.303726,-0.091040,0.008919,-0.076943
6.180000,6.180000,null,0.000000,0.000000,-0.006776,-0.002554,-0.000024,-0.000000,0.677702,0.255429,0.455600,-1.307687,-9.947701,-0.420726,0.033052,-0.906420,0.017335,-0.246253,0.054833,-0.303726,-0.091040,0.008919,-0.076943
6.200000,6.200000,null,0.000000,0.000000,-0.006776,-0.002554,-0.000024,-0.000000,0.677702,0.255429,0.454137,-1.308302,-9.955441,-0.420686,0.033554,-0.906440,0.016254,-0.246253,0.054833,-0.303726,-0.091040,0.008918,-0.076943
6.220000,6.220000,null,0.000000,0.000000,-0.006776,-0.002554,-0.000024,-0.000000,0.677702,0.255429,0.452672,-1.308914,-9.963179,-0.420646,0.034055,-0.906458,0.015173,-0.246253,0.054833,-0.303726,-0.091040,0.008918,-0.076943
6.240000,6.240000,null,0.000000,0.000000,-0.006776,-0.002554,-0.000024,-0.000000,0.677702,0.255429,0.451206,-1.309523,-9.970918,-0.420605,0.034557,-0.906476,0.014092,-0.246253,0.054833,-0.303726,-0.091041,0.008918,-0.076943
6.260000,6.260000,null,0.000000,0.000000,-0.006776,-0.002554,-0.000024,-0.000000,0.677702,0.255428,0.449739,-1.310127,-9.978662,-0.420564,0.035058,-0.906492,0.013012,-0.246253,0.054833,-0.303726,-0.091041,0.008918,-0.076942
6.280000,6.280000,null,0.000000,0.000000,-0.006776,-0.002554,-0.000024,0.000000,0.677701,0.255428,0.448270,-1.310729,-9.986399,-0.420521,0.035560,-0.906507,0.011931,-0.246253,0.054833,-0.303726,-0.091041,0.008918,-0.076942
6.300000,6.300000,null,0.000000,0.000000,-0.006776,-0.002554,-0.000024,-0.000000,0.677701,0.255428,0.446799,-1.311327,-9.994141,-0.420479,0.036061,-0.906520,0.010850,-0.246253,0.054833,-0.303726,-0.091041,0.008918,-0.076942
6.320000,6.320000,null,0.000000,0.000000,-0.006776,-0.002554,-0.000024,-0.000000,0.677701,0.255428,0.445328,-1.311921,-10.001881,-0.420435,0.036563,-0.906533,0.009769,-0.246253,0.054833,-0.303726,-0.091042,0.008918,-0.076942
6.340000,6.340000,null,0.000000,0.000000,-0.006776,-0.002554,-0.000024,-0.000000,0.677701,0.255428,0.443854,-1.312513,-10.009618,-0.420391,0.037064,-0.906544,0.008688,-0.246253,0.054833,-0.303726,-0.091042,0.008918,-0.076942
6.360000,6.360000,null,0.000000,0.000000,-0.006776,-0.002554,-0.000024,-0.000000,0.677701,0.255428,0.442380,-1.313100,-10.017359,-0.420347,0.037565,-0.906554,0.007606,-0.246253,0.054833,-0.303726,-0.091042,0.008918,-0.076941
6.380000,6.380000,null,0.000000,0.000000,-0.006776,-0.002554,-0.000024,-0.000000,0.677701,0.255428,0.440904,-1.313684,-10.025099,-0.420302,0.038066,-0.906562,0.006525,-0.246253,0.054833,-0.303726,-0.091043,0.008917,-0.076941
6.400000,6.400000,null,0.000000,0.000000,-0.006776,-0.002554,-0.000024,-0.000000,0.677701,0.255428,0.439427,-1.314264,-10.032836,-0.420256,0.038567,-0.906569,0.005444,-0.246253,0.054833,-0.303726,-0.091043,0.008917,-0.076941
6.420000,6.420000,null,0.000000,0.000000,-0.006776,-0.002554,-0.000024,-0.000000,0.677701,0.255428,0.437948,-1.314841,-10.040575,-0.420210,0.039068,-0.906575,0.004363,-0.246253,0.054833,-0.303726,-0.091043,0.008917,-0.076941
6.440000,6.440000,null,0.000000,0.000000,-0.006776,-0.002554,-0.000024,-0.000000,0.677700,0.255428,0.436468,-1.315414,-10.048316,-0.420163,0.039569,-0.906579,0.003282,-0.246254,0.054833,-0.303726,-0.091044,0.008917,-0.076940
6.460000,6.460000,null,0.000000,0.000000,-0.006776,-0.002554,-0.000024,-0.000000,0.677700,0.255428,0.434986,-1.315984,-10.056056,-0.420116,0.040070,-0.906583,0.002201,-0.246253,0.054833,-0.303726,-0.091044,0.008917,-0.076940
6.480000,6.480000,null,0.000000,0.000000,-0.006776,-0.002554,-0.000024,-0.000000,0.677700,0.255428,0.433503,-1.316551,-10.063797,-0.420067,0.040571,-0.906585,0.001120,-0.246253,0.054833,-0.303726,-0.091044,0.008917,-0.076940
6.500000,6.500000,null,0.000000,0.000000,-0.006776,-0.002554,-0.000024,-0.000000,0.677700,0.255428,0.432019,-1.317114,-10.071539,-0.420019,0.041072,-0.906585,0.000039,-0.246254,0.054833,-0.303726,-0.091044,0.008917,-0.076939
6.520000,6.520000,null,0.000000,0.000000,-0.006776,-0.002554,-0.000024,-0.000000,0.677700,0.255428,0.430534,-1.317673,-10.079272,-0.419969,0.041573,-0.906585,-0.001042,-0.246253,0.054833,-0.303726,-0.091045,0.008917,-0.076939
6.540000,6.540000,null,0.000000,0.000000,-0.006776,-0.002554,-0.000024,-0.000000,0.677700,0.255427,0.429047,-1.318228,-10.087014,-0.419920,0.042074,-0.906583,-0.002123,-0.246254,0.054833,-0.303726,-0.091045,0.008917,-0.076939
6.560000,6.560000,null,0.000000,0.000000,-0.006776,-0.002554,-0.000024,-0.000000,0.677700,0.255427,0.427558,-1.318780,-10.094755,-0.419869,0.042575,-0.906580,-0.003204,-0.246253,0.054833,-0.303726,-0.091045,0.008917,-0.076938
6.580000,6.580000,null,0.000000,0.000000,-0.006776,-0.002554,-0.000024,0.000000,0.677700,0.255427,0.426069,-1.319329,-10.102492,-0.419818,0.043075,-0.906575,-0.004285,-0.246253,0.054833,-0.303726,-0.091045,0.008917,-0.076938
6.600000,6.600000,null,0.000000,0.000000,-0.006776,-0.002554,-0.000024,-0.000000,0.677700,0.255427,0.424578,-1.319874,-10.110233,-0.419767,0.043576,-0.906570,-0.005366,-0.246254,0.054833,-0.303726,-0.091046,0.008917,-0.076938
6.620000,6.620000,null,0.000000,0.000000,-0.006776,-0.002554,-0.000024,0.000000,0.677699,0.255427,0.423086,-1.320416,-10.117974,-0.419714,0.044076,-0.906563,-0.006447,-0.246253,0.054833,-0.303726,-0.091046,0.008917,-0.076937
6.640000,6.640000,null,0.000000,0.000000,-0.006776,-0.002554,-0.000024,0.000000,0.677699,0.255427,0.421593,-1.320954,-10.125712,-0.419661,0.044577,-0.906554,-0.007528,-0.246253,0.054833,-0.303726,-0.091046,0.008917,-0.076937
6.660000,6.660000,null,0.000000,0.000000,-0.006776,-0.002554,-0.000024,-0.000000,0.677699,0.255427,0.420098,-1.321488,-10.133452,-0.419608,0.045077,-0.906545,-0.008609,-0.246253,0.054833,-0.303726,-0.091046,0.008917,-0.076937
6.680000,6.680000,null,0.000000,0.000000,-0.006776,-0.002554,-0.000024,-0.000000,0.677699,0.255427,0.418602,-1.322019,-10.141193,-0.419554,0.045578,-0.906534,-0.009690,-0.246254,0.054833,-0.303726,-0.091046,0.008917,-0.076937
6.700000,6.700000,null,0.000000,0.000000,-0.006776,-0.002554,-0.000024,-0.000000,0.677699,0.255427,0.417105,-1.322546,-10.148931,-0.419499,0.046078,-0.906521,-0.010771,-0.246254,0.054833,-0.303726,-0.091046,0.008916,-0.076937
6.720000,6.720000,null,0.000000,0.000000,-0.006776,-0.002554,-0.000024,-0.000000,0.677699,0.255427,0.415606,-1.323070,-10.156672,-0.419444,0.046578,-0.906508,-0.011852,-0.246253,0.054833,-0.303726,-0.091047,0.008916,-0.076937
6.740000,6.740000,null,0.000000,0.000000,-0.006776,-0.002554,-0.000024,0.000000,0.677699,0.255427,0.414107,-1.323589,-10.164411,-0.419388,0.047078,-0.906493,-0.012933,-0.246254,0.054833,-0.303726,-0.091047,0.008916,-0.076936
6.760000,6.760000,null,0.000000,0.000000,-0.006776,-0.002554,-0.000024,-0.000000,0.677699,0.255427,0.412606,-1.324106,-10.172152,-0.419332,0.047578,-0.906477,-0.014014,-0.246254,0.054833,-0.303725,-0.091047,0.008916,-0.076936
6.780000,6.780000,null,0.000000,0.000000,-0.006776,-0.002554,-0.000024,-0.000000,0.677700,0.255427,0.411103,-1.324619,-10.179893,-0.419275,0.048079,-0.906460,-0.015095,-0.246253,0.054833,-0.303726,-0.091046,0.008916,-0.076936
6.800000,6.800000,null,0.000000,0.000000,-0.006776,-0.002554,-0.000024,-0.000000,0.677699,0.255427,0.409600,-1.325128,-10.187634,-0.419217,0.048579,-0.906441,-0.016176,-0.246254,0.054833,-0.303725,-0.091046,0.008916,-0.076936
6.820000,6.820000,null,0.000000,0.000000,-0.006776,-0.002554,-0.000024,0.000000,0.677700,0.255427,0.408096,-1.325634,-10.195373,-0.419159,0.049078,-0.906421,-0.017257,-0.246254,0.054833,-0.303725,-0.091046,0.008916,-0.076936
6.840000,6.840000,null,0.000000,0.000000,-0.006776,-0.002554,-0.000024,-0.000000,0.677700,0.255427,0.406590,-1.326137,-10.203114,-0.419100,0.049578,-0.906400,-0.018338,-0.246253,0.054833,-0.303726,-0.091046,0.008917,-0.076937
6.860000,6.860000,null,0.000000,0.000000,-0.006776,-0.002554,-0.000024,0.000000,0.677700,0.255428,0.405083,-1.326635,-10.210854,-0.419041,0.050078,-0.906377,-0.019418,-0.246254,0.054833,-0.303725,-0.091046,0.008917,-0.076937
6.880000,6.880000,null,0.000000,0.000000,-0.006776,-0.002554,-0.000024,-0.000000,0.677700,0.255428,0.403575,-1.327130,-10.218593,-0.418980,0.050578,-0.906354,-0.020499,-0.246254,0.054833,-0.303725,-0.091046,0.008917,-0.076937
6.900000,6.900000,null,0.000000,0.000000,-0.006776,-0.002554,-0.000024,-0.000000,0.677700,0.255428,0.402065,-1.327622,-10.226336,-0.418920,0.051078,-0.906329,-0.021580,-0.246253,0.054833,-0.303725,-0.091045,0.008917,-0.076937
6.920000,6.920000,null,0.000000,0.000000,-0.006776,-0.002554,-0.000024,-0.000000,0.677701,0.255428,0.400555,-1.328110,-10.234073,-0.418859,0.051577,-0.906302,-0.022661,-0.246254,0.054833,-0.303725,-0.091045,0.008917,-0.076938
6.940000,6.940000,null,0.000000,0.000000,-0.006776,-0.002554,-0.000024,-0.000000,0.677701,0.255428,0.399043,-1.328594,-10.241813,-0.418797,0.052077,-0.906274,-0.023741,-0.246254,0.054833,-0.303725,-0.091045,0.008917,-0.076938
6.960000,6.960000,null,0.000000,0.000000,-0.006776,-0.002554,-0.000024,-0.000000,0.677701,0.255428,0.397530,-1.329074,-10.249554,-0.418734,0.052576,-0.906246,-0.024822,-0.246254,0.054833,-0.303725,-0.091045,0.008917,-0.076939
6.980000,6.980000,null,0.000000,0.000000,-0.006776,-0.002554,-0.000024,0.000000,0.677701,0.255428,0.396016,-1.329551,-10.257292,-0.418672,0.053075,-0.906215,-0.025903,-0.246254,0.054833,-0.303725,-0.091044,0.008917,-0.076939
7.000000,7.000000,null,0.000000,0.000000,-0.006776,-0.002554,-0.000024,-0.000000,0.677702,0.255428,0.394501,-1.330024,-10.265033,-0.418608,0.053575,-0.906184,-0.026983,-0.246254,0.054834,-0.303725,-0.091044,0.008917,-0.076939
7.020000,7.020000,null,0.000000,0.000000,-0.006776,-0.002554,-0.000024,-0.000000,0.677702,0.255428,0.392985,-1.330494,-10.272775,-0.418544,0.054074,-0.906151,-0.028064,-0.246253,0.054834,-0.303725,-0.091044,0.008917,-0.076940
7.040000,7.040000,null,0.000000,0.000000,-0.006776,-0.002554,-0.000024,-0.000000,0.677702,0.255429,0.391468,-1.330960,-10.280511,-0.418479,0.054573,-0.906117,-0.029144,-0.246253,0.054834,-0.303725,-0.091043,0.008917,-0.076940
7.060000,7.060000,null,0.000000,0.000000,-0.006776,-0.002554,-0.000024,-0.000000,0.677702,0.255429,0.389949,-1.331423,-10.288250,-0.418414,0.055072,-0.906081,-0.030225,-0.246253,0.054834,-0.303725,-0.091043,0.008917,-0.076941
7.080000,7.080000,null,0.000000,0.000000,-0.006776,-0.002554,-0.000024,-0.000000,0.677702,0.255429,0.388430,-1.331881,-10.295991,-0.418348,0.055571,-0.906045,-0.031305,-0.246253,0.054834,-0.303725,-0.091043,0.008917,-0.076941
7.100000,7.100000,null,0.000000,0.000000,-0.006776,-0.002554,-0.000024,-0.000000,0.677703,0.255429,0.386909,-1.332337,-10.303731,-0.418281,0.056070,-0.906007,-0.032386,-0.246253,0.054834,-0.303725,-0.091042,0.008917,-0.076942
7.120000,7.120000,null,0.000000,0.000000,-0.006776,-0.002554,-0.000024,0.000000,0.677703,0.255429,0.385388,-1.332788,-10.311473,-0.418214,0.056568,-0.905968,-0.033466,-0.246253,0.054834,-0.303725,-0.091042,0.008917,-0.076942
7.140000,7.140000,null,0.000000,0.000000,-0.006776,-0.002554,-0.000024,-0.000000,0.677703,0.255429,0.383865,-1.333237,-10.319213,-0.418146,0.057067,-0.905927,-0.034546,-0.246253,0.054834,-0.303725,-0.091042,0.008917,-0.076943
7.160000,7.160000,null,0.000000,0.000000,-0.006776,-0.002554,-0.000024,-0.000000,0.677703,0.255429,0.382341,-1.333681,-10.326952,-0.418078,0.057566,-0.905885,-0.035627,-0.246253,0.054834,-0.303725,-0.091041,0.008917,-0.076943
7.180000,7.180000,null,0.000000,0.000000,-0.006776,-0.002554,-0.000024,-0.000000,0.677703,0.255429,0.380816,-1.334122,-10.334691,-0.418009,0.058064,-0.905842,-0.036707,-0.246254,0.054834,-0.303725,-0.091041,0.008917,-0.076943
7.200000,7.200000,null,0.000000,0.000000,-0.006776,-0.002554,-0.000024,0.000000,0.677703,0.255429,0.379290,-1.334560,-10.342434,-0.417939,0.058563,-0.905798,-0.037787,-0.246253,0.054834,-0.303726,-0.091041,0.008917,-0.076944
7.220000,7.220000,null,0.000000,0.000000,-0.006776,-0.002554,-0.000024,-0.000000,0.677703,0.255429,0.377763,-1.334993,-10.350172,-0.417869,0.059061,-0.905752,-0.038867,-0.246253,0.054834,-0.303725,-0.091041,0.008917,-0.076944
7.240000,7.240000,null,0.000000,0.000000,-0.006776,-0.002554,-0.000024,-0.000000,0.677703,0.255429,0.376235,-1.335423,-10.357914,-0.417799,0.059559,-0.905705,-0.039947,-0.246253,0.054834,-0.303725,-0.091040,0.008917,-0.076944
7.260000,7.260000,null,0.000000,0.000000,-0.006776,-0.002554,-0.000024,0.000000,0.677704,0.255429,0.374706,-1.335849,-10.365653,-0.417727,0.060057,-0.905657,-0.041027,-0.246253,0.054834,-0.303726,-0.091040,0.008917,-0.076945
7.280000,7.280000,null,0.000000,0.000000,-0.006776,-0.002554,-0.000024,-0.000000,0.677704,0.255429,0.373176,-1.336271,-10.373391,-0.417655,0.060555,-0.905607,-0.042107,-0.246253,0.054834,-0.303726,-0.091040,0.008917,-0.076945
7.300000,7.300000,null,0.000000,0.000000,-0.006776,-0.002554,-0.000024,-0.000000,0.677704,0.255429,0.371645,-1.336690,-10.381133,-0.417583,0.061053,-0.905556,-0.043187,-0.246253,0.054834,-0.303726,-0.091040,0.008917,-0.076945
7.320000,7.320000,null,0.000000,0.000000,-0.006776,-0.002554,-0.000024,-0.000000,0.677704,0.255429,0.370113,-1.337106,-10.388872,-0.417510,0.061551,-0.905504,-0.044267,-0.246253,0.054834,-0.303726,-0.091039,0.008917,-0.076945
7.340000,7.340000,null,0.000000,0.000000,-0.006776,-0.002554,-0.000024,-0.000000,0.677704,0.255429,0.368580,-1.337517,-10.396612,-0.417436,0.062049,-0.905451,-0.045347,-0.246253,0.054834,-0.303726,-0.091039,0.008917,-0.076946
7.360000,7.360000,null,0.000000,0.000000,-0.006776,-0.002554,-0.000024,-0.000000,0.677703,0.255429,0.367046,-1.337925,-10.404354,-0.417362,0.062547,-0.905396,-0.046426,-0.246253,0.054834,-0.303726,-0.091039,0.008917,-0.076946
7.380000,7.380000,null,0.000000,0.000000,-0.006776,-0.002554,-0.000024,-0.000000,0.677704,0.255429,0.365511,-1.338329,-10.412091,-0.417287,0.063044,-0.905340,-0.047506,-0.246253,0.054833,-0.303726,-0.091039,0.008917,-0.076946
7.400000,7.400000,null,0.000000,0.000000,-0.006776,-0.002554,-0.000024,-0.000000,0.677703,0.255429,0.363975,-1.338729,-10.419830,-0.417211,0.063542,-0.905283,-0.048586,-0.246253,0.054833,-0.303726,-0.091039,0.008917,-0.076946
7.420000,7.420000,null,0.000000,0.000000,-0.006776,-0.002554,-0.000024,0.000000,0.677703,0.255429,0.362438,-1.339126,-10.427574,-0.417135,0.064039,-0.905224,-0.049665,-0.246253,0.054833,-0.303726,-0.091040,0.008917,-0.076946
7.440000,7.440000,null,0.000000,0.000000,-0.006776,-0.002554,-0.000024,-0.000000,0.677703,0.255429,0.360900,-1.339520,-10.435312,-0.417058,0.064536,-0.905164,-0.050745,-0.246253,0.054833,-0.303726,-0.091040,0.008917,-0.076945
7.460000,7.460000,null,0.000000,0.000000,-0.006776,-0.002554,-0.000024,0.000000,0.677702,0.255429,0.359361,-1.339909,-10.443053,-0.416981,0.065033,-0.905103,-0.051824,-0.246253,0.054833,-0.303726,-0.091041,0.008917,-0.076945
7.480000,7.480000,null,0.000000,0.000000,-0.006776,-0.002554,-0.000024,0.000000,0.677702,0.255428,0.357822,-1.340295,-10.450793,-0.416903,0.065530,-0.905041,-0.052903,-0.246253,0.054833,-0.303726,-0.091041,0.008916,-0.076944
7.500000,7.500000,null,0.000000,0.000000,-0.006776,-0.002554,-0.000024,-0.000000,0.677702,0.255428,0.356281,-1.340677,-10.458531,-0.416825,0.066027,-0.904977,-0.053983,-0.246253,0.054832,-0.303726,-0.091042,0.008916,-0.076944
7.520000,7.520000,null,0.000000,0.000000,-0.006776,-0.002554,-0.000024,0.000000,0.677701,0.255428,0.354740,-1.341056,-10.466272,-0.416746,0.066524,-0.904912,-0.055062,-0.246253,0.054832,-0.303726,-0.091042,0.008916,-0.076943
7.540000,7.540000,null,0.000000,0.000000,-0.006776,-0.002554,-0.000024,-0.000000,0.677701,0.255428,0.353197,-1.341431,-10.474013,-0.416666,0.067021,-0.904846,-0.056141,-0.246253,0.054832,-0.303726,-0.091043,0.008916,-0.076943
7.560000,7.560000,null,0.000000,0.000000,-0.006776,-0.002554,-0.000024,-0.000000,0.677700,0.255428,0.351654,-1.341802,-10.481752,-0.416586,0.067518,-0.904778,-0.057220,-0.246253,0.054832,-0.303726,-0.091043,0.008916,-0.076942
7.580000,7.580000,null,0.000000,0.000000,-0.006776,-0.002554,-0.000024,-0.000000,0.677700,0.255428,0.350110,-1.342169,-10.489493,-0.416505,0.068014,-0.904709,-0.058299,-0.246253,0.054832,-0.303726,-0.091044,0.008916,-0.076941
7.600000,7.600000,null,0.000000,0.000000,-0.006776,-0.002554,-0.000024,0.000000,0.677700,0.255427,0.348565,-1.342533,-10.497233,-0.416424,0.068511,-0.904639,-0.059378,-0.246253,0.054832,-0.303726,-0.091045,0.008916,-0.076940
7.620000,7.620000,null,0.000000,0.000000,-0.006776,-0.002554,-0.000024,-0.000000,0.677700,0.255427,0.347019,-1.342893,-10.504970,-0.416342,0.069007,-0.904568,-0.060456,-0.246253,0.054832,-0.303726,-0.091045,0.008916,-0.076939
7.640000,7.640000,null,0.000000,0.000000,-0.006776,-0.002554,-0.000024,-0.000000,0.677699,0.255427,0.345472,-1.343249,-10.512712,-0.416259,0.069503,-0.904495,-0.061535,-0.246253,0.054832,-0.303726,-0.091046,0.008916,-0.076938
7.660000,7.660000,null,0.000000,0.000000,-0.006776,-0.002554,-0.000024,-0.000000,0.677699,0.255427,0.343925,-1.343601,-10.520452,-0.416176,0.070000,-0.904421,-0.062613,-0.246253,0.054831,-0.303726,-0.091047,0.008915,-0.076937
7.680000,7.680000,null,0.000000,0.000000,-0.006776,-0.002554,-0.000024,0.000000,0.677698,0.255427,0.342376,-1.343951,-10.528191,-0.416092,0.070496,-0.904346,-0.063692,-0.246253,0.054831,-0.303726,-0.091047,0.008915,-0.076936
7.700000,7.700000,null,0.000000,0.000000,-0.006776,-0.002554,-0.000024,-0.000000,0.677698,0.255427,0.340827,-1.344296,-10.535933,-0.416008,0.070992,-0.904269,-0.064770,-0.246253,0.054831,-0.303726,-0.091048,0.008915,-0.076935
7.720000,7.720000,null,0.000000,0.000000,-0.006776,-0.002554,-0.000024,-0.000000,0.677697,0.255427,0.339277,-1.344638,-10.543671,-0.415923,0.071488,-0.904191,-0.065848,-0.246253,0.054831,-0.303726,-0.091049,0.008915,-0.076934
7.740000,7.740000,null,0.000000,0.000000,-0.006776,-0.002554,-0.000024,-0.000000,0.677697,0.255426,0.337726,-1.344976,-10.551411,-0.415837,0.071984,-0.904112,-0.066927,-0.246253,0.054831,-0.303726,-0.091049,0.008915,-0.076934
7.760000,7.760000,null,0.000000,0.000000,-0.006776,-0.002554,-0.000024,-0.000000,0.677697,0.255426,0.336174,-1.345310,-10.559153,-0.415751,0.072480,-0.904031,-0.068005,-0.246253,0.054831,-0.303726,-0.091050,0.008915,-0.076933
7.780000,7.780000,null,0.000000,0.000000,-0.006776,-0.002554,-0.000024,0.000000,0.677697,0.255426,0.334622,-1.345641,-10.566893,-0.415665,0.072975,-0.903950,-0.069083,-0.246253,0.054831,-0.303726,-0.091050,0.008915,-0.076932
7.800000,7.800000,null,0.000000,0.000000,-0.006776,-0.002554,-0.000024,0.000000,0.677696,0.255426,0.333068,-1.345968,-10.574632,-0.415577,0.073471,-0.903867,-0.070160,-0.246254,0.054831,-0.303726,-0.091051,0.008915,-0.076931
7.820000,7.820000,null,0.000000,0.000000,-0.006776,-0.002554,-0.000024,-0.000000,0.677696,0.255426,0.331514,-1.346291,-10.582373,-0.415489,0.073967,-0.903782,-0.071238,-0.246254,0.054831,-0.303726,-0.091052,0.008915,-0.076930
7.840000,7.840000,null,0.000000,0.000000,-0.006776,-0.002554,-0.000024,-0.000000,0.677696,0.255426,0.329960,-1.346610,-10.590111,-0.415401,0.074462,-0.903697,-0.072316,-0.246254,0.054831,-0.303726,-0.091052,0.008915,-0.076930
7.860000,7.860000,null,0.000000,0.000000,-0.006776,-0.002554,-0.000024,-0.000000,0.677696,0.255426,0.328404,-1.346926,-10.597851,-0.415312,0.074957,-0.903610,-0.073393,-0.246254,0.054831,-0.303725,-0.091052,0.008914,-0.076929
7.880000,7.880000,null,0.000000,0.000000,-0.006776,-0.002554,-0.000024,-0.000000,0.677696,0.255426,0.326848,-1.347238,-10.605593,-0.415222,0.075453,-0.903522,-0.074471,-0.246253,0.054831,-0.303726,-0.091053,0.008914,-0.076928
7.900000,7.900000,null,0.000000,0.000000,-0.006776,-0.002554,-0.000024,0.000000,0.677696,0.255425,0.325291,-1.347547,-10.613331,-0.415132,0.075948,-0.903432,-0.075548,-0.246254,0.054831,-0.303725,-0.091053,0.008914,-0.076928
7.920000,7.920000,null,0.000000,0.000000,-0.006776,-0.002554,-0.000024,-0.000000,0.677695,0.255425,0.323733,-1.347851,-10.621073,-0.415041,0.076443,-0.903342,-0.076625,-0.246254,0.054831,-0.303725,-0.091053,0.008914,-0.076927
7.940000,7.940000,null,0.000000,0.000000,-0.006776,-0.002554,-0.000024,-0.000000,0.677695,0.255425,0.322174,-1.348152,-10.628814,-0.414949,0.076938,-0.903250,-0.077702,-0.246253,0.054831,-0.303725,-0.091053,0.008914,-0.076927
7.960000,7.960000,null,0.000000,0.000000,-0.006776,-0.002554,-0.000024,-0.000000,0.677695,0.255425,0.320615,-1.348449,-10.636550,-0.414857,0.077432,-0.903156,-0.078779,-0.246254,0.054831,-0.303725,-0.091054,0.008914,-0.076927
7.980000,7.980000,null,0.000000,0.000000,-0.006776,-0.002554,-0.000024,-0.000000,0.677695,0.255425,0.319055,-1.348743,-10.644291,-0.414765,0.077927,-0.903062,-0.079856,-0.246254,0.054832,-0.303725,-0.091054,0.008914,-0.076926
8.000000,8.000000,null,0.000000,0.000000,-0.006776,-0.002554,-0.000024,-0.000000,0.677695,0.255425,0.317495,-1.349033,-10.652032,-0.414672,0.078422,-0.902966,-0.080933,-0.246254,0.054832,-0.303725,-0.091054,0.008914,-0.076926
8.020000,8.020000,null,0.000000,0.000000,-0.006776,-0.002554,-0.000024,-0.000000,0.677696,0.255425,0.315933,-1.349319,-10.659770,-0.414578,0.078916,-0.902869,-0.082009,-0.246254,0.054832,-0.303725,-0.091054,0.008914,-0.076926
8.040000,8.040000,null,0.000000,0.000000,-0.006776,-0.002554,-0.000024,-0.000000,0.677696,0.255426,0.314371,-1.349601,-10.667512,-0.414483,0.079411,-0.902770,-0.083086,-0.246254,0.054832,-0.303725,-0.091054,0.008914,-0.076926
8.060000,8.060000,null,0.000000,0.000000,-0.006776,-0.002554,-0.000024,-0.000000,0.677696,0.255426,0.312809,-1.349879,-10.675252,-0.414388,0.079905,-0.902671,-0.084162,-0.246254,0.054832,-0.303725,-0.091053,0.008914,-0.076926
8.080000,8.080000,null,0.000000,0.000000,-0.006776,-0.002554,-0.000024,-0.000000,0.677696,0.255426,0.311245,-1.350154,-10.682990,-0.414293,0.080399,-0.902569,-0.085238,-0.246254,0.054832,-0.303725,-0.091053,0.008914,-0.076927
8.100000,8.100000,null,0.000000,0.000000,-0.006776,-0.002554,-0.000024,-0.000000,0.677697,0.255426,0.309681,-1.350425,-10.690732,-0.414197,0.080893,-0.902467,-0.086315,-0.246254,0.054832,-0.303725,-0.091053,0.008914,-0.076927
8.120000,8.120000,null,0.000000,0.000000,-0.006776,-0.002554,-0.000024,-0.000000,0.677697,0.255426,0.308117,-1.350693,-10.698472,-0.414100,0.081387,-0.902364,-0.087391,-0.246254,0.054832,-0.303725,-0.091053,0.008914,-0.076927
8.140000,8.140000,null,0.000000,0.000000,-0.006776,-0.002554,-0.000024,0.000000,0.677697,0.255426,0.306551,-1.350957,-10.706213,-0.414003,0.081881,-0.902259,-0.088466,-0.246254,0.054832,-0.303725,-0.091052,0.008914,-0.076928
8.160000,8.160000,null,0.000000,0.000000,-0.006776,-0.002554,-0.000024,0.000000,0.677698,0.255427,0.304985,-1.351217,-10.713952,-0.413905,0.082375,-0.902153,-0.089542,-0.246253,0.054833,-0.303725,-0.091052,0.008915,-0.076928
8.180000,8.180000,null,0.000000,0.000000,-0.006776,-0.002554,-0.000024,0.000000,0.677698,0.255427,0.303419,-1.351473,-10.721690,-0.413806,0.082868,-0.902045,-0.090618,-0.246253,0.054833,-0.303725,-0.091051,0.008915,-0.076928
8.200000,8.200000,null,0.000000,0.000000,-0.006776,-0.002554,-0.000024,-0.000000,0.677698,0.255427,0.301852,-1.351725,-10.729430,-0.413707,0.083361,-0.901937,-0.091693,-0.246253,0.054833,-0.303725,-0.091051,0.008915,-0.076929
8.220000,8.220000,null,0.000000,0.000000,-0.006776,-0.002554,-0.000024,-0.000000,0.677698,0.255427,0.300284,-1.351974,-10.737171,-0.413607,0.083855,-0.901827,-0.092769,-0.246253,0.054833,-0.303725,-0.091051,0.008915,-0.076930
8.240000,8.240000,null,0.000000,0.000000,-0.006776,-0.002554,-0.000024,-0.000000,0.677698,0.255427,0.298716,-1.352219,-10.744911,-0.413507,0.084348,-0.901715,-0.093844,-0.246254,0.054833,-0.303725,-0.091050,0.008915,-0.076930
8.260000,8.260000,null,0.000000,0.000000,-0.006776,-0.002554,-0.000024,-0.000000,0.677699,0.255427,0.297147,-1.352461,-10.752651,-0.413406,0.084841,-0.901603,-0.094919,-0.246253,0.054833,-0.303725,-0.091050,0.008915,-0.076931
8.280000,8.280000,null,0.000000,0.000000,-0.006776,-0.002554,-0.000024,-0.000000,0.677699,0.255427,0.295578,-1.352698,-10.760393,-0.413305,0.085334,-0.901489,-0.095994,-0.246253,0.054833,-0.303725,-0.091049,0.008915,-0.076931
8.300000,8.300000,null,0.000000,0.000000,-0.006776,-0.002554,-0.000024,-0.000000,0.677699,0.255427,0.294008,-1.352932,-10.768130,-0.413203,0.085827,-0.901374,-0.097069,-0.246253,0.054833,-0.303725,-0.091049,0.008915,-0.076932
8.320000,8.320000,null,0.000000,0.000000,-0.006776,-0.002554,-0.000024,-0.000000,0.677699,0.255427,0.292437,-1.353162,-10.775870,-0.413100,0.086319,-0.901257,-0.098144,-0.246253,0.054833,-0.303725,-0.091049,0.008915,-0.076932
8.340000,8.340000,null,0.000000,0.000000,-0.006776,-0.002554,-0.000024,0.000000,0.677700,0.255427,0.290866,-1.353388,-10.783611,-0.412997,0.086812,-0.901140,-0.099219,-0.246254,0.054833,-0.303725,-0.091048,0.008915,-0.076933
8.360000,8.360000,null,0.000000,0.000000,-0.006776,-0.002554,-0.000024,-0.000000,0.677700,0.255427,0.289294,-1.353611,-10.791348,-0.412893,0.087304,-0.901021,-0.100293,-0.246253,0.054833,-0.303725,-0.091048,0.008915,-0.076933
8.380000,8.380000,null,0.000000,0.000000,-0.006776,-0.002554,-0.000024,-0.000000,0.677700,0.255427,0.287722,-1.353829,-10.799088,-0.412789,0.087797,-0.900901,-0.101367,-0.246253,0.054833,-0.303725,-0.091048,0.008915,-0.076934
8.400000,8.400000,null,0.000000,0.000000,-0.006776,-0.002554,-0.000024,0.000000,0.677700,0.255428,0.286150,-1.354044,-10.806828,-0.412684,0.088289,-0.900779,-0.102442,-0.246253,0.054833,-0.303725,-0.091048,0.008915,-0.076934
8.420000,8.420000,null,0.000000,0.000000,-0.006776,-0.002554,-0.000024,-0.000000,0.677700,0.255428,0.284576,-1.354256,-10.814569,-0.412578,0.088781,-0.900656,-0.103516,-0.246253,0.054833,-0.303725,-0.091047,0.008915,-0.076935
8.440000,8.440000,null,0.000000,0.000000,-0.006776,-0.002554,-0.000024,-0.000000,0.677700,0.255428,0.283003,-1.354463,-10.822309,-0.412472,0.089273,-0.900532,-0.104590,-0.246253,0.054833,-0.303726,-0.091047,0.008915,-0.076935
8.460000,8.460000,null,0.000000,0.000000,-0.006776,-0.002554,-0.000024,-0.000000,0.677700,0.255428,0.281428,-1.354666,-10.830051,-0.412365,0.089764,-0.900407,-0.105664,-0.246253,0.054833,-0.303725,-0.091047,0.008915,-0.076935
8.480000,8.480000,null,0.000000,0.000000,-0.006776,-0.002554,-0.000024,0.000000,0.677700,0.255428,0.279854,-1.354867,-10.837788,-0.412258,0.090256,-0.900280,-0.106737,-0.246253,0.054833,-0.303725,-0.091047,0.008915,-0.076936
8.500000,8.500000,null,0.000000,0.000000,-0.006776,-0.002554,-0.000024,-0.000000,0.677700,0.255428,0.278279,-1.355063,-10.845528,-0.412150,0.090747,-0.900152,-0.107811,-0.246253,0.054833,-0.303725,-0.091047,0.008915,-0.076936
8.520000,8.520000,null,0.000000,0.000000,-0.006776,-0.002554,-0.000024,-0.000000,0.677700,0.255428,0.276703,-1.355255,-10.853270,-0.412041,0.091239,-0.900023,-0.108884,-0.246253,0.054833,-0.303725,-0.091047,0.008915,-0.076936
8.540000,8.540000,null,0.000000,0.000000,-0.006776,-0.002554,-0.000024,-0.000000,0.677700,0.255428,0.275127,-1.355444,-10.861010,-0.411932,0.091730,-0.899893,-0.109957,-0.246253,0.054833,-0.303725,-0.091047,0.008915,-0.076936
8.560000,8.560000,null,0.000000,0.000000,-0.006776,-0.002554,-0.000024,-0.000000,0.677700,0.255427,0.273551,-1.355629,-10.868751,-0.411823,0.092221,-0.899761,-0.111030,-0.246253,0.054833,-0.303725,-0.091047,0.008915,-0.076936
8.580000,8.580000,null,0.000000,0.000000,-0.006776,-0.002554,-0.000024,0.000000,0.677700,0.255427,0.271974,-1.355810,-10.876492,-0.411712,0.092712,-0.899628,-0.112103,-0.246253,0.054833,-0.303725,-0.091048,0.008915,-0.076936
8.600000,8.600000,null,0.000000,0.000000,-0.006776,-0.002554,-0.000024,0.000000,0.677700,0.255427,0.270396,-1.355987,-10.884231,-0.411602,0.093203,-0.899493,-0.113176,-0.246253,0.054833,-0.303725,-0.091048,0.008914,-0.076936
8.620000,8.620000,null,0.000000,0.000000,-0.006776,-0.002554,-0.000024,0.000000,0.677699,0.255427,0.268819,-1.356161,-10.891972,-0.411490,0.093693,-0.899358,-0.114248,-0.246253,0.054833,-0.303725,-0.091048,0.008914,-0.076936
8.640000,8.640000,null,0.000000,0.000000,-0.006776,-0.002554,-0.000024,0.000000,0.677699,0.255427,0.267240,-1.356331,-10.899711,-0.411378,0.094184,-0.899221,-0.115321,-0.246253,0.054833,-0.303725,-0.091048,0.008914,-0.076935
8.660000,8.660000,null,0.000000,0.000000,-0.006776,-0.002554,-0.000024,-0.000000,0.677699,0.255427,0.265662,-1.356497,-10.907449,-0.411265,0.094675,-0.899083,-0.116393,-0.246253,0.054833,-0.303725,-0.091048,0.008914,-0.076935
8.680000,8.680000,null,0.000000,0.000000,-0.006776,-0.002554,-0.000024,-0.000000,0.677699,0.255427,0.264083,-1.356660,-10.915191,-0.411152,0.095165,-0.898944,-0.117465,-0.246253,0.054833,-0.303725,-0.091048,0.008914,-0.076935
8.700000,8.700000,null,0.000000,0.000000,-0.006776,-0.002554,-0.000024,-0.000000,0.677699,0.255427,0.262503,-1.356818,-10.922930,-0.411039,0.095655,-0.898803,-0.118537,-0.246253,0.054833,-0.303725,-0.091049,0.008914,-0.076935
8.720000,8.720000,null,0.000000,0.000000,-0.006776,-0.002554,-0.000024,-0.000000,0.677699,0.255427,0.260924,-1.356972,-10.930670,-0.410924,0.096146,-0.898661,-0.119609,-0.246253,0.054833,-0.303725,-0.091049,0.008914,-0.076935
8.740000,8.740000,null,0.000000,0.000000,-0.006776,-0.002554,-0.000024,-0.000000,0.677699,0.255427,0.259344,-1.357123,-10.938411,-0.410809,0.096635,-0.898517,-0.120680,-0.246253,0.054833,-0.303725,-0.091049,0.008914,-0.076935
8.760000,8.760000,null,0.000000,0.000000,-0.006776,-0.002554,-0.000024,0.000000,0.677699,0.255427,0.257763,-1.357271,-10.946149,-0.410694,0.097125,-0.898373,-0.121751,-0.246253,0.054833,-0.303725,-0.091049,0.008914,-0.076935
8.780000,8.780000,null,0.000000,0.000000,-0.006776,-0.002554,-0.000024,0.000000,0.677700,0.255427,0.256182,-1.357414,-10.953889,-0.410577,0.097615,-0.898227,-0.122823,-0.246253,0.054833,-0.303725,-0.091048,0.008914,-0.076935
8.800000,8.800000,null,0.000000,0.000000,-0.006776,-0.002554,-0.000024,-0.000000,0.677699,0.255427,0.254601,-1.357554,-10.961631,-0.410461,0.098105,-0.898080,-0.123893,-0.246253,0.054833,-0.303725,-0.091048,0.008915,-0.076935
8.820000,8.820000,null,0.000000,0.000000,-0.006776,-0.002554,-0.000024,-0.000000,0.677700,0.255427,0.253020,-1.357689,-10.969368,-0.410344,0.098594,-0.897932,-0.124964,-0.246253,0.054833,-0.303725,-0.091048,0.008915,-0.076936
8.840000,8.840000,null,0.000000,0.000000,-0.006776,-0.002554,-0.000024,-0.000000,0.677700,0.255427,0.251438,-1.357822,-10.977106,-0.410226,0.099083,-0.897782,-0.126035,-0.246253,0.054833,-0.303725,-0.091048,0.008915,-0.076936
8.860000,8.860000,null,0.000000,0.000000,-0.006776,-0.002554,-0.000024,-0.000000,0.677700,0.255428,0.249856,-1.357950,-10.984849,-0.410107,0.099573,-0.897631,-0.127105,-0.246253,0.054833,-0.303725,-0.091048,0.008915,-0.076936
8.880000,8.880000,null,0.000000,0.000000,-0.006776,-0.002554,-0.000024,0.000000,0.677700,0.255428,0.248273,-1.358074,-10.992586,-0.409988,0.100062,-0.897479,-0.128176,-0.246253,0.054833,-0.303725,-0.091047,0.008915,-0.076936
8.900000,8.900000,null,0.000000,0.000000,-0.006776,-0.002554,-0.000024,0.000000,0.677700,0.255428,0.246691,-1.358195,-11.000327,-0.409869,0.100550,-0.897325,-0.129246,-0.246253,0.054833,-0.303725,-0.091047,0.008915,-0.076937
8.920000,8.920000,null,0.000000,0.000000,-0.006776,-0.002554,-0.000024,-0.000000,0.677700,0.255428,0.245108,-1.358313,-11.008066,-0.409748,0.101039,-0.897171,-0.130315,-0.246253,0.054833,-0.303725,-0.091047,0.008915,-0.076937
8.940000,8.940000,null,0.000000,0.000000,-0.006776,-0.002554,-0.000024,-0.000000,0.677701,0.255428,0.243525,-1.358426,-11.015807,-0.409628,0.101528,-0.897015,-0.131385,-0.246253,0.054834,-0.303725,-0.091046,0.008915,-0.076937
8.960000,8.960000,null,0.000000,0.000000,-0.006776,-0.002554,-0.000024,-0.000000,0.677701,0.255428,0.241941,-1.358536,-11.023545,-0.409506,0.102016,-0.896857,-0.132455,-0.246253,0.054834,-0.303725,-0.091046,0.008915,-0.076938
8.980000,8.980000,null,0.000000,0.000000,-0.006776,-0.002554,-0.000024,-0.000000,0.677701,0.255428,0.240357,-1.358642,-11.031285,-0.409384,0.102504,-0.896699,-0.133524,-0.246253,0.054834,-0.303725,-0.091046,0.008915,-0.076938
9.000000,9.000000,null,0.000000,0.000000,-0.006776,-0.002554,-0.000024,0.000000,0.677702,0.255428,0.238773,-1.358743,-11.039024,-0.409262,0.102993,-0.896539,-0.134593,-0.246253,0.054834,-0.303725,-0.091045,0.008915,-0.076939
9.020000,9.020000,null,0.000000,0.000000,-0.006776,-0.002554,-0.000024,-0.000000,0.677702,0.255428,0.237189,-1.358842,-11.046763,-0.409139,0.103481,-0.896378,-0.135662,-0.246253,0.054834,-0.303725,-0.091045,0.008915,-0.076939
9.040000,9.040000,null,0.000000,0.000000,-0.006776,-0.002554,-0.000024,-0.000000,0.677702,0.255428,0.235605,-1.358936,-11.054506,-0.409015,0.103968,-0.896215,-0.136731,-0.246253,0.054834,-0.303725,-0.091045,0.008915,-0.076940
9.060000,9.060000,null,0.000000,0.000000,-0.006776,-0.002554,-0.000024,-0.000000,0.677702,0.255428,0.234020,-1.359027,-11.062243,-0.408891,0.104456,-0.896052,-0.137799,-0.246254,0.054834,-0.303725,-0.091044,0.008916,-0.076940
9.080000,9.080000,null,0.000000,0.000000,-0.006776,-0.002554,-0.000024,0.000000,0.677702,0.255428,0.232435,-1.359114,-11.069983,-0.408766,0.104944,-0.895887,-0.138868,-0.246254,0.054834,-0.303725,-0.091044,0.008916,-0.076941
9.100000,9.100000,null,0.000000,0.000000,-0.006776,-0.002554,-0.000024,-0.000000,0.677702,0.255429,0.230850,-1.359197,-11.077725,-0.408640,0.105431,-0.895720,-0.139936,-0.246253,0.054834,-0.303725,-0.091043,0.008916,-0.076941
9.120000,9.120000,null,0.000000,0.000000,-0.006776,-0.002554,-0.000024,0.000000,0.677703,0.255429,0.229264,-1.359277,-11.085463,-0.408515,0.105918,-0.895553,-0.141004,-0.246254,0.054834,-0.303725,-0.091043,0.008916,-0.076942
9.140000,9.140000,null,0.000000,0.000000,-0.006776,-0.002554,-0.000024,0.000000,0.677703,0.255429,0.227679,-1.359352,-11.093202,-0.408388,0.106405,-0.895384,-0.142072,-0.246254,0.054834,-0.303725,-0.091043,0.008916,-0.076942
9.160000,9.160000,null,0.000000,0.000000,-0.006776,-0.002554,-0.000024,-0.000000,0.677703,0.255429,0.226093,-1.359424,-11.100945,-0.408261,0.106892,-0.895214,-0.143139,-0.246254,0.054834,-0.303725,-0.091042,0.008916,-0.076943
9.180000,9.180000,null,0.000000,0.000000,-0.006776,-0.002554,-0.000024,-0.000000,0.677703,0.255429,0.224508,-1.359492,-11.108683,-0.408133,0.107379,-0.895043,-0.144207,-0.246254,0.054834,-0.303725,-0.091042,0.008916,-0.076944
9.200000,9.200000,null,0.000000,0.000000,-0.006776,-0.002554,-0.000024,0.000000,0.677703,0.255429,0.222922,-1.359556,-11.116425,-0.408005,0.107866,-0.894870,-0.145274,-0.246254,0.054834,-0.303725,-0.091041,0.008916,-0.076944
9.220000,9.220000,null,0.000000,0.000000,-0.006776,-0.002554,-0.000024,-0.000000,0.677704,0.255429,0.221335,-1.359617,-11.124165,-0.407876,0.108352,-0.894696,-0.146341,-0.246254,0.054834,-0.303725,-0.091041,0.008916,-0.076945
9.240000,9.240000,null,0.000000,0.000000,-0.006776,-0.002554,-0.000024,-0.000000,0.677704,0.255429,0.219749,-1.359673,-11.131900,-0.407746,0.108838,-0.894521,-0.147407,-0.246254,0.054834,-0.303725,-0.091041,0.008916,-0.076945
9.260000,9.260000,null,0.000000,0.000000,-0.006776,-0.002554,-0.000024,0.000000,0.677704,0.255429,0.218163,-1.359726,-11.139641,-0.407616,0.109324,-0.894345,-0.148474,-0.246254,0.054834,-0.303725,-0.091040,0.008916,-0.076945
9.280000,9.280000,null,0.000000,0.000000,-0.006776,-0.002554,-0.000024,0.000000,0.677704,0.255429,0.216576,-1.359775,-11.147380,-0.407485,0.109810,-0.894167,-0.149540,-0.246254,0.054834,-0.303725,-0.091040,0.008916,-0.076946
9.300000,9.300000,null,0.000000,0.000000,-0.006776,-0.002554,-0.000024,-0.000000,0.677704,0.255429,0.214990,-1.359821,-11.155120,-0.407354,0.110296,-0.893988,-0.150606,-0.246254,0.054834,-0.303725,-0.091040,0.008917,-0.076946
9.320000,9.320000,null,0.000000,0.000000,-0.006776,-0.002554,-0.000024,0.000000,0.677704,0.255429,0.213403,-1.359862,-11.162858,-0.407223,0.110782,-0.893808,-0.151672,-0.246254,0.054834,-0.303725,-0.091040,0.008917,-0.076947
9.340000,9.340000,null,0.000000,0.000000,-0.006776,-0.002554,-0.000024,-0.000000,0.677704,0.255429,0.211816,-1.359900,-11.170599,-0.407090,0.111267,-0.893627,-0.152738,-0.246254,0.054834,-0.303725,-0.091039,0.008917,-0.076947
9.360000,9.360000,null,0.000000,0.000000,-0.006776,-0.002554,-0.000024,-0.000000,0.677704,0.255429,0.210229,-1.359934,-11.178337,-0.406957,0.111753,-0.893444,-0.153803,-0.246254,0.054834,-0.303725,-0.091039,0.008917,-0.076947
9.380000,9.380000,null,0.000000,0.000000,-0.006776,-0.002554,-0.000024,0.000000,0.677704,0.255429,0.208642,-1.359964,-11.186074,-0.406824,0.112238,-0.893260,-0.154869,-0.246254,0.054834,-0.303725,-0.091039,0.008917,-0.076948
9.400000,9.400000,null,0.000000,0.000000,-0.006776,-0.002554,-0.000024,-0.000000,0.677704,0.255429,0.207055,-1.359990,-11.193815,-0.406689,0.112723,-0.893074,-0.155934,-0.246254,0.054834,-0.303725,-0.091038,0.008917,-0.076948
9.420000,9.420000,null,0.000000,0.000000,-0.006776,-0.002554,-0.000024,0.000000,0.677704,0.255429,0.205468,-1.360013,-11.201555,-0.406555,0.113208,-0.892888,-0.156999,-0.246254,0.054834,-0.303725,-0.091038,0.008917,-0.076948
9.440000,9.440000,null,0.000000,0.000000,-0.006776,-0.002554,-0.000024,-0.000000,0.677704,0.255429,0.203881,-1.360032,-11.209295,-0.406419,0.113692,-0.892700,-0.158063,-0.246254,0.054834,-0.303725,-0.091038,0.008916,-0.076948
9.460000,9.460000,null,0.000000,0.000000,-0.006776,-0.002554,-0.000024,-0.000000,0.677704,0.255429,0.202294,-1.360047,-11.217037,-0.406283,0.114177,-0.892511,-0.159127,-0.246254,0.054834,-0.303725,-0.091038,0.008916,-0.076949
9.480000,9.480000,null,0.000000,0.000000,-0.006776,-0.002554,-0.000024,-0.000000,0.677704,0.255429,0.200706,-1.360058,-11.224776,-0.406147,0.114661,-0.892320,-0.160192,-0.246254,0.054834,-0.303725,-0.091038,0.008916,-0.076949
9.500000,9.500000,null,0.000000,0.000000,-0.006776,-0.002554,-0.000024,0.000000,0.677704,0.255430,0.199119,-1.360066,-11.232515,-0.406010,0.115145,-0.892129,-0.161255,-0.246254,0.054834,-0.303725,-0.091038,0.008916,-0.076949
9.520000,9.520000,null,0.000000,0.000000,-0.006776,-0.002554,-0.000024,-0.000000,0.677704,0.255429,0.197532,-1.360070,-11.240259,-0.405873,0.115629,-0.891936,-0.162319,-0.246254,0.054834,-0.303725,-0.091038,0.008916,-0.076949
9.540000,9.540000,null,0.000000,0.000000,-0.006776,-0.002554,-0.000024,0.000000,0.677704,0.255429,0.195944,-1.360070,-11.247996,-0.405734,0.116113,-0.891742,-0.163383,-0.246254,0.054833,-0.303725,-0.091038,0.008916,-0.076949
9.560000,9.560000,null,0.000000,0.000000,-0.006776,-0.002554,-0.000024,0.000000,0.677704,0.255429,0.194357,-1.360066,-11.255738,-0.405596,0.116597,-0.891546,-0.164446,-0.246254,0.054833,-0.303725,-0.091038,0.008916,-0.076949
9.580000,9.580000,null,0.000000,0.000000,-0.006776,-0.002554,-0.000024,0.000000,0.677704,0.255429,0.192770,-1.360058,-11.263478,-0.405456,0.117080,-0.891350,-0.165509,-0.246254,0.054833,-0.303725,-0.091038,0.008916,-0.076949
9.600000,9.600000,null,0.000000,0.000000,-0.006776,-0.002554,-0.000024,0.000000,0.677703,0.255429,0.191183,-1.360046,-11.271216,-0.405316,0.117563,-0.891152,-0.166572,-0.246254,0.054833,-0.303725,-0.091038,0.008916,-0.076949
9.620000,9.620000,null,0.000000,0.000000,-0.006776,-0.002554,-0.000024,0.000000,0.677703,0.255429,0.189595,-1.360031,-11.278957,-0.405176,0.118047,-0.890952,-0.167634,-0.246254,0.054833,-0.303725,-0.091038,0.008916,-0.076948
9.640000,9.640000,null,0.000000,0.000000,-0.006776,-0.002554,-0.000024,-0.000000,0.677703,0.255429,0.188008,-1.360012,-11.286697,-0.405035,0.118530,-0.890752,-0.168696,-0.246254,0.054833,-0.303725,-0.091038,0.008916,-0.076948
9.660000,9.660000,null,0.000000,0.000000,-0.006776,-0.002554,-0.000024,-0.000000,0.677703,0.255429,0.186421,-1.359989,-11.294435,-0.404893,0.119012,-0.890550,-0.169758,-0.246254,0.054833,-0.303725,-0.091038,0.008916,-0.076948
9.680000,9.680000,null,0.000000,0.000000,-0.006776,-0.002554,-0.000024,-0.000000,0.677703,0.255429,0.184834,-1.359962,-11.302174,-0.404751,0.119495,-0.890347,-0.170820,-0.246254,0.054833,-0.303725,-0.091038,0.008915,-0.076948
9.700000,9.700000,null,0.000000,0.000000,-0.006776,-0.002554,-0.000024,-0.000000,0.677703,0.255429,0.183247,-1.359932,-11.309917,-0.404608,0.119978,-0.890143,-0.171882,-0.246254,0.054833,-0.303725,-0.091038,0.008915,-0.076947
9.720000,9.720000,null,0.000000,0.000000,-0.006776,-0.002554,-0.000024,-0.000000,0.677703,0.255429,0.181660,-1.359898,-11.317654,-0.404465,0.120460,-0.889937,-0.172943,-0.246254,0.054833,-0.303725,-0.091038,0.008915,-0.076947
9.740000,9.740000,null,0.000000,0.000000,-0.006776,-0.002554,-0.000024,-0.000000,0.677703,0.255429,0.180073,-1.359860,-11.325394,-0.404321,0.120942,-0.889730,-0.174004,-0.246254,0.054833,-0.303725,-0.091039,0.008915,-0.076947
9.760000,9.760000,null,0.000000,0.000000,-0.006776,-0.002554,-0.000024,-0.000000,0.677702,0.255429,0.178487,-1.359818,-11.333136,-0.404177,0.121424,-0.889522,-0.175065,-0.246254,0.054833,-0.303726,-0.091039,0.008915,-0.076947
9.780000,9.780000,null,0.000000,0.000000,-0.006776,-0.002554,-0.000024,-0.000000,0.677702,0.255429,0.176900,-1.359773,-11.340875,-0.404032,0.121906,-0.889313,-0.176125,-0.246254,0.054833,-0.303725,-0.091039,0.008915,-0.076946
9.800000,9.800000,null,0.000000,0.000000,-0.006776,-0.002554,-0.000024,-0.000000,0.677703,0.255429,0.175313,-1.359723,-11.348616,-0.403886,0.122388,-0.889102,-0.177185,-0.246253,0.054833,-0.303726,-0.091039,0.008915,-0.076946
9.820000,9.820000,null,0.000000,0.000000,-0.006776,-0.002554,-0.000024,-0.000000,0.677702,0.255429,0.173727,-1.359670,-11.356356,-0.403740,0.122869,-0.888890,-0.178245,-0.246253,0.054833,-0.303726,-0.091039,0.008915,-0.076946
9.840000,9.840000,null,0.000000,0.000000,-0.006776,-0.002554,-0.000024,-0.000000,0.677702,0.255429,0.172141,-1.359613,-11.364097,-0.403593,0.123351,-0.888677,-0.179305,-0.246253,0.054833,-0.303726,-0.091039,0.008915,-0.076946
9.860000,9.860000,null,0.000000,0.000000,-0.006776,-0.002554,-0.000024,-0.000000,0.677702,0.255429,0.170555,-1.359553,-11.371838,-0.403445,0.123832,-0.888463,-0.180365,-0.246253,0.054833,-0.303726,-0.091039,0.008915,-0.076946
9.880000,9.880000,null,0.000000,0.000000,-0.006776,-0.002554,-0.000024,0.000000,0.677702,0.255429,0.168969,-1.359488,-11.379577,-0.403298,0.124313,-0.888247,-0.181424,-0.246253,0.054833,-0.303726,-0.091039,0.008915,-0.076946
9.900000,9.900000,null,0.000000,0.000000,-0.006776,-0.002554,-0.000024,-0.000000,0.677702,0.255428,0.167383,-1.359420,-11.387317,-0.403149,0.124794,-0.888030,-0.182483,-0.246253,0.054833,-0.303726,-0.091039,0.008915,-0.076946
9.920000,9.920000,null,0.000000,0.000000,-0.006776,-0.002554,-0.000024,-0.000000,0.677702,0.255428,0.165797,-1.359347,-11.395060,-0.403000,0.125274,-0.887812,-0.183541,-0.246253,0.054833,-0.303726,-0.091039,0.008915,-0.076946
9.940000,9.940000,null,0.000000,0.000000,-0.006776,-0.002554,-0.000024,-0.000000,0.677702,0.255429,0.164212,-1.359271,-11.402796,-0.402850,0.125754,-0.887592,-0.184600,-0.246253,0.054833,-0.303726,-0.091039,0.008914,-0.076946
9.960000,9.960000,null,0.000000,0.000000,-0.006776,-0.002554,-0.000024,-0.000000,0.677702,0.255428,0.162626,-1.359192,-11.410536,-0.402700,0.126234,-0.887372,-0.185658,-0.246253,0.054832,-0.303726,-0.091039,0.008914,-0.076945
9.980000,9.980000,null,0.000000,0.000000,-0.006776,-0.002554,-0.000024,0.000000,0.677701,0.255428,0.161041,-1.359108,-11.418278,-0.402549,0.126714,-0.887150,-0.186716,-0.246253,0.054832,-0.303726,-0.091040,0.008914,-0.076945
10.000000,10.000000,null,0.000000,0.000000,-0.006776,-0.002554,-0.000024,0.000000,0.677701,0.255428,0.159456,-1.359021,-11.426014,-0.402398,0.127194,-0.886927,-0.187774,-0.246253,0.054832,-0.303726,-0.091040,0.008914,-0.076944
10.020000,10.020000,null,0.000000,0.000000,-0.006776,-0.002554,-0.000024,-0.000000,0.677700,0.255428,0.157872,-1.358930,-11.433755,-0.402246,0.127673,-0.886702,-0.188831,-0.246253,0.054831,-0.303726,-0.091041,0.008913,-0.076944
10.040000,10.040000,null,0.000000,0.000000,-0.006776,-0.002554,-0.000024,0.000000,0.677700,0.255427,0.156287,-1.358835,-11.441496,-0.402093,0.128152,-0.886476,-0.189888,-0.246253,0.054831,-0.303726,-0.091042,0.008913,-0.076943
10.060000,10.060000,null,0.000000,0.000000,-0.006776,-0.002554,-0.000024,0.000000,0.677700,0.255427,0.154703,-1.358737,-11.449235,-0.401940,0.128631,-0.886249,-0.190946,-0.246253,0.054831,-0.303727,-0.091043,0.008912,-0.076942
10.080000,10.080000,null,0.000000,0.000000,-0.006776,-0.002554,-0.000024,0.000000,0.677698,0.255427,0.153119,-1.358635,-11.456973,-0.401787,0.129110,-0.886021,-0.192002,-0.246253,0.054831,-0.303727,-0.091044,0.008912,-0.076940
10.100000,10.100000,null,0.000000,0.000000,-0.006776,-0.002554,-0.000024,0.000000,0.677698,0.255427,0.151535,-1.358529,-11.464713,-0.401632,0.129589,-0.885791,-0.193059,-0.246253,0.054831,-0.303727,-0.091045,0.008911,-0.076939
10.120000,10.120000,null,0.000000,0.000000,-0.006776,-0.002554,-0.000024,-0.000000,0.677697,0.255426,0.149952,-1.358419,-11.472451,-0.401478,0.130068,-0.885560,-0.194115,-0.246253,0.054830,-0.303727,-0.091046,0.008911,-0.076938
10.140000,10.140000,null,0.000000,0.000000,-0.006776,-0.002554,-0.000024,0.000000,0.677696,0.255426,0.148369,-1.358305,-11.480191,-0.401322,0.130546,-0.885328,-0.195171,-0.246253,0.054830,-0.303727,-0.091047,0.008910,-0.076936
10.160000,10.160000,null,0.000000,0.000000,-0.006776,-0.002554,-0.000024,0.000000,0.677695,0.255425,0.146786,-1.358188,-11.487933,-0.401166,0.131025,-0.885095,-0.196226,-0.246253,0.054830,-0.303727,-0.091049,0.008910,-0.076935
10.180000,10.180000,null,0.000000,0.000000,-0.006776,-0.002554,-0.000024,0.000000,0.677695,0.255425,0.145203,-1.358067,-11.495670,-0.401010,0.131503,-0.884860,-0.197282,-0.246253,0.054830,-0.303727,-0.091050,0.008909,-0.076933
10.200000,10.200000,null,0.000000,0.000000,-0.006776,-0.002554,-0.000024,0.000000,0.677694,0.255425,0.143621,-1.357942,-11.503411,-0.400853,0.131981,-0.884625,-0.198337,-0.246253,0.054830,-0.303727,-0.091051,0.008909,-0.076931
10.220000,10.220000,null,0.000000,0.000000,-0.006776,-0.002554,-0.000024,-0.000000,0.677694,0.255424,0.142039,-1.357813,-11.511152,-0.400695,0.132459,-0.884387,-0.199391,-0.246253,0.054830,-0.303727,-0.091053,0.008908,-0.076930
10.240000,10.240000,null,0.000000,0.000000,-0.006776,-0.002554,-0.000024,-0.000000,0.677693,0.255424,0.140457,-1.357681,-11.518889,-0.400537,0.132936,-0.884149,-0.200446,-0.246252,0.054830,-0.303727,-0.091054,0.008908,-0.076928
10.260000,10.260000,null,0.000000,0.000000,-0.006776,-0.002554,-0.000024,0.000000,0.677693,0.255424,0.138875,-1.357545,-11.526630,-0.400378,0.133414,-0.883909,-0.201500,-0.246253,0.054829,-0.303727,-0.091055,0.008907,-0.076927
10.280000,10.280000,null,0.000000,0.000000,-0.006776,-0.002554,-0.000024,0.000000,0.677692,0.255424,0.137294,-1.357405,-11.534371,-0.400219,0.133891,-0.883669,-0.202554,-0.246252,0.054829,-0.303727,-0.091057,0.008907,-0.076925
10.300000,10.300000,null,0.000000,0.000000,-0.006776,-0.002554,-0.000024,-0.000000,0.677692,0.255424,0.135713,-1.357261,-11.542109,-0.400059,0.134368,-0.883426,-0.203608,-0.246252,0.054829,-0.303727,-0.091058,0.008906,-0.076924
10.320000,10.320000,null,0.000000,0.000000,-0.006776,-0.002554,-0.000024,-0.000000,0.677692,0.255423,0.134133,-1.357113,-11.549850,-0.399898,0.134845,-0.883183,-0.204661,-0.246252,0.054829,-0.303727,-0.091059,0.008906,-0.076922
10.340000,10.340000,null,0.000000,0.000000,-0.006776,-0.002554,-0.000024,0.000000,0.677691,0.255423,0.132553,-1.356962,-11.557591,-0.399737,0.135322,-0.882938,-0.205714,-0.246252,0.054829,-0.303727,-0.091060,0.008905,-0.076921
10.360000,10.360000,null,0.000000,0.000000,-0.006776,-0.002554,-0.000024,-0.000000,0.677691,0.255423,0.130973,-1.356807,-11.565331,-0.399575,0.135799,-0.882692,-0.206767,-0.246252,0.054829,-0.303727,-0.091061,0.008905,-0.076920
10.380000,10.380000,null,0.000000,0.000000,-0.006776,-0.002554,-0.000024,-0.000000,0.677690,0.255423,0.129394,-1.356648,-11.573072,-0.399413,0.136275,-0.882445,-0.207819,-0.246252,0.054829,-0.303727,-0.091062,0.008905,-0.076918
10.400000,10.400000,null,0.000000,0.000000,-0.006776,-0.002554,-0.000024,-0.000000,0.677690,0.255423,0.127815,-1.356486,-11.580811,-0.399250,0.136751,-0.882197,-0.208871,-0.246252,0.054829,-0.303727,-0.091063,0.008904,-0.076917
10.420000,10.420000,null,0.000000,0.000000,-0.006776,-0.002554,-0.000024,-0.000000,0.677690,0.255423,0.126236,-1.356320,-11.588552,-0.399087,0.137227,-0.881947,-0.209923,-0.246253,0.054829,-0.303727,-0.091064,0.008904,-0.076916
10.440000,10.440000,null,0.000000,0.000000,-0.006776,-0.002554,-0.000024,-0.000000,0.677689,0.255423,0.124658,-1.356150,-11.596291,-0.398923,0.137703,-0.881696,-0.210975,-0.246252,0.054829,-0.303727,-0.091065,0.008904,-0.076915
10.460000,10.460000,null,0.000000,0.000000,-0.006776,-0.002554,-0.000024,-0.000000,0.677689,0.255422,0.123080,-1.355976,-11.604032,-0.398759,0.138179,-0.881444,-0.212026,-0.246252,0.054829,-0.303727,-0.091066,0.008904,-0.076914
10.480000,10.480000,null,0.000000,0.000000,-0.006776,-0.002554,-0.000024,0.000000,0.677689,0.255422,0.121503,-1.355798,-11.611771,-0.398594,0.138654,-0.881190,-0.213077,-0.246252,0.054829,-0.303727,-0.091067,0.008904,-0.076912
10.500000,10.500000,null,0.000000,0.000000,-0.006776,-0.002554,-0.000024,-0.000000,0.677689,0.255422,0.119926,-1.355617,-11.619511,-0.398428,0.139130,-0.880936,-0.214128,-0.246252,0.054829,-0.303727,-0.091067,0.008904,-0.076912
10.520000,10.520000,null,0.000000,0.000000,-0.006776,-0.002554,-0.000024,-0.000000,0.677688,0.255422,0.118350,-1.355431,-11.627251,-0.398262,0.139605,-0.880680,-0.215178,-0.246252,0.054829,-0.303727,-0.091068,0.008903,-0.076911
10.540000,10.540000,null,0.000000,0.000000,-0.006776,-0.002554,-0.000024,-0.000000,0.677688,0.255422,0.116774,-1.355242,-11.634990,-0.398095,0.140080,-0.880422,-0.216228,-0.246252,0.054829,-0.303727,-0.091069,0.008903,-0.076910
10.560000,10.560000,null,0.000000,0.000000,-0.006776,-0.002554,-0.000024,-0.000000,0.677688,0.255422,0.115198,-1.355050,-11.642731,-0.397928,0.140554,-0.880164,-0.217278,-0.246252,0.054829,-0.303727,-0.091069,0.008903,-0.076909
10.580000,10.580000,null,0.000000,0.000000,-0.006776,-0.002554,-0.000024,-0.000000,0.677688,0.255422,0.113623,-1.354853,-11.650469,-0.397760,0.141029,-0.879904,-0.218327,-0.246252,0.054830,-0.303727,-0.091070,0.008903,-0.076909
10.600000,10.600000,null,0.000000,0.000000,-0.006776,-0.002554,-0.000024,-0.000000,0.677688,0.255422,0.112048,-1.354653,-11.658210,-0.397591,0.141503,-0.879643,-0.219376,-0.246253,0.054830,-0.303726,-0.091070,0.008903,-0.076908
10.620000,10.620000,null,0.000000,0.000000,-0.006776,-0.002554,-0.000024,-0.000000,0.677688,0.255422,0.110474,-1.354449,-11.665952,-0.397422,0.141977,-0.879381,-0.220425,-0.246253,0.054830,-0.303726,-0.091070,0.008903,-0.076908
10.640000,10.640000,null,0.000000,0.000000,-0.006776,-0.002554,-0.000024,-0.000000,0.677688,0.255422,0.108901,-1.354241,-11.673689,-0.397253,0.142451,-0.879117,-0.221474,-0.246252,0.054830,-0.303726,-0.091070,0.008903,-0.076908
10.660000,10.660000,null,0.000000,0.000000,-0.006776,-0.002554,-0.000024,-0.000000,0.677688,0.255422,0.107327,-1.354030,-11.681428,-0.397083,0.142925,-0.878853,-0.222522,-0.246253,0.054830,-0.303726,-0.091070,0.008903,-0.076907
10.680000,10.680000,null,0.000000,0.000000,-0.006776,-0.002554,-0.000024,-0.000000,0.677688,0.255422,0.105755,-1.353815,-11.689171,-0.396912,0.143398,-0.878587,-0.223570,-0.246253,0.054830,-0.303726,-0.091070,0.008904,-0.076907
10.700000,10.700000,null,0.000000,0.000000,-0.006776,-0.002554,-0.000024,0.000000,0.677689,0.255422,0.104183,-1.353596,-11.696909,-0.396740,0.143872,-0.878320,-0.224617,-0.246253,0.054830,-0.303726,-0.091070,0.008904,-0.076907
10.720000,10.720000,null,0.000000,0.000000,-0.006776,-0.002554,-0.000024,-0.000000,0.677689,0.255422,0.102611,-1.353374,-11.704651,-0.396569,0.144345,-0.878051,-0.225664,-0.246253,0.054830,-0.303726,-0.091070,0.008904,-0.076907
10.740000,10.740000,null,0.000000,0.000000,-0.006776,-0.002554,-0.000024,-0.000000,0.677689,0.255422,0.101040,-1.353147,-11.712390,-0.396396,0.144818,-0.877781,-0.226711,-0.246253,0.054831,-0.303726,-0.091070,0.008904,-0.076907
10.760000,10.760000,null,0.000000,0.000000,-0.006776,-0.002554,-0.000024,-0.000000,0.677689,0.255423,0.099469,-1.352917,-11.720127,-0.396223,0.145290,-0.877510,-0.227758,-0.246253,0.054831,-0.303726,-0.091070,0.008904,-0.076907
10.780000,10.780000,null,0.000000,0.000000,-0.006776,-0.002554,-0.000024,-0.000000,0.677689,0.255423,0.097900,-1.352683,-11.727867,-0.396050,0.145763,-0.877238,-0.228804,-0.246253,0.054831,-0.303726,-0.091070,0.008904,-0.076907
10.800000,10.800000,null,0.000000,0.000000,-0.006776,-0.002554,-0.000024,-0.000000,0.677690,0.255423,0.096330,-1.352445,-11.735606,-0.395875,0.146235,-0.876965,-0.229850,-0.246253,0.054831,-0.303726,-0.091070,0.008905,-0.076908
10.820000,10.820000,null,0.000000,0.000000,-0.006776,-0.002554,-0.000024,0.000000,0.677690,0.255423,0.094761,-1.352204,-11.743345,-0.395701,0.146707,-0.876690,-0.230896,-0.246253,0.054831,-0.303726,-0.091069,0.008905,-0.076908
10.840000,10.840000,null,0.000000,0.000000,-0.006776,-0.002554,-0.000024,-0.000000,0.677691,0.255423,0.093193,-1.351958,-11.751084,-0.395526,0.147179,-0.876414,-0.231941,-0.246253,0.054831,-0.303726,-0.091069,0.008905,-0.076908
10.860000,10.860000,null,0.000000,0.000000,-0.006776,-0.002554,-0.000024,-0.000000,0.677691,0.255423,0.091625,-1.351709,-11.758825,-0.395350,0.147651,-0.876137,-0.232986,-0.246253,0.054831,-0.303726,-0.091069,0.008905,-0.076909
10.880000,10.880000,null,0.000000,0.000000,-0.006776,-0.002554,-0.000024,-0.000000,0.677691,0.255423,0.090058,-1.351457,-11.766564,-0.395173,0.148122,-0.875858,-0.234030,-0.246253,0.054832,-0.303726,-0.091068,0.008906,-0.076909
10.900000,10.900000,null,0.000000,0.000000,-0.006776,-0.002554,-0.000024,-0.000000,0.677691,0.255423,0.088492,-1.351200,-11.774306,-0.394997,0.148593,-0.875578,-0.235075,-0.246253,0.054832,-0.303726,-0.091068,0.008906,-0.076910
10.920000,10.920000,null,0.000000,0.000000,-0.006776,-0.002554,-0.000024,-0.000000,0.677692,0.255423,0.086926,-1.350940,-11.782047,-0.394819,0.149064,-0.875297,-0.236119,-0.246253,0.054832,-0.303726,-0.091068,0.008906,-0.076910
10.940000,10.940000,null,0.000000,0.000000,-0.006776,-0.002554,-0.000024,-0.000000,0.677692,0.255424,0.085361,-1.350676,-11.789783,-0.394641,0.149535,-0.875015,-0.237162,-0.246253,0.054832,-0.303726,-0.091067,0.008906,-0.076911
10.960000,10.960000,null,0.000000,0.000000,-0.006776,-0.002554,-0.000024,-0.000000,0.677692,0.255424,0.083796,-1.350409,-11.797525,-0.394463,0.150006,-0.874732,-0.238205,-0.246253,0.054832,-0.303726,-0.091067,0.008907,-0.076912
10.980000,10.980000,null,0.000000,0.000000,-0.006776,-0.002554,-0.000024,0.000000,0.677693,0.255424,0.082232,-1.350137,-11.805264,-0.394283,0.150476,-0.874447,-0.239248,-0.246253,0.054832,-0.303726,-0.091067,0.008907,-0.076912
11.000000,11.000000,null,0.000000,0.000000,-0.006776,-0.002554,-0.000024,-0.000000,0.677693,0.255424,0.080669,-1.349863,-11.813003,-0.394103,0.150946,-0.874161,-0.240291,-0.246253,0.054832,-0.303726,-0.091066,0.008907,-0.076913
11.020000,11.020000,null,0.000000,0.000000,-0.006776,-0.002554,-0.000024,-0.000000,0.677693,0.255424,0.079106,-1.349584,-11.820742,-0.393923,0.151416,-0.873874,-0.241333,-0.246253,0.054832,-0.303726,-0.091066,0.008907,-0.076914
11.040000,11.040000,null,0.000000,0.000000,-0.006776,-0.002554,-0.000024,-0.000000,0.677694,0.255424,0.077544,-1.349301,-11.828485,-0.393742,0.151886,-0.873586,-0.242375,-0.246253,0.054832,-0.303726,-0.091065,0.008907,-0.076914
11.060000,11.060000,null,0.000000,0.000000,-0.006776,-0.002554,-0.000024,0.000000,0.677694,0.255425,0.075983,-1.349015,-11.836221,-0.393561,0.152355,-0.873296,-0.243417,-0.246253,0.054833,-0.303725,-0.091065,0.008908,-0.076915
11.080000,11.080000,null,0.000000,0.000000,-0.006776,-0.002554,-0.000024,-0.000000,0.677694,0.255425,0.074422,-1.348725,-11.843960,-0.393379,0.152825,-0.873005,-0.244458,-0.246253,0.054833,-0.303726,-0.091065,0.008908,-0.076916
11.100000,11.100000,null,0.000000,0.000000,-0.006776,-0.002554,-0.000024,-0.000000,0.677694,0.255425,0.072862,-1.348431,-11.851703,-0.393196,0.153293,-0.872713,-0.245499,-0.246253,0.054833,-0.303726,-0.091064,0.008908,-0.076916
11.120000,11.120000,null,0.000000,0.000000,-0.006776,-0.002554,-0.000024,-0.000000,0.677695,0.255425,0.071303,-1.348133,-11.859442,-0.393013,0.153762,-0.872420,-0.246539,-0.246253,0.054833,-0.303726,-0.091064,0.008908,-0.076917
11.140000,11.140000,null,0.000000,0.000000,-0.006776,-0.002554,-0.000024,0.000000,0.677695,0.255425,0.069745,-1.347832,-11.867184,-0.392830,0.154231,-0.872125,-0.247579,-0.246253,0.054833,-0.303726,-0.091064,0.008908,-0.076918
11.160000,11.160000,null,0.000000,0.000000,-0.006776,-0.002554,-0.000024,-0.000000,0.677695,0.255425,0.068187,-1.347527,-11.874924,-0.392646,0.154699,-0.871829,-0.248619,-0.246253,0.054833,-0.303726,-0.091063,0.008908,-0.076918
11.180000,11.180000,null,0.000000,0.000000,-0.006776,-0.002554,-0.000024,-0.000000,0.677695,0.255425,0.066630,-1.347219,-11.882661,-0.392461,0.155167,-0.871532,-0.249659,-0.246253,0.054833,-0.303726,-0.091063,0.008909,-0.076919
11.200000,11.200000,null,0.000000,0.000000,-0.006776,-0.002554,-0.000024,-0.000000,0.677695,0.255425,0.065074,-1.346907,-11.890402,-0.392276,0.155635,-0.871234,-0.250698,-0.246253,0.054833,-0.303726,-0.091063,0.008909,-0.076919
11.220000,11.220000,null,0.000000,0.000000,-0.006776,-0.002554,-0.000024,0.000000,0.677695,0.255425,0.063518,-1.346591,-11.898144,-0.392090,0.156103,-0.870934,-0.251736,-0.246253,0.054833,-0.303726,-0.091062,0.008909,-0.076920
11.240000,11.240000,null,0.000000,0.000000,-0.006776,-0.002554,-0.000024,-0.000000,0.677696,0.255425,0.061963,-1.346271,-11.905882,-0.391903,0.156570,-0.870633,-0.252774,-0.246253,0.054833,-0.303726,-0.091062,0.008909,-0.076921
11.260000,11.260000,null,0.000000,0.000000,-0.006776,-0.002554,-0.000024,-0.000000,0.677696,0.255426,0.060409,-1.345948,-11.913622,-0.391716,0.157038,-0.870332,-0.253812,-0.246253,0.054833,-0.303725,-0.091061,0.008909,-0.076922
11.280000,11.280000,null,0.000000,0.000000,-0.006776,-0.002554,-0.000024,-0.000000,0.677696,0.255426,0.058856,-1.345620,-11.921363,-0.391529,0.157504,-0.870028,-0.254849,-0.246253,0.054834,-0.303725,-0.091061,0.008910,-0.076922
11.300000,11.300000,null,0.000000,0.000000,-0.006776,-0.002554,-0.000024,-0.000000,0.677697,0.255426,0.057304,-1.345290,-11.929098,-0.391341,0.157971,-0.869724,-0.255886,-0.246253,0.054834,-0.303725,-0.091060,0.008910,-0.076923
11.320000,11.320000,null,0.000000,0.000000,-0.006776,-0.002554,-0.000024,-0.000000,0.677697,0.255426,0.055752,-1.344955,-11.936839,-0.391152,0.158438,-0.869418,-0.256923,-0.246253,0.054834,-0.303725,-0.091059,0.008910,-0.076924
11.340000,11.340000,null,0.000000,0.000000,-0.006776,-0.002554,-0.000024,-0.000000,0.677698,0.255426,0.054201,-1.344617,-11.944578,-0.390963,0.158904,-0.869111,-0.257959,-0.246253,0.054834,-0.303725,-0.091059,0.008910,-0.076925
11.360000,11.360000,null,0.000000,0.000000,-0.006776,-0.002554,-0.000024,0.000000,0.677698,0.255426,0.052651,-1.344275,-11.952318,-0.390773,0.159370,-0.868803,-0.258995,-0.246253,0.054834,-0.303725,-0.091058,0.008911,-0.076926
11.380000,11.380000,null,0.000000,0.000000,-0.006776,-0.002554,-0.000024,-0.000000,0.677699,0.255427,0.051102,-1.343930,-11.960056,-0.390583,0.159836,-0.868494,-0.260030,-0.246253,0.054834,-0.303725,-0.091057,0.008911,-0.076927
11.400000,11.400000,null,0.000000,0.000000,-0.006776,-0.002554,-0.000024,-0.000000,0.677699,0.255427,0.049554,-1.343580,-11.967799,-0.390392,0.160301,-0.868183,-0.261066,-0.246253,0.054834,-0.303725,-0.091057,0.008911,-0.076928
11.420000,11.420000,null,0.000000,0.000000,-0.006776,-0.002554,-0.000024,0.000000,0.677699,0.255427,0.048006,-1.343227,-11.975537,-0.390201,0.160767,-0.867871,-0.262100,-0.246253,0.054834,-0.303726,-0.091056,0.008911,-0.076929
11.440000,11.440000,null,0.000000,0.000000,-0.006776,-0.002554,-0.000024,-0.000000,0.677700,0.255427,0.046459,-1.342871,-11.983278,-0.390009,0.161232,-0.867558,-0.263135,-0.246253,0.054834,-0.303726,-0.091055,0.008912,-0.076930
11.460000,11.460000,null,0.000000,0.000000,-0.006776,-0.002554,-0.000024,0.000000,0.677700,0.255427,0.044913,-1.342510,-11.991019,-0.389816,0.161697,-0.867244,-0.264169,-0.246253,0.054834,-0.303726,-0.091054,0.008912,-0.076931
11.480000,11.480000,null,0.000000,0.000000,-0.006776,-0.002554,-0.000024,0.000000,0.677700,0.255427,0.043368,-1.342146,-11.998759,-0.389623,0.162161,-0.866928,-0.265203,-0.246253,0.054834,-0.303726,-0.091054,0.008912,-0.076932
11.500000,11.500000,null,0.000000,0.000000,-0.006776,-0.002554,-0.000024,0.000000,0.677701,0.255428,0.041824,-1.341778,-12.006500,-0.389430,0.162626,-0.866612,-0.266236,-0.246253,0.054834,-0.303726,-0.091053,0.008912,-0.076933
11.520000,11.520000,null,0.000000,0.000000,-0.006776,-0.002554,-0.000024,0.000000,0.677701,0.255428,0.040281,-1.341407,-12.014238,-0.389236,0.163090,-0.866294,-0.267269,-0.246253,0.054834,-0.303726,-0.091053,0.008912,-0.076934
11.540000,11.540000,null,0.000000,0.000000,-0.006776,-0.002554,-0.000024,0.000000,0.677701,0.255428,0.038739,-1.341032,-12.021978,-0.389041,0.163554,-0.865974,-0.268302,-0.246253,0.054834,-0.303726,-0.091052,0.008912,-0.076935
11.560000,11.560000,null,0.000000,0.000000,-0.006776,-0.002554,-0.000024,0.000000,0.677701,0.255428,0.037197,-1.340653,-12.029718,-0.388845,0.164017,-0.865654,-0.269334,-0.246253,0.054834,-0.303726,-0.091052,0.008912,-0.076936
11.580000,11.580000,null,0.000000,0.000000,-0.006776,-0.002554,-0.000024,0.000000,0.677701,0.255428,0.035657,-1.340271,-12.037456,-0.388650,0.164481,-0.865332,-0.270366,-0.246253,0.054834,-0.303726,-0.091051,0.008912,-0.076936
11.600000,11.600000,null,0.000000,0.000000,-0.006776,-0.002554,-0.000024,0.000000,0.677701,0.255428,0.034117,-1.339885,-12.045194,-0.388453,0.164944,-0.865009,-0.271397,-0.246253,0.054834,-0.303726,-0.091051,0.008912,-0.076937
11.620000,11.620000,null,0.000000,0.000000,-0.006776,-0.002554,-0.000024,0.000000,0.677701,0.255428,0.032578,-1.339495,-12.052934,-0.388256,0.165407,-0.864685,-0.272428,-0.246253,0.054834,-0.303726,-0.091050,0.008912,-0.076938
11.640000,11.640000,null,0.000000,0.000000,-0.006776,-0.002554,-0.000024,0.000000,0.677701,0.255428,0.031041,-1.339102,-12.060675,-0.388059,0.165870,-0.864360,-0.273459,-0.246253,0.054834,-0.303726,-0.091050,0.008912,-0.076938
11.660000,11.660000,null,0.000000,0.000000,-0.006776,-0.002554,-0.000024,0.000000,0.677702,0.255428,0.029504,-1.338704,-12.068412,-0.387861,0.166332,-0.864033,-0.274489,-0.246253,0.054834,-0.303726,-0.091050,0.008912,-0.076939
11.680000,11.680000,null,0.000000,0.000000,-0.006776,-0.002554,-0.000024,0.000000,0.677701,0.255428,0.027968,-1.338304,-12.076153,-0.387662,0.166794,-0.863705,-0.275519,-0.246253,0.054834,-0.303726,-0.091050,0.008912,-0.076939
11.700000,11.700000,null,0.000000,0.000000,-0.006776,-0.002554,-0.000024,0.000000,0.677701,0.255428,0.026433,-1.337899,-12.083894,-0.387463,0.167256,-0.863376,-0.276549,-0.246253,0.054834,-0.303726,-0.091050,0.008912,-0.076939
11.720000,11.720000,null,0.000000,0.000000,-0.006776,-0.002554,-0.000024,0.000000,0.677701,0.255428,0.024899,-1.337491,-12.091634,-0.387263,0.167718,-0.863046,-0.277578,-0.246253,0.054834,-0.303726,-0.091050,0.008912,-0.076940
11.740000,11.740000,null,0.000000,0.000000,-0.006776,-0.002554,-0.000024,0.000000,0.677702,0.255428,0.023366,-1.337080,-12.099373,-0.387063,0.168180,-0.862714,-0.278607,-0.246253,0.054834,-0.303726,-0.091049,0.008912,-0.076940
11.760000,11.760000,null,0.000000,0.000000,-0.006776,-0.002554,-0.000024,0.000000,0.677701,0.255428,0.021834,-1.336664,-12.107112,-0.386862,0.168641,-0.862381,-0.279635,-0.246253,0.054834,-0.303726,-0.091049,0.008911,-0.076940
11.780000,11.780000,null,0.000000,0.000000,-0.006776,-0.002554,-0.000024,-0.000000,0.677701,0.255428,0.020303,-1.336245,-12.114851,-0.386661,0.169102,-0.862048,-0.280663,-0.246253,0.054834,-0.303726,-0.091049,0.008911,-0.076940
11.800000,11.800000,null,0.000000,0.000000,-0.006776,-0.002554,-0.000024,0.000000,0.677701,0.255428,0.018773,-1.335822,-12.122593,-0.386459,0.169563,-0.861712,-0.281691,-0.246253,0.054834,-0.303726,-0.091049,0.008911,-0.076941
11.820000,11.820000,null,0.000000,0.000000,-0.006776,-0.002554,-0.000024,0.000000,0.677701,0.255428,0.017244,-1.335396,-12.130331,-0.386257,0.170023,-0.861376,-0.282718,-0.246253,0.054834,-0.303726,-0.091050,0.008911,-0.076941
11.840000,11.840000,null,0.000000,0.000000,-0.006776,-0.002554,-0.000024,-0.000000,0.677701,0.255428,0.015716,-1.334965,-12.138067,-0.386054,0.170484,-0.861038,-0.283744,-0.246253,0.054834,-0.303727,-0.091049,0.008911,-0.076941
11.860000,11.860000,null,0.000000,0.000000,-0.006776,-0.002554,-0.000024,0.000000,0.677701,0.255428,0.014189,-1.334532,-12.145808,-0.385850,0.170944,-0.860699,-0.284771,-0.246253,0.054834,-0.303727,-0.091050,0.008910,-0.076941
11.880000,11.880000,null,0.000000,0.000000,-0.006776,-0.002554,-0.000024,0.000000,0.677701,0.255428,0.012663,-1.334095,-12.153548,-0.385646,0.171404,-0.860359,-0.285796,-0.246253,0.054834,-0.303727,-0.091050,0.008910,-0.076941
11.900000,11.900000,null,0.000000,0.000000,-0.006776,-0.002554,-0.000024,0.000000,0.677701,0.255428,0.011139,-1.333654,-12.161286,-0.385442,0.171863,-0.860018,-0.286822,-0.246253,0.054833,-0.303727,-0.091050,0.008910,-0.076941
11.920000,11.920000,null,0.000000,0.000000,-0.006776,-0.002554,-0.000024,0.000000,0.677700,0.255428,0.009615,-1.333209,-12.169024,-0.385237,0.172323,-0.859675,-0.287847,-0.246253,0.054833,-0.303727,-0.091050,0.008910,-0.076941
11.940000,11.940000,null,0.000000,0.000000,-0.006776,-0.002554,-0.000024,0.000000,0.677700,0.255428,0.008092,-1.332761,-12.176767,-0.385031,0.172782,-0.859332,-0.288872,-0.246252,0.054833,-0.303727,-0.091050,0.008909,-0.076941
11.960000,11.960000,null,0.000000,0.000000,-0.006776,-0.002554,-0.000024,-0.000000,0.677700,0.255428,0.006570,-1.332309,-12.184507,-0.384825,0.173240,-0.858987,-0.289896,-0.246253,0.054833,-0.303727,-0.091050,0.008909,-0.076941
11.980000,11.980000,null,0.000000,0.000000,-0.006776,-0.002554,-0.000024,0.000000,0.677700,0.255427,0.005050,-1.331854,-12.192248,-0.384618,0.173699,-0.858641,-0.290920,-0.246252,0.054833,-0.303727,-0.091050,0.008909,-0.076941
12.000000,12.000000,null,0.000000,0.000000,-0.006776,-0.002554,-0.000024,0.000000,0.677700,0.255427,0.003530,-1.331395,-12.199987,-0.384410,0.174157,-0.858293,-0.291943,-0.246252,0.054833,-0.303727,-0.091050,0.008909,-0.076941
12.020000,12.020000,null,0.000000,0.000000,-0.006776,-0.002554,-0.000024,-0.000000,0.677700,0.255427,0.002012,-1.330932,-12.207726,-0.384203,0.174616,-0.857944,-0.292966,-0.246252,0.054833,-0.303727,-0.091050,0.008909,-0.076941
12.040000,12.040000,null,0.000000,0.000000,-0.006776,-0.002554,-0.000024,0.000000,0.677700,0.255427,0.000495,-1.330465,-12.215466,-0.383994,0.175073,-0.857595,-0.293988,-0.246252,0.054833,-0.303727,-0.091050,0.008908,-0.076941
12.060000,12.060000,null,0.000000,0.000000,-0.006776,-0.002554,-0.000024,-0.000000,0.677700,0.255427,-0.001021,-1.329996,-12.223205,-0.383785,0.175531,-0.857244,-0.295010,-0.246252,0.054833,-0.303727,-0.091050,0.008908,-0.076941
12.080000,12.080000,null,0.000000,0.000000,-0.006776,-0.002554,-0.000024,0.000000,0.677700,0.255427,-0.002536,-1.329522,-12.230945,-0.383576,0.175988,-0.856891,-0.296032,-0.246252,0.054833,-0.303727,-0.091050,0.008908,-0.076941
12.100000,12.100000,null,0.000000,0.000000,-0.006776,-0.002554,-0.000024,-0.000000,0.677700,0.255427,-0.004050,-1.329045,-12.238688,-0.383366,0.176446,-0.856538,-0.297053,-0.246252,0.054833,-0.303727,-0.091050,0.008908,-0.076940
12.120000,12.120000,null,0.000000,0.000000,-0.006776,-0.002554,-0.000024,0.000000,0.677700,0.255427,-0.005563,-1.328564,-12.246426,-0.383155,0.176902,-0.856183,-0.298074,-0.246252,0.054833,-0.303727,-0.091050,0.008908,-0.076940
12.140000,12.140000,null,0.000000,0.000000,-0.006776,-0.002554,-0.000024,-0.000000,0.677700,0.255427,-0.007075,-1.328080,-12.254166,-0.382944,0.177359,-0.855827,-0.299094,-0.246252,0.054833,-0.303727,-0.091050,0.008908,-0.076940
12.160000,12.160000,null,0.000000,0.000000,-0.006776,-0.002554,-0.000024,0.000000,0.677700,0.255427,-0.008585,-1.327592,-12.261907,-0.382732,0.177815,-0.855470,-0.300114,-0.246252,0.054833,-0.303727,-0.091050,0.008907,-0.076941
12.180000,12.180000,null,0.000000,0.000000,-0.006776,-0.002554,-0.000024,-0.000000,0.677700,0.255427,-0.010094,-1.327101,-12.269645,-0.382520,0.178272,-0.855112,-0.301134,-0.246252,0.054833,-0.303727,-0.091049,0.008907,-0.076940
12.200000,12.200000,null,0.000000,0.000000,-0.006776,-0.002554,-0.000024,0.000000,0.677700,0.255427,-0.011602,-1.326606,-12.277384,-0.382307,0.178727,-0.854752,-0.302153,-0.246252,0.054833,-0.303727,-0.091049,0.008907,-0.076941
12.220000,12.220000,null,0.000000,0.000000,-0.006776,-0.002554,-0.000024,0.000000,0.677700,0.255427,-0.013109,-1.326107,-12.285125,-0.382094,0.179183,-0.854392,-0.303171,-0.246252,0.054833,-0.303728,-0.091049,0.008907,-0.076941
12.240000,12.240000,null,0.000000,0.000000,-0.006776,-0.002554,-0.000024,0.000000,0.677700,0.255427,-0.014615,-1.325605,-12.292863,-0.381880,0.179638,-0.854029,-0.304190,-0.246252,0.054833,-0.303728,-0.091049,0.008907,-0.076941
12.260000,12.260000,null,0.000000,0.000000,-0.006776,-0.002554,-0.000024,-0.000000,0.677701,0.255427,-0.016119,-1.325098,-12.300600,-0.381665,0.180094,-0.853666,-0.305208,-0.246252,0.054833,-0.303728,-0.091049,0.008906,-0.076941
12.280000,12.280000,null,0.000000,0.000000,-0.006776,-0.002554,-0.000024,-0.000000,0.677700,0.255428,-0.017623,-1.324589,-12.308340,-0.381450,0.180548,-0.853302,-0.306225,-0.246252,0.054833,-0.303728,-0.091048,0.008906,-0.076941
12.300000,12.300000,null,0.000000,0.000000,-0.006776,-0.002554,-0.000024,0.000000,0.677700,0.255428,-0.019125,-1.324075,-12.316080,-0.381235,0.181003,-0.852936,-0.307242,-0.246252,0.054833,-0.303728,-0.091048,0.008906,-0.076941
12.320000,12.320000,null,0.000000,0.000000,-0.006776,-0.002554,-0.000024,-0.000000,0.677701,0.255428,-0.020626,-1.323559,-12.323818,-0.381019,0.181457,-0.852569,-0.308258,-0.246252,0.054833,-0.303728,-0.091048,0.008906,-0.076941
12.340000,12.340000,null,0.000000,0.000000,-0.006776,-0.002554,-0.000024,0.000000,0.677701,0.255428,-0.022125,-1.323039,-12.331560,-0.380802,0.181911,-0.852201,-0.309274,-0.246252,0.054833,-0.303728,-0.091048,0.008906,-0.076941
12.360000,12.360000,null,0.000000,0.000000,-0.006776,-0.002554,-0.000024,-0.000000,0.677701,0.255428,-0.023624,-1.322515,-12.339298,-0.380585,0.182365,-0.851832,-0.310290,-0.246252,0.054833,-0.303728,-0.091047,0.008906,-0.076942
12.380000,12.380000,null,0.000000,0.000000,-0.006776,-0.002554,-0.000024,-0.000000,0.677701,0.255428,-0.025121,-1.321988,-12.347034,-0.380368,0.182819,-0.851462,-0.311305,-0.246252,0.054833,-0.303728,-0.091047,0.008906,-0.076942
12.400000,12.400000,null,0.000000,0.000000,-0.006776,-0.002554,-0.000024,-0.000000,0.677701,0.255428,-0.026617,-1.321456,-12.354776,-0.380149,0.183272,-0.851090,-0.312319,-0.246252,0.054833,-0.303728,-0.091047,0.008906,-0.076942
12.420000,12.420000,null,0.000000,0.000000,-0.006776,-0.002554,-0.000024,0.000000,0.677701,0.255428,-0.028111,-1.320922,-12.362515,-0.379931,0.183725,-0.850717,-0.313334,-0.246252,0.054833,-0.303728,-0.091046,0.008906,-0.076942
12.440000,12.440000,null,0.000000,0.000000,-0.006776,-0.002554,-0.000024,-0.000000,0.677701,0.255428,-0.029605,-1.320384,-12.370256,-0.379711,0.184178,-0.850343,-0.314348,-0.246252,0.054833,-0.303728,-0.091046,0.008905,-0.076943
12.460000,12.460000,null,0.000000,0.000000,-0.006776,-0.002554,-0.000024,0.000000,0.677701,0.255428,-0.031097,-1.319842,-12.377995,-0.379492,0.184630,-0.849968,-0.315361,-0.246252,0.054833,-0.303728,-0.091046,0.008905,-0.076943
12.480000,12.480000,null,0.000000,0.000000,-0.006776,-0.002554,-0.000024,-0.000000,0.677702,0.255428,-0.032587,-1.319297,-12.385736,-0.379271,0.185082,-0.849591,-0.316374,-0.246252,0.054833,-0.303728,-0.091046,0.008905,-0.076943
12.500000,12.500000,null,0.000000,0.000000,-0.006776,-0.002554,-0.000024,-0.000000,0.677702,0.255428,-0.034077,-1.318748,-12.393474,-0.379050,0.185534,-0.849214,-0.317386,-0.246252,0.054833,-0.303728,-0.091045,0.008905,-0.076943
12.520000,12.520000,null,0.000000,0.000000,-0.006776,-0.002554,-0.000024,0.000000,0.677701,0.255428,-0.035565,-1.318196,-12.401214,-0.378829,0.185986,-0.848835,-0.318398,-0.246252,0.054833,-0.303728,-0.091045,0.008905,-0.076943
12.540000,12.540000,null,0.000000,0.000000,-0.006776,-0.002554,-0.000024,-0.000000,0.677701,0.255428,-0.037052,-1.317640,-12.408955,-0.378607,0.186437,-0.848455,-0.319410,-0.246252,0.054833,-0.303728,-0.091045,0.008905,-0.076944
12.560000,12.560000,null,0.000000,0.000000,-0.006776,-0.002554,-0.000024,0.000000,0.677701,0.255428,-0.038537,-1.317080,-12.416694,-0.378384,0.186888,-0.848073,-0.320421,-0.246252,0.054833,-0.303728,-0.091044,0.008905,-0.076944
12.580000,12.580000,null,0.000000,0.000000,-0.006776,-0.002554,-0.000024,0.000000,0.677701,0.255428,-0.040021,-1.316517,-12.424436,-0.378161,0.187339,-0.847691,-0.321432,-0.246252,0.054832,-0.303728,-0.091044,0.008905,-0.076944
12.600000,12.600000,null,0.000000,0.000000,-0.006776,-0.002554,-0.000024,-0.000000,0.677701,0.255428,-0.041504,-1.315950,-12.432174,-0.377938,0.187790,-0.847307,-0.322442,-0.246252,0.054832,-0.303728,-0.091044,0.008905,-0.076944
12.620000,12.620000,null,0.000000,0.000000,-0.006776,-0.002554,-0.000024,-0.000000,0.677702,0.255428,-0.042985,-1.315381,-12.439914,-0.377714,0.188241,-0.846922,-0.323451,-0.246252,0.054833,-0.303728,-0.091044,0.008905,-0.076944
12.640000,12.640000,null,0.000000,0.000000,-0.006776,-0.002554,-0.000024,-0.000000,0.677702,0.255428,-0.044465,-1.314807,-12.447654,-0.377489,0.188691,-0.846536,-0.324461,-0.246252,0.054833,-0.303728,-0.091043,0.008905,-0.076944
12.660000,12.660000,null,0.000000,0.000000,-0.006776,-0.002554,-0.000024,0.000000,0.677702,0.255428,-0.045944,-1.314230,-12.455394,-0.377264,0.189141,-0.846148,-0.325469,-0.246252,0.054833,-0.303728,-0.091042,0.008905,-0.076945
12.680000,12.680000,null,0.000000,0.000000,-0.006776,-0.002554,-0.000024,-0.000000,0.677702,0.255428,-0.047421,-1.313649,-12.463129,-0.377038,0.189591,-0.845760,-0.326478,-0.246252,0.054833,-0.303728,-0.091042,0.008905,-0.076945
12.700000,12.700000,null,0.000000,0.000000,-0.006776,-0.002554,-0.000024,0.000000,0.677703,0.255429,-0.048897,-1.313065,-12.470870,-0.376812,0.190040,-0.845370,-0.327486,-0.246252,0.054833,-0.303727,-0.091041,0.008905,-0.076946
12.720000,12.720000,null,0.000000,0.000000,-0.006776,-0.002554,-0.000024,-0.000000,0.677704,0.255429,-0.050372,-1.312477,-12.478610,-0.376585,0.190489,-0.844979,-0.328493,-0.246252,0.054833,-0.303727,-0.091040,0.008905,-0.076947
12.740000,12.740000,null,0.000000,0.000000,-0.006776,-0.002554,-0.000024,-0.000000,0.677704,0.255429,-0.051845,-1.311886,-12.486347,-0.376358,0.190938,-0.844587,-0.329500,-0.246252,0.054834,-0.303727,-0.091039,0.008906,-0.076948
12.760000,12.760000,null,0.000000,0.000000,-0.006776,-0.002554,-0.000024,0.000000,0.677705,0.255429,-0.053316,-1.311291,-12.494087,-0.376130,0.191387,-0.844194,-0.330507,-0.246252,0.054834,-0.303727,-0.091038,0.008906,-0.076949
12.780000,12.780000,null,0.000000,0.000000,-0.006776,-0.002554,-0.000024,0.000000,0.677706,0.255430,-0.054787,-1.310693,-12.501829,-0.375901,0.191836,-0.843799,-0.331513,-0.246252,0.054834,-0.303727,-0.091037,0.008906,-0.076950
12.800000,12.800000,null,0.000000,0.000000,-0.006776,-0.002554,-0.000024,-0.000000,0.677706,0.255430,-0.056256,-1.310092,-12.509568,-0.375672,0.192284,-0.843403,-0.332518,-0.246252,0.054834,-0.303727,-0.091036,0.008907,-0.076951
12.820000,12.820000,null,0.000000,0.000000,-0.006776,-0.002554,-0.000024,0.000000,0.677707,0.255430,-0.057723,-1.309487,-12.517306,-0.375443,0.192731,-0.843006,-0.333523,-0.246252,0.054834,-0.303727,-0.091035,0.008907,-0.076952
12.840000,12.840000,null,0.000000,0.000000,-0.006776,-0.002554,-0.000024,0.000000,0.677707,0.255430,-0.059189,-1.308877,-12.525049,-0.375213,0.193179,-0.842608,-0.334528,-0.246252,0.054835,-0.303727,-0.091033,0.008908,-0.076953
12.860000,12.860000,null,0.000000,0.000000,-0.006776,-0.002554,-0.000024,-0.000000,0.677708,0.255431,-0.060653,-1.308265,-12.532783,-0.374982,0.193626,-0.842209,-0.335532,-0.246252,0.054835,-0.303728,-0.091032,0.008908,-0.076954
12.880000,12.880000,null,0.000000,0.000000,-0.006776,-0.002554,-0.000024,-0.000000,0.677709,0.255431,-0.062116,-1.307649,-12.540524,-0.374751,0.194073,-0.841808,-0.336536,-0.246252,0.054835,-0.303728,-0.091031,0.008908,-0.076956
12.900000,12.900000,null,0.000000,0.000000,-0.006776,-0.002554,-0.000024,-0.000000,0.677709,0.255432,-0.063578,-1.307030,-12.548265,-0.374519,0.194520,-0.841407,-0.337539,-0.246252,0.054835,-0.303728,-0.091029,0.008908,-0.076958
12.920000,12.920000,null,0.000000,0.000000,-0.006776,-0.002554,-0.000024,0.000000,0.677711,0.255432,-0.065038,-1.306408,-12.556002,-0.374286,0.194966,-0.841004,-0.338542,-0.246251,0.054836,-0.303728,-0.091028,0.008908,-0.076960
12.940000,12.940000,null,0.000000,0.000000,-0.006776,-0.002554,-0.000024,0.000000,0.677711,0.255432,-0.066497,-1.305782,-12.563741,-0.374053,0.195413,-0.840600,-0.339544,-0.246251,0.054836,-0.303728,-0.091027,0.008907,-0.076962
12.960000,12.960000,null,0.000000,0.000000,-0.006776,-0.002554,-0.000024,-0.000000,0.677712,0.255433,-0.067954,-1.305152,-12.571481,-0.373819,0.195858,-0.840195,-0.340546,-0.246251,0.054836,-0.303729,-0.091025,0.008906,-0.076964
12.980000,12.980000,null,0.000000,0.000000,-0.006776,-0.002554,-0.000024,0.000000,0.677713,0.255433,-0.069409,-1.304519,-12.579221,-0.373585,0.196304,-0.839788,-0.341547,-0.246251,0.054837,-0.303729,-0.091023,0.008904,-0.076967
13.000000,13.000000,null,0.000000,0.000000,-0.006776,-0.002554,-0.000024,-0.000000,0.677714,0.255434,-0.070863,-1.303883,-12.586961,-0.373350,0.196749,-0.839381,-0.342548,-0.246251,0.054837,-0.303729,-0.091022,0.008902,-0.076970
13.020000,13.020000,null,0.000000,0.000000,-0.006776,-0.002554,-0.000024,0.000000,0.677715,0.255434,-0.072316,-1.303242,-12.594702,-0.373115,0.197194,-0.838972,-0.343548,-0.246251,0.054837,-0.303730,-0.091020,0.008900,-0.076973
13.040000,13.040000,null,0.000000,0.000000,-0.006776,-0.002554,-0.000024,0.000000,0.677717,0.255435,-0.073767,-1.302599,-12.602440,-0.372879,0.197639,-0.838562,-0.344548,-0.246250,0.054838,-0.303730,-0.091018,0.008898,-0.076976
13.060000,13.060000,null,0.000000,0.000000,-0.006776,-0.002554,-0.000024,-0.000000,0.677718,0.255435,-0.075216,-1.301952,-12.610181,-0.372643,0.198084,-0.838151,-0.345547,-0.246250,0.054838,-0.303730,-0.091017,0.008896,-0.076979
13.080000,13.080000,null,0.000000,0.000000,-0.006776,-0.002554,-0.000024,0.000000,0.677719,0.255436,-0.076664,-1.301302,-12.617923,-0.372406,0.198528,-0.837739,-0.346546,-0.246250,0.054838,-0.303730,-0.091015,0.008893,-0.076982
13.100000,13.100000,null,0.000000,0.000000,-0.006776,-0.002554,-0.000024,-0.000000,0.677720,0.255436,-0.078111,-1.300648,-12.625663,-0.372169,0.198971,-0.837325,-0.347544,-0.246250,0.054838,-0.303731,-0.091013,0.008891,-0.076985
13.120000,13.120000,null,0.000000,0.000000,-0.006776,-0.002554,-0.000024,-0.000000,0.677721,0.255436,-0.079555,-1.299991,-12.633405,-0.371932,0.199415,-0.836910,-0.348542,-0.246250,0.054838,-0.303731,-0.091011,0.008888,-0.076989
13.140000,13.140000,null,0.000000,0.000000,-0.006776,-0.002554,-0.000024,0.000000,0.677721,0.255437,-0.080999,-1.299330,-12.641142,-0.371693,0.199858,-0.836494,-0.349539,-0.246250,0.054839,-0.303731,-0.091010,0.008886,-0.076992
13.160000,13.160000,null,0.000000,0.000000,-0.006776,-0.002554,-0.000024,-0.000000,0.677722,0.255437,-0.082440,-1.298666,-12.648879,-0.371455,0.200301,-0.836077,-0.350536,-0.246250,0.054838,-0.303731,-0.091008,0.008884,-0.076995
13.180000,13.180000,null,0.000000,0.000000,-0.006777,-0.002554,-0.000024,0.000000,0.677722,0.255438,-0.083880,-1.297998,-12.656619,-0.371216,0.200743,-0.835659,-0.351533,-0.246250,0.054838,-0.303731,-0.091007,0.008881,-0.076998
13.200000,13.200000,null,0.000000,0.000000,-0.006777,-0.002554,-0.000024,-0.000000,0.677723,0.255438,-0.085319,-1.297327,-12.664361,-0.370977,0.201185,-0.835239,-0.352529,-0.246250,0.054838,-0.303731,-0.091006,0.008879,-0.077001
13.220000,13.220000,null,0.000000,0.000000,-0.006777,-0.002554,-0.000024,0.000000,0.677723,0.255438,-0.086756,-1.296652,-12.672100,-0.370737,0.201627,-0.834818,-0.353524,-0.246250,0.054838,-0.303731,-0.091004,0.008877,-0.077003
13.240000,13.240000,null,0.000000,0.000000,-0.006777,-0.002554,-0.000024,-0.000000,0.677723,0.255438,-0.088191,-1.295974,-12.679841,-0.370496,0.202069,-0.834396,-0.354519,-0.246250,0.054838,-0.303732,-0.091003,0.008875,-0.077006
13.260000,13.260000,null,0.000000,0.000000,-0.006777,-0.002554,-0.000024,-0.000000,0.677723,0.255438,-0.089624,-1.295293,-12.687582,-0.370255,0.202510,-0.833973,-0.355513,-0.246250,0.054838,-0.303732,-0.091003,0.008874,-0.077008
13.280000,13.280000,null,0.000000,0.000000,-0.006777,-0.002554,-0.000024,-0.000000,0.677723,0.255438,-0.091056,-1.294608,-12.695324,-0.370014,0.202951,-0.833549,-0.356507,-0.246250,0.054837,-0.303732,-0.091002,0.008873,-0.077009
13.300000,13.300000,null,0.000000,0.000000,-0.006777,-0.002554,-0.000024,-0.000000,0.677723,0.255438,-0.092487,-1.293920,-12.703065,-0.369772,0.203392,-0.833123,-0.357500,-0.246250,0.054837,-0.303732,-0.091001,0.008871,-0.077011
13.320000,13.320000,null,0.000000,0.000000,-0.006777,-0.002554,-0.000024,0.000000,0.677722,0.255438,-0.093915,-1.293229,-12.710800,-0.369530,0.203832,-0.832696,-0.358493,-0.246250,0.054837,-0.303732,-0.091001,0.008871,-0.077012
13.340000,13.340000,null,0.000000,0.000000,-0.006777,-0.002554,-0.000024,-0.000000,0.677722,0.255437,-0.095342,-1.292534,-12.718540,-0.369287,0.204272,-0.832268,-0.359485,-0.246250,0.054836,-0.303731,-0.091001,0.008870,-0.077012
13.360000,13.360000,null,0.000000,0.000000,-0.006777,-0.002554,-0.000024,-0.000000,0.677721,0.255437,-0.096768,-1.291835,-12.726281,-0.369043,0.204712,-0.831839,-0.360477,-0.246250,0.054836,-0.303731,-0.091001,0.008870,-0.077013
13.380000,13.380000,null,0.000000,0.000000,-0.006776,-0.002554,-0.000024,0.000000,0.677721,0.255437,-0.098192,-1.291133,-12.734021,-0.368800,0.205151,-0.831409,-0.361468,-0.246251,0.054835,-0.303731,-0.091001,0.008870,-0.077013
13.400000,13.400000,null,0.000000,0.000000,-0.006776,-0.002554,-0.000024,-0.000000,0.677720,0.255437,-0.099614,-1.290428,-12.741760,-0.368555,0.205590,-0.830977,-0.362459,-0.246251,0.054835,-0.303731,-0.091002,0.008870,-0.077012
13.420000,13.420000,null,0.000000,0.000000,-0.006776,-0.002554,-0.000024,0.000000,0.677719,0.255436,-0.101034,-1.289720,-12.749502,-0.368310,0.206029,-0.830545,-0.363449,-0.246251,0.054834,-0.303731,-0.091002,0.008870,-0.077011
13.440000,13.440000,null,0.000000,0.000000,-0.006776,-0.002554,-0.000024,-0.000000,0.677718,0.255436,-0.102452,-1.289008,-12.757241,-0.368065,0.206468,-0.830111,-0.364439,-0.246251,0.054834,-0.303731,-0.091003,0.008870,-0.077010
13.460000,13.460000,null,0.000000,0.000000,-0.006776,-0.002554,-0.000024,-0.000000,0.677717,0.255435,-0.103869,-1.288293,-12.764982,-0.367818,0.206906,-0.829676,-0.365428,-0.246251,0.054833,-0.303731,-0.091004,0.008871,-0.077009
13.480000,13.480000,null,0.000000,0.000000,-0.006776,-0.002554,-0.000024,0.000000,0.677716,0.255435,-0.105285,-1.287574,-12.772722,-0.367572,0.207344,-0.829240,-0.366417,-0.246251,0.054833,-0.303731,-0.091004,0.008871,-0.077007
13.500000,13.500000,null,0.000000,0.000000,-0.006776,-0.002554,-0.000023,-0.000000,0.677715,0.255434,-0.106698,-1.286852,-12.780460,-0.367325,0.207782,-0.828802,-0.367405,-0.246251,0.054832,-0.303731,-0.091005,0.008872,-0.077006
13.520000,13.520000,null,0.000000,0.000000,-0.006776,-0.002554,-0.000023,-0.000000,0.677714,0.255434,-0.108110,-1.286127,-12.788202,-0.367077,0.208219,-0.828364,-0.368392,-0.246251,0.054832,-0.303731,-0.091006,0.008872,-0.077004
13.540000,13.540000,null,0.000000,0.000000,-0.006776,-0.002554,-0.000023,-0.000000,0.677713,0.255433,-0.109520,-1.285398,-12.795943,-0.366829,0.208656,-0.827924,-0.369380,-0.246251,0.054831,-0.303731,-0.091007,0.008873,-0.077001
13.560000,13.560000,null,0.000000,0.000000,-0.006776,-0.002554,-0.000024,-0.000000,0.677712,0.255433,-0.110928,-1.284666,-12.803678,-0.366580,0.209093,-0.827483,-0.370366,-0.246251,0.054831,-0.303731,-0.091008,0.008874,-0.076999
13.580000,13.580000,null,0.000000,0.000000,-0.006776,-0.002554,-0.000024,0.000000,0.677711,0.255432,-0.112335,-1.283931,-12.811418,-0.366330,0.209530,-0.827041,-0.371352,-0.246251,0.054831,-0.303730,-0.091009,0.008875,-0.076997
13.600000,13.600000,null,0.000000,0.000000,-0.006776,-0.002554,-0.000024,-0.000000,0.677709,0.255432,-0.113740,-1.283192,-12.819161,-0.366081,0.209966,-0.826598,-0.372338,-0.246251,0.054830,-0.303730,-0.091011,0.008875,-0.076994
13.620000,13.620000,null,0.000000,0.000000,-0.006776,-0.002554,-0.000024,-0.000000,0.677709,0.255431,-0.115143,-1.282449,-12.826900,-0.365830,0.210402,-0.826153,-0.373323,-0.246251,0.054830,-0.303730,-0.091012,0.008876,-0.076992
13.640000,13.640000,null,0.000000,0.000000,-0.006776,-0.002554,-0.000024,-0.000000,0.677708,0.255431,-0.116544,-1.281704,-12.834641,-0.365579,0.210838,-0.825708,-0.374307,-0.246251,0.054830,-0.303730,-0.091013,0.008877,-0.076990
13.660000,13.660000,null,0.000000,0.000000,-0.006776,-0.002554,-0.000024,-0.000000,0.677707,0.255431,-0.117943,-1.280955,-12.842382,-0.365327,0.211274,-0.825261,-0.375291,-0.246251,0.054829,-0.303730,-0.091013,0.008877,-0.076988
13.680000,13.680000,null,0.000000,0.000000,-0.006776,-0.002554,-0.000024,0.000000,0.677706,0.255430,-0.119341,-1.280203,-12.850120,-0.365075,0.211709,-0.824813,-0.376275,-0.246251,0.054829,-0.303730,-0.091015,0.008877,-0.076985
13.700000,13.700000,null,0.000000,0.000000,-0.006776,-0.002554,-0.000024,0.000000,0.677705,0.255430,-0.120737,-1.279447,-12.857861,-0.364822,0.212144,-0.824364,-0.377259,-0.246251,0.054829,-0.303730,-0.091016,0.008877,-0.076983
13.720000,13.720000,null,0.000000,0.000000,-0.006776,-0.002554,-0.000024,-0.000000,0.677704,0.255430,-0.122131,-1.278689,-12.865601,-0.364569,0.212579,-0.823913,-0.378241,-0.246251,0.054829,-0.303730,-0.091017,0.008878,-0.076981
13.740000,13.740000,null,0.000000,0.000000,-0.006776,-0.002554,-0.000024,-0.000000,0.677704,0.255429,-0.123523,-1.277926,-12.873343,-0.364315,0.213013,-0.823462,-0.379224,-0.246251,0.054828,-0.303730,-0.091018,0.008877,-0.076979
13.760000,13.760000,null,0.000000,0.000000,-0.006776,-0.002554,-0.000024,-0.000000,0.677703,0.255429,-0.124914,-1.277161,-12.881081,-0.364061,0.213448,-0.823009,-0.380205,-0.246251,0.054828,-0.303730,-0.091019,0.008877,-0.076977
13.780000,13.780000,null,0.000000,0.000000,-0.006776,-0.002554,-0.000024,0.000000,0.677703,0.255429,-0.126303,-1.276392,-12.888820,-0.363806,0.213881,-0.822555,-0.381187,-0.246250,0.054828,-0.303730,-0.091020,0.008877,-0.076975
13.800000,13.800000,null,0.000000,0.000000,-0.006776,-0.002554,-0.000024,0.000000,0.677702,0.255429,-0.127689,-1.275620,-12.896559,-0.363550,0.214315,-0.822100,-0.382167,-0.246250,0.054828,-0.303730,-0.091021,0.008876,-0.076973
13.820000,13.820000,null,0.000000,0.000000,-0.006776,-0.002554,-0.000024,-0.000000,0.677702,0.255428,-0.129074,-1.274844,-12.904301,-0.363294,0.214748,-0.821644,-0.383147,-0.246250,0.054828,-0.303731,-0.091022,0.008876,-0.076971
13.840000,13.840000,null,0.000000,0.000000,-0.006776,-0.002554,-0.000024,0.000000,0.677701,0.255428,-0.130457,-1.274066,-12.912040,-0.363038,0.215181,-0.821186,-0.384127,-0.246250,0.054828,-0.303731,-0.091023,0.008875,-0.076969
13.860000,13.860000,null,0.000000,0.000000,-0.006776,-0.002554,-0.000024,-0.000000,0.677701,0.255428,-0.131839,-1.273283,-12.919781,-0.362781,0.215614,-0.820728,-0.385106,-0.246250,0.054828,-0.303731,-0.091024,0.008874,-0.076968
13.880000,13.880000,null,0.000000,0.000000,-0.006776,-0.002554,-0.000024,0.000000,0.677700,0.255428,-0.133218,-1.272498,-12.927522,-0.362523,0.216046,-0.820268,-0.386084,-0.246249,0.054828,-0.303731,-0.091025,0.008873,-0.076966
13.900000,13.900000,null,0.000000,0.000000,-0.006776,-0.002554,-0.000024,0.000000,0.677700,0.255427,-0.134595,-1.271709,-12.935257,-0.362265,0.216478,-0.819807,-0.387062,-0.246249,0.054828,-0.303731,-0.091026,0.008871,-0.076965
13.920000,13.920000,null,0.000000,0.000000,-0.006776,-0.002554,-0.000024,-0.000000,0.677700,0.255427,-0.135971,-1.270917,-12.942997,-0.362006,0.216910,-0.819345,-0.388040,-0.246249,0.054828,-0.303731,-0.091027,0.008870,-0.076964
13.940000,13.940000,null,0.000000,0.000000,-0.006776,-0.002554,-0.000024,-0.000000,0.677699,0.255427,-0.137345,-1.270122,-12.950736,-0.361747,0.217342,-0.818882,-0.389016,-0.246249,0.054828,-0.303731,-0.091027,0.008869,-0.076962
13.960000,13.960000,null,0.000000,0.000000,-0.006776,-0.002554,-0.000024,-0.000000,0.677699,0.255427,-0.138717,-1.269324,-12.958474,-0.361488,0.217773,-0.818417,-0.389993,-0.246249,0.054828,-0.303731,-0.091028,0.008867,-0.076962
13.980000,13.980000,null,0.000000,0.000000,-0.006776,-0.002554,-0.000024,-0.000000,0.677699,0.255427,-0.140086,-1.268522,-12.966212,-0.361227,0.218204,-0.817952,-0.390968,-0.246249,0.054828,-0.303732,-0.091029,0.008866,-0.076961
14.000000,14.000000,null,0.000000,0.000000,-0.006776,-0.002554,-0.000024,0.000000,0.677699,0.255427,-0.141454,-1.267717,-12.973952,-0.360967,0.218635,-0.817485,-0.391943,-0.246249,0.054829,-0.303732,-0.091029,0.008864,-0.076960
14.020000,14.020000,null,0.000000,0.000000,-0.006776,-0.002554,-0.000024,-0.000000,0.677699,0.255427,-0.142821,-1.266909,-12.981692,-0.360705,0.219065,-0.817017,-0.392918,-0.246248,0.054829,-0.303732,-0.091030,0.008862,-0.076960
14.040000,14.040000,null,0.000000,0.000000,-0.006776,-0.002554,-0.000024,-0.000000,0.677698,0.255427,-0.144185,-1.266097,-12.989428,-0.360444,0.219495,-0.816548,-0.393892,-0.246248,0.054829,-0.303732,-0.091030,0.008861,-0.076960
14.060000,14.060000,null,0.000000,0.000000,-0.006776,-0.002554,-0.000024,-0.000000,0.677699,0.255427,-0.145547,-1.265283,-12.997170,-0.360182,0.219925,-0.816078,-0.394866,-0.246248,0.054829,-0.303732,-0.091031,0.008859,-0.076959
14.080000,14.080000,null,0.000000,0.000000,-0.006776,-0.002554,-0.000024,-0.000000,0.677699,0.255427,-0.146907,-1.264465,-13.004910,-0.359919,0.220355,-0.815607,-0.395838,-0.246248,0.054829,-0.303732,-0.091031,0.008857,-0.076960
14.100000,14.100000,null,0.000000,0.000000,-0.006776,-0.002554,-0.000024,0.000000,0.677699,0.255427,-0.148265,-1.263644,-13.012649,-0.359656,0.220784,-0.815134,-0.396811,-0.246248,0.054830,-0.303732,-0.091031,0.008856,-0.076960
14.120000,14.120000,null,0.000000,0.000000,-0.006776,-0.002554,-0.000024,-0.000000,0.677699,0.255427,-0.149622,-1.262819,-13.020388,-0.359392,0.221213,-0.814660,-0.397783,-0.246248,0.054830,-0.303732,-0.091031,0.008854,-0.076960
14.140000,14.140000,null,0.000000,0.000000,-0.006776,-0.002554,-0.000024,-0.000000,0.677700,0.255427,-0.150976,-1.261992,-13.028130,-0.359128,0.221641,-0.814185,-0.398754,-0.246248,0.054830,-0.303733,-0.091031,0.008852,-0.076961
14.160000,14.160000,null,0.000000,0.000000,-0.006776,-0.002554,-0.000024,0.000000,0.677701,0.255428,-0.152329,-1.261160,-13.035864,-0.358863,0.222070,-0.813709,-0.399725,-0.246248,0.054830,-0.303733,-0.091031,0.008851,-0.076962
14.180000,14.180000,null,0.000000,0.000000,-0.006776,-0.002554,-0.000024,-0.000000,0.677702,0.255428,-0.153679,-1.260326,-13.043603,-0.358598,0.222497,-0.813232,-0.400694,-0.246248,0.054831,-0.303733,-0.091030,0.008849,-0.076963
14.200000,14.200000,null,0.000000,0.000000,-0.006776,-0.002554,-0.000024,-0.000000,0.677702,0.255428,-0.155027,-1.259489,-13.051346,-0.358332,0.222925,-0.812754,-0.401664,-0.246248,0.054831,-0.303733,-0.091030,0.008848,-0.076964
14.220000,14.220000,null,0.000000,0.000000,-0.006776,-0.002554,-0.000024,-0.000000,0.677703,0.255429,-0.156374,-1.258648,-13.059079,-0.358066,0.223352,-0.812274,-0.402633,-0.246248,0.054831,-0.303733,-0.091030,0.008846,-0.076965
14.240000,14.240000,null,0.000000,0.000000,-0.006776,-0.002554,-0.000024,-0.000000,0.677703,0.255429,-0.157718,-1.257804,-13.066814,-0.357799,0.223779,-0.811793,-0.403601,-0.246247,0.054831,-0.303733,-0.091029,0.008845,-0.076966
14.260000,14.260000,null,0.000000,0.000000,-0.006776,-0.002554,-0.000024,-0.000000,0.677704,0.255429,-0.159061,-1.256957,-13.074554,-0.357532,0.224206,-0.811311,-0.404569,-0.246247,0.054832,-0.303733,-0.091029,0.008844,-0.076967
14.280000,14.280000,null,0.000000,0.000000,-0.006776,-0.002554,-0.000024,-0.000000,0.677704,0.255429,-0.160401,-1.256107,-13.082298,-0.357264,0.224632,-0.810829,-0.405536,-0.246247,0.054832,-0.303733,-0.091028,0.008843,-0.076969
14.300000,14.300000,null,0.000000,0.000000,-0.006776,-0.002554,-0.000024,-0.000000,0.677705,0.255429,-0.161739,-1.255254,-13.090038,-0.356996,0.225058,-0.810344,-0.406503,-0.246248,0.054832,-0.303733,-0.091028,0.008842,-0.076970
14.320000,14.320000,null,0.000000,0.000000,-0.006776,-0.002554,-0.000024,-0.000000,0.677705,0.255430,-0.163076,-1.254397,-13.097779,-0.356728,0.225484,-0.809859,-0.407469,-0.246248,0.054832,-0.303733,-0.091027,0.008841,-0.076971
14.340000,14.340000,null,0.000000,0.000000,-0.006776,-0.002554,-0.000024,0.000000,0.677705,0.255430,-0.164410,-1.253538,-13.105518,-0.356459,0.225909,-0.809372,-0.408434,-0.246248,0.054832,-0.303733,-0.091027,0.008840,-0.076972
14.360000,14.360000,null,0.000000,0.000000,-0.006776,-0.002554,-0.000024,-0.000000,0.677706,0.255430,-0.165742,-1.252675,-13.113257,-0.356189,0.226334,-0.808885,-0.409399,-0.246248,0.054832,-0.303733,-0.091026,0.008840,-0.076974
14.380000,14.380000,null,0.000000,0.000000,-0.006776,-0.002554,-0.000024,-0.000000,0.677706,0.255430,-0.167072,-1.251808,-13.120998,-0.355919,0.226759,-0.808396,-0.410363,-0.246248,0.054832,-0.303733,-0.091026,0.008839,-0.076975
14.400000,14.400000,null,0.000000,0.000000,-0.006776,-0.002554,-0.000024,-0.000000,0.677707,0.255430,-0.168400,-1.250939,-13.128735,-0.355648,0.227183,-0.807906,-0.411327,-0.246248,0.054833,-0.303733,-0.091025,0.008839,-0.076976
14.420000,14.420000,null,0.000000,0.000000,-0.006776,-0.002554,-0.000024,-0.000000,0.677707,0.255431,-0.169726,-1.250066,-13.136471,-0.355377,0.227607,-0.807415,-0.412290,-0.246248,0.054832,-0.303732,-0.091025,0.008839,-0.076977
14.440000,14.440000,null,0.000000,0.000000,-0.006776,-0.002554,-0.000024,0.000000,0.677707,0.255431,-0.171050,-1.249191,-13.144213,-0.355106,0.228031,-0.806923,-0.413253,-0.246248,0.054833,-0.303732,-0.091024,0.008839,-0.076978
14.460000,14.460000,null,0.000000,0.000000,-0.006776,-0.002554,-0.000024,-0.000000,0.677707,0.255431,-0.172372,-1.248312,-13.151955,-0.354834,0.228454,-0.806429,-0.414215,-0.246248,0.054833,-0.303732,-0.091024,0.008839,-0.076979
14.480000,14.480000,null,0.000000,0.000000,-0.006776,-0.002554,-0.000024,-0.000000,0.677707,0.255431,-0.173692,-1.247430,-13.159691,-0.354561,0.228877,-0.805935,-0.415176,-0.246248,0.054833,-0.303732,-0.091023,0.008839,-0.076980
14.500000,14.500000,null,0.000000,0.000000,-0.006776,-0.002554,-0.000024,-0.000000,0.677707,0.255431,-0.175009,-1.246545,-13.167432,-0.354288,0.229300,-0.805439,-0.416137,-0.246248,0.054833,-0.303732,-0.091023,0.008840,-0.076981
14.520000,14.520000,null,0.000000,0.000000,-0.006776,-0.002554,-0.000024,-0.000000,0.677708,0.255431,-0.176325,-1.245657,-13.175173,-0.354014,0.229722,-0.804942,-0.417097,-0.246248,0.054833,-0.303732,-0.091022,0.008840,-0.076982
14.540000,14.540000,null,0.000000,0.000000,-0.006776,-0.002554,-0.000024,-0.000000,0.677708,0.255431,-0.177638,-1.244766,-13.182912,-0.353740,0.230144,-0.804444,-0.418056,-0.246248,0.054833,-0.303732,-0.091022,0.008840,-0.076982
14.560000,14.560000,null,0.000000,0.000000,-0.006776,-0.002554,-0.000024,-0.000000,0.677708,0.255431,-0.178950,-1.243872,-13.190654,-0.353466,0.230566,-0.803945,-0.419015,-0.246248,0.054832,-0.303732,-0.091022,0.008841,-0.076983
14.580000,14.580000,null,0.000000,0.000000,-0.006776,-0.002554,-0.000024,-0.000000,0.677708,0.255431,-0.180259,-1.242974,-13.198393,-0.353191,0.230987,-0.803445,-0.419974,-0.246248,0.054832,-0.303732,-0.091021,0.008841,-0.076983
14.600000,14.600000,null,0.000000,0.000000,-0.006776,-0.002554,-0.000024,-0.000000,0.677708,0.255431,-0.181566,-1.242073,-13.206130,-0.352915,0.231408,-0.802943,-0.420931,-0.246249,0.054832,-0.303732,-0.091021,0.008842,-0.076984
14.620000,14.620000,null,0.000000,0.000000,-0.006776,-0.002554,-0.000024,-0.000000,0.677708,0.255431,-0.182870,-1.241170,-13.213869,-0.352639,0.231828,-0.802441,-0.421889,-0.246249,0.054832,-0.303732,-0.091021,0.008842,-0.076984
14.640000,14.640000,null,0.000000,0.000000,-0.006776,-0.002554,-0.000024,0.000000,0.677708,0.255431,-0.184173,-1.240263,-13.221611,-0.352362,0.232249,-0.801937,-0.422845,-0.246249,0.054832,-0.303732,-0.091021,0.008843,-0.076984
14.660000,14.660000,null,0.000000,0.000000,-0.006776,-0.002554,-0.000024,-0.000000,0.677708,0.255431,-0.185473,-1.239353,-13.229351,-0.352085,0.232669,-0.801432,-0.423801,-0.246249,0.054832,-0.303732,-0.091021,0.008843,-0.076984
14.680000,14.680000,null,0.000000,0.000000,-0.006776,-0.002554,-0.000024,-0.000000,0.677708,0.255431,-0.186772,-1.238440,-13.237093,-0.351808,0.233088,-0.800926,-0.424757,-0.246249,0.054832,-0.303732,-0.091021,0.008844,-0.076984
14.700000,14.700000,null,0.000000,0.000000,-0.006776,-0.002554,-0.000024,-0.000000,0.677707,0.255431,-0.188068,-1.237523,-13.244834,-0.351530,0.233507,-0.800419,-0.425711,-0.246249,0.054832,-0.303731,-0.091021,0.008844,-0.076984
14.720000,14.720000,null,0.000000,0.000000,-0.006776,-0.002554,-0.000024,-0.000000,0.677707,0.255431,-0.189362,-1.236604,-13.252572,-0.351251,0.233926,-0.799911,-0.426666,-0.246249,0.054832,-0.303731,-0.091022,0.008845,-0.076983
14.740000,14.740000,null,0.000000,0.000000,-0.006776,-0.002554,-0.000024,0.000000,0.677707,0.255431,-0.190654,-1.235682,-13.260315,-0.350972,0.234345,-0.799402,-0.427619,-0.246249,0.054832,-0.303731,-0.091022,0.008846,-0.076983
14.760000,14.760000,null,0.000000,0.000000,-0.006776,-0.002554,-0.000024,-0.000000,0.677706,0.255431,-0.191943,-1.234756,-13.268055,-0.350692,0.234763,-0.798891,-0.428572,-0.246249,0.054831,-0.303731,-0.091022,0.008846,-0.076983
14.780000,14.780000,null,0.000000,0.000000,-0.006776,-0.002554,-0.000024,-0.000000,0.677706,0.255430,-0.193230,-1.233828,-13.275796,-0.350412,0.235181,-0.798380,-0.429524,-0.246249,0.054831,-0.303731,-0.091022,0.008847,-0.076982
14.800000,14.800000,null,0.000000,0.000000,-0.006776,-0.002554,-0.000024,-0.000000,0.677706,0.255430,-0.194516,-1.232897,-13.283537,-0.350132,0.235599,-0.797867,-0.430476,-0.246250,0.054831,-0.303731,-0.091023,0.008847,-0.076982
14.820000,14.820000,null,0.000000,0.000000,-0.006776,-0.002554,-0.000024,-0.000000,0.677706,0.255430,-0.195798,-1.231962,-13.291278,-0.349850,0.236016,-0.797353,-0.431427,-0.246250,0.054831,-0.303731,-0.091023,0.008848,-0.076981
14.840000,14.840000,null,0.000000,0.000000,-0.006776,-0.002554,-0.000024,-0.000000,0.677705,0.255430,-0.197079,-1.231025,-13.299021,-0.349569,0.236433,-0.796838,-0.432378,-0.246250,0.054831,-0.303731,-0.091023,0.008849,-0.076980
14.860000,14.860000,null,0.000000,0.000000,-0.006776,-0.002554,-0.000024,0.000000,0.677705,0.255430,-0.198357,-1.230084,-13.306763,-0.349287,0.236850,-0.796322,-0.433328,-0.246250,0.054831,-0.303731,-0.091024,0.008849,-0.076980
14.880000,14.880000,null,0.000000,0.000000,-0.006776,-0.002554,-0.000024,0.000000,0.677705,0.255430,-0.199634,-1.229140,-13.314504,-0.349004,0.237266,-0.795804,-0.434277,-0.246250,0.054831,-0.303731,-0.091024,0.008850,-0.076979
14.900000,14.900000,null,0.000000,0.000000,-0.006776,-0.002554,-0.000024,0.000000,0.677705,0.255430,-0.200908,-1.228193,-13.322244,-0.348721,0.237682,-0.795286,-0.435226,-0.246250,0.054831,-0.303731,-0.091025,0.008850,-0.076978
14.920000,14.920000,null,0.000000,0.000000,-0.006776,-0.002554,-0.000024,-0.000000,0.677704,0.255430,-0.202179,-1.227243,-13.329983,-0.348437,0.238098,-0.794766,-0.436174,-0.246250,0.054831,-0.303731,-0.091025,0.008850,-0.076978
14.940000,14.940000,null,0.000000,0.000000,-0.006776,-0.002554,-0.000024,-0.000000,0.677704,0.255429,-0.203449,-1.226290,-13.337723,-0.348153,0.238513,-0.794246,-0.437121,-0.246250,0.054831,-0.303731,-0.091025,0.008851,-0.076977
14.960000,14.960000,null,0.000000,0.000000,-0.006776,-0.002554,-0.000024,0.000000,0.677704,0.255429,-0.204716,-1.225334,-13.345461,-0.347868,0.238928,-0.793724,-0.438068,-0.246250,0.054831,-0.303731,-0.091026,0.008851,-0.076977
14.980000,14.980000,null,0.000000,0.000000,-0.006776,-0.002554,-0.000024,-0.000000,0.677704,0.255429,-0.205980,-1.224375,-13.353201,-0.347583,0.239343,-0.793201,-0.439014,-0.246250,0.054831,-0.303731,-0.091026,0.008851,-0.076976
15.000000,15.000000,null,0.000000,0.000000,-0.006776,-0.002554,-0.000024,-0.000000,0.677704,0.255429,-0.207243,-1.223413,-13.360944,-0.347297,0.239757,-0.792677,-0.439960,-0.246250,0.054831,-0.303731,-0.091026,0.008851,-0.076976
15.020000,15.020000,null,0.000000,0.000000,-0.006776,-0.002554,-0.000024,-0.000000,0.677704,0.255429,-0.208503,-1.222448,-13.368685,-0.347011,0.240171,-0.792152,-0.440905,-0.246250,0.054831,-0.303731,-0.091026,0.008852,-0.076975
15.040000,15.040000,null,0.000000,0.000000,-0.006776,-0.002554,-0.000024,-0.000000,0.677704,0.255429,-0.209761,-1.221480,-13.376424,-0.346724,0.240585,-0.791625,-0.441849,-0.246250,0.054831,-0.303731,-0.091027,0.008852,-0.076975
15.060000,15.060000,null,0.000000,0.000000,-0.006776,-0.002554,-0.000024,-0.000000,0.677704,0.255429,-0.211017,-1.220509,-13.384165,-0.346437,0.240998,-0.791098,-0.442793,-0.246250,0.054831,-0.303731,-0.091027,0.008852,-0.076975
15.080000,15.080000,null,0.000000,0.000000,-0.006776,-0.002554,-0.000024,0.000000,0.677704,0.255429,-0.212270,-1.219535,-13.391905,-0.346149,0.241411,-0.790569,-0.443736,-0.246250,0.054831,-0.303731,-0.091027,0.008852,-0.076974
15.100000,15.100000,null,0.000000,0.000000,-0.006776,-0.002554,-0.000024,0.000000,0.677704,0.255429,-0.213521,-1.218558,-13.399646,-0.345861,0.241824,-0.790040,-0.444678,-0.246250,0.054831,-0.303731,-0.091027,0.008851,-0.076974
15.120000,15.120000,null,0.000000,0.000000,-0.006776,-0.002554,-0.000024,-0.000000,0.677704,0.255429,-0.214770,-1.217578,-13.407386,-0.345572,0.242236,-0.789509,-0.445620,-0.246250,0.054832,-0.303731,-0.091027,0.008851,-0.076974
15.140000,15.140000,null,0.000000,0.000000,-0.006776,-0.002554,-0.000024,-0.000000,0.677704,0.255429,-0.216016,-1.216595,-13.415122,-0.345283,0.242648,-0.788977,-0.446561,-0.246250,0.054832,-0.303731,-0.091027,0.008851,-0.076974
15.160000,15.160000,null,0.000000,0.000000,-0.006776,-0.002554,-0.000024,-0.000000,0.677704,0.255429,-0.217260,-1.215609,-13.422862,-0.344993,0.243060,-0.788444,-0.447502,-0.246250,0.054832,-0.303731,-0.091027,0.008851,-0.076975
15.180000,15.180000,null,0.000000,0.000000,-0.006776,-0.002554,-0.000024,0.000000,0.677705,0.255429,-0.218501,-1.214620,-13.430602,-0.344703,0.243471,-0.787910,-0.448442,-0.246250,0.054832,-0.303731,-0.091027,0.008850,-0.076975
15.200000,15.200000,null,0.000000,0.000000,-0.006776,-0.002554,-0.000024,-0.000000,0.677705,0.255429,-0.219741,-1.213629,-13.438340,-0.344412,0.243882,-0.787374,-0.449381,-0.246249,0.054832,-0.303731,-0.091027,0.008850,-0.076975
15.220000,15.220000,null,0.000000,0.000000,-0.006776,-0.002554,-0.000024,-0.000000,0.677705,0.255430,-0.220978,-1.212634,-13.446079,-0.344121,0.244292,-0.786838,-0.450319,-0.246249,0.054832,-0.303731,-0.091027,0.008850,-0.076976
15.240000,15.240000,null,0.000000,0.000000,-0.006776,-0.002554,-0.000024,0.000000,0.677705,0.255430,-0.222212,-1.211636,-13.453821,-0.343830,0.244703,-0.786300,-0.451257,-0.246249,0.054832,-0.303731,-0.091026,0.008849,-0.076976
15.260000,15.260000,null,0.000000,0.000000,-0.006776,-0.002554,-0.000024,0.000000,0.677705,0.255430,-0.223444,-1.210635,-13.461562,-0.343538,0.245113,-0.785762,-0.452195,-0.246249,0.054833,-0.303731,-0.091026,0.008849,-0.076977
15.280000,15.280000,null,0.000000,0.000000,-0.006776,-0.002554,-0.000024,-0.000000,0.677706,0.255430,-0.224674,-1.209632,-13.469302,-0.343245,0.245522,-0.785222,-0.453131,-0.246249,0.054833,-0.303731,-0.091026,0.008849,-0.076977
15.300000,15.300000,null,0.000000,0.000000,-0.006776,-0.002554,-0.000024,-0.000000,0.677706,0.255430,-0.225901,-1.208625,-13.477039,-0.342952,0.245931,-0.784681,-0.454067,-0.246249,0.054833,-0.303731,-0.091026,0.008848,-0.076978
15.320000,15.320000,null,0.000000,0.000000,-0.006776,-0.002554,-0.000024,-0.000000,0.677706,0.255430,-0.227126,-1.207616,-13.484779,-0.342658,0.246340,-0.784139,-0.455003,-0.246249,0.054833,-0.303732,-0.091026,0.008848,-0.076978
15.340000,15.340000,null,0.000000,0.000000,-0.006776,-0.002554,-0.000024,-0.000000,0.677706,0.255430,-0.228349,-1.206603,-13.492518,-0.342365,0.246749,-0.783596,-0.455938,-0.246249,0.054833,-0.303731,-0.091026,0.008847,-0.076979
15.360000,15.360000,null,0.000000,0.000000,-0.006776,-0.002554,-0.000024,-0.000000,0.677706,0.255430,-0.229569,-1.205588,-13.500253,-0.342070,0.247157,-0.783052,-0.456872,-0.246249,0.054833,-0.303732,-0.091026,0.008847,-0.076980
15.380000,15.380000,null,0.000000,0.000000,-0.006776,-0.002554,-0.000024,-0.000000,0.677706,0.255430,-0.230787,-1.204570,-13.507990,-0.341775,0.247564,-0.782506,-0.457805,-0.246249,0.054833,-0.303731,-0.091026,0.008847,-0.076980
15.400000,15.400000,null,0.000000,0.000000,-0.006776,-0.002554,-0.000024,-0.000000,0.677707,0.255430,-0.232002,-1.203549,-13.515731,-0.341479,0.247972,-0.781960,-0.458738,-0.246249,0.054833,-0.303732,-0.091025,0.008847,-0.076981
15.420000,15.420000,null,0.000000,0.000000,-0.006776,-0.002554,-0.000024,-0.000000,0.677707,0.255431,-0.233214,-1.202525,-13.523472,-0.341184,0.248379,-0.781412,-0.459670,-0.246249,0.054833,-0.303731,-0.091025,0.008847,-0.076981
15.440000,15.440000,null,0.000000,0.000000,-0.006776,-0.002554,-0.000024,-0.000000,0.677707,0.255431,-0.234425,-1.201498,-13.531213,-0.340887,0.248786,-0.780863,-0.460602,-0.246249,0.054833,-0.303731,-0.091025,0.008846,-0.076982
15.460000,15.460000,null,0.000000,0.000000,-0.006776,-0.002554,-0.000024,0.000000,0.677707,0.255431,-0.235633,-1.200468,-13.538955,-0.340590,0.249192,-0.780314,-0.461532,-0.246249,0.054833,-0.303732,-0.091025,0.008846,-0.076982
15.480000,15.480000,null,0.000000,0.000000,-0.006776,-0.002554,-0.000024,-0.000000,0.677707,0.255431,-0.236838,-1.199435,-13.546690,-0.340293,0.249598,-0.779763,-0.462463,-0.246249,0.054833,-0.303732,-0.091024,0.008846,-0.076983
15.500000,15.500000,null,0.000000,0.000000,-0.006776,-0.002554,-0.000024,-0.000000,0.677708,0.255431,-0.238041,-1.198400,-13.554430,-0.339995,0.250004,-0.779211,-0.463392,-0.246249,0.054833,-0.303731,-0.091024,0.008846,-0.076983
15.520000,15.520000,null,0.000000,0.000000,-0.006776,-0.002554,-0.000024,0.000000,0.677708,0.255431,-0.239242,-1.197361,-13.562173,-0.339697,0.250409,-0.778658,-0.464321,-0.246249,0.054833,-0.303732,-0.091024,0.008846,-0.076984
15.540000,15.540000,null,0.000000,0.000000,-0.006776,-0.002554,-0.000024,-0.000000,0.677708,0.255431,-0.240440,-1.196320,-13.569906,-0.339398,0.250813,-0.778103,-0.465249,-0.246249,0.054833,-0.303732,-0.091024,0.008846,-0.076984
15.560000,15.560000,null,0.000000,0.000000,-0.006776,-0.002554,-0.000024,-0.000000,0.677707,0.255431,-0.241635,-1.195276,-13.577649,-0.339098,0.251217,-0.777548,-0.466177,-0.246249,0.054833,-0.303732,-0.091024,0.008845,-0.076985
15.580000,15.580000,null,0.000000,0.000000,-0.006776,-0.002554,-0.000024,-0.000000,0.677707,0.255431,-0.242828,-1.194229,-13.585388,-0.338799,0.251621,-0.776992,-0.467104,-0.246249,0.054832,-0.303732,-0.091025,0.008845,-0.076985
15.600000,15.600000,null,0.000000,0.000000,-0.006776,-0.002554,-0.000024,-0.000000,0.677707,0.255430,-0.244019,-1.193179,-13.593123,-0.338498,0.252024,-0.776434,-0.468030,-0.246248,0.054832,-0.303732,-0.091026,0.008844,-0.076984
15.620000,15.620000,null,0.000000,0.000000,-0.006776,-0.002554,-0.000024,-0.000000,0.677706,0.255430,-0.245207,-1.192127,-13.600860,-0.338198,0.252427,-0.775876,-0.468956,-0.246248,0.054832,-0.303732,-0.091027,0.008843,-0.076984
15.640000,15.640000,null,0.000000,0.000000,-0.006776,-0.002554,-0.000024,-0.000000,0.677705,0.255430,-0.246392,-1.191071,-13.608598,-0.337896,0.252830,-0.775316,-0.469881,-0.246248,0.054831,-0.303733,-0.091028,0.008841,-0.076983
15.660000,15.660000,null,0.000000,0.000000,-0.006776,-0.002554,-0.000024,-0.000000,0.677704,0.255429,-0.247575,-1.190013,-13.616339,-0.337595,0.253232,-0.774755,-0.470805,-0.246248,0.054831,-0.303733,-0.091029,0.008840,-0.076982
15.680000,15.680000,null,0.000000,0.000000,-0.006776,-0.002554,-0.000024,0.000000,0.677703,0.255429,-0.248756,-1.188952,-13.624079,-0.337292,0.253634,-0.774193,-0.471728,-0.246248,0.054831,-0.303733,-0.091031,0.008838,-0.076981
15.700000,15.700000,null,0.000000,0.000000,-0.006776,-0.002554,-0.000024,-0.000000,0.677702,0.255429,-0.249934,-1.187888,-13.631824,-0.336990,0.254036,-0.773631,-0.472651,-0.246248,0.054830,-0.303733,-0.091032,0.008837,-0.076980
15.720000,15.720000,null,0.000000,0.000000,-0.006776,-0.002554,-0.000024,-0.000000,0.677701,0.255428,-0.251109,-1.186821,-13.639560,-0.336687,0.254437,-0.773066,-0.473574,-0.246248,0.054830,-0.303734,-0.091034,0.008835,-0.076979
15.740000,15.740000,null,0.000000,0.000000,-0.006776,-0.002554,-0.000024,-0.000000,0.677700,0.255428,-0.252282,-1.185751,-13.647298,-0.336383,0.254838,-0.772501,-0.474495,-0.246248,0.054830,-0.303734,-0.091036,0.008833,-0.076977
15.760000,15.760000,null,0.000000,0.000000,-0.006776,-0.002554,-0.000024,0.000000,0.677699,0.255427,-0.253452,-1.184679,-13.655038,-0.336079,0.255239,-0.771935,-0.475416,-0.246247,0.054830,-0.303734,-0.091037,0.008831,-0.076976
15.780000,15.780000,null,0.000000,0.000000,-0.006776,-0.002554,-0.000024,-0.000000,0.677698,0.255427,-0.254620,-1.183604,-13.662779,-0.335774,0.255640,-0.771367,-0.476336,-0.246247,0.054830,-0.303734,-0.091039,0.008829,-0.076975
15.800000,15.800000,null,0.000000,0.000000,-0.006776,-0.002554,-0.000024,0.000000,0.677698,0.255427,-0.255785,-1.182526,-13.670517,-0.335469,0.256040,-0.770799,-0.477256,-0.246247,0.054830,-0.303734,-0.091040,0.008828,-0.076973
15.820000,15.820000,null,0.000000,0.000000,-0.006776,-0.002554,-0.000024,-0.000000,0.677698,0.255426,-0.256948,-1.181445,-13.678256,-0.335163,0.256440,-0.770229,-0.478175,-0.246247,0.054830,-0.303734,-0.091042,0.008826,-0.076972
15.840000,15.840000,null,0.000000,0.000000,-0.006776,-0.002554,-0.000024,-0.000000,0.677697,0.255426,-0.258108,-1.180361,-13.685998,-0.334857,0.256840,-0.769659,-0.479093,-0.246247,0.054830,-0.303734,-0.091043,0.008824,-0.076971
15.860000,15.860000,null,0.000000,0.000000,-0.006776,-0.002554,-0.000024,-0.000000,0.677697,0.255426,-0.259265,-1.179275,-13.693733,-0.334550,0.257239,-0.769087,-0.480010,-0.246247,0.054830,-0.303734,-0.091044,0.008823,-0.076970
15.880000,15.880000,null,0.000000,0.000000,-0.006776,-0.002554,-0.000024,-0.000000,0.677697,0.255426,-0.260420,-1.178186,-13.701474,-0.334243,0.257638,-0.768514,-0.480927,-0.246247,0.054830,-0.303734,-0.091045,0.008822,-0.076969
15.900000,15.900000,null,0.000000,0.000000,-0.006776,-0.002554,-0.000024,-0.000000,0.677697,0.255426,-0.261572,-1.177094,-13.709214,-0.333936,0.258037,-0.767940,-0.481843,-0.246247,0.054830,-0.303734,-0.091045,0.008821,-0.076969
15.920000,15.920000,null,0.000000,0.000000,-0.006776,-0.002554,-0.000024,-0.000000,0.677697,0.255426,-0.262722,-1.176000,-13.716954,-0.333627,0.258435,-0.767364,-0.482759,-0.246247,0.054831,-0.303734,-0.091046,0.008820,-0.076969
15.940000,15.940000,null,0.000000,0.000000,-0.006776,-0.002554,-0.000024,-0.000000,0.677697,0.255426,-0.263869,-1.174903,-13.724697,-0.333319,0.258833,-0.766788,-0.483673,-0.246247,0.054831,-0.303734,-0.091046,0.008819,-0.076969
15.960000,15.960000,null,0.000000,0.000000,-0.006776,-0.002554,-0.000024,0.000000,0.677698,0.255426,-0.265013,-1.173803,-13.732437,-0.333009,0.259231,-0.766211,-0.484587,-0.246247,0.054832,-0.303734,-0.091046,0.008818,-0.076969
15.980000,15.980000,null,0.000000,0.000000,-0.006776,-0.002554,-0.000024,-0.000000,0.677699,0.255427,-0.266155,-1.172700,-13.740174,-0.332700,0.259628,-0.765632,-0.485501,-0.246247,0.054832,-0.303734,-0.091045,0.008817,-0.076970
16.000000,16.000000,null,0.000000,0.000000,-0.006776,-0.002554,-0.000024,-0.000000,0.677700,0.255427,-0.267294,-1.171595,-13.747915,-0.332390,0.260025,-0.765053,-0.486413,-0.246247,0.054832,-0.303734,-0.091044,0.008817,-0.076971
16.020000,16.020000,null,0.000000,0.000000,-0.006776,-0.002554,-0.000024,-0.000000,0.677701,0.255428,-0.268431,-1.170487,-13.755654,-0.332080,0.260422,-0.764472,-0.487325,-0.246247,0.054833,-0.303734,-0.091043,0.008817,-0.076972
16.040000,16.040000,null,0.000000,0.000000,-0.006776,-0.002554,-0.000024,-0.000000,0.677702,0.255428,-0.269565,-1.169376,-13.763395,-0.331769,0.260818,-0.763891,-0.488236,-0.246247,0.054833,-0.303734,-0.091042,0.008817,-0.076973
16.060000,16.060000,null,0.000000,0.000000,-0.006776,-0.002554,-0.000024,-0.000000,0.677704,0.255429,-0.270696,-1.168263,-13.771137,-0.331457,0.261214,-0.763308,-0.489147,-0.246247,0.054834,-0.303733,-0.091041,0.008817,-0.076975
16.080000,16.080000,null,0.000000,0.000000,-0.006776,-0.002554,-0.000024,-0.000000,0.677705,0.255429,-0.271824,-1.167147,-13.778873,-0.331145,0.261609,-0.762724,-0.490057,-0.246247,0.054834,-0.303733,-0.091040,0.008817,-0.076977
16.100000,16.100000,null,0.000000,0.000000,-0.006776,-0.002554,-0.000024,-0.000000,0.677706,0.255430,-0.272950,-1.166028,-13.786607,-0.330833,0.262005,-0.762139,-0.490966,-0.246247,0.054834,-0.303733,-0.091038,0.008817,-0.076979
16.120000,16.120000,null,0.000000,0.000000,-0.006776,-0.002554,-0.000024,-0.000000,0.677707,0.255430,-0.274073,-1.164907,-13.794344,-0.330520,0.262399,-0.761553,-0.491874,-0.246247,0.054835,-0.303733,-0.091036,0.008818,-0.076981
16.140000,16.140000,null,0.000000,0.000000,-0.006776,-0.002554,-0.000024,-0.000000,0.677708,0.255431,-0.275194,-1.163782,-13.802085,-0.330207,0.262793,-0.760965,-0.492782,-0.246248,0.054835,-0.303733,-0.091035,0.008818,-0.076983
16.160000,16.160000,null,0.000000,0.000000,-0.006776,-0.002554,-0.000024,-0.000000,0.677709,0.255431,-0.276312,-1.162656,-13.809824,-0.329894,0.263187,-0.760377,-0.493689,-0.246248,0.054835,-0.303733,-0.091033,0.008819,-0.076985
16.180000,16.180000,null,0.000000,0.000000,-0.006776,-0.002554,-0.000024,-0.000000,0.677710,0.255432,-0.277427,-1.161526,-13.817561,-0.329580,0.263580,-0.759788,-0.494596,-0.246248,0.054835,-0.303733,-0.091031,0.008820,-0.076988
16.200000,16.200000,null,0.000000,0.000000,-0.006776,-0.002554,-0.000024,-0.000000,0.677711,0.255432,-0.278539,-1.160394,-13.825305,-0.329265,0.263973,-0.759198,-0.495501,-0.246248,0.054835,-0.303732,-0.091030,0.008821,-0.076990
16.220000,16.220000,null,0.000000,0.000000,-0.006776,-0.002554,-0.000024,-0.000000,0.677712,0.255433,-0.279649,-1.159259,-13.833047,-0.328950,0.264366,-0.758606,-0.496406,-0.246248,0.054835,-0.303732,-0.091028,0.008821,-0.076992
16.240000,16.240000,null,0.000000,0.000000,-0.006776,-0.002554,-0.000024,-0.000000,0.677713,0.255433,-0.280756,-1.158122,-13.840788,-0.328635,0.264758,-0.758014,-0.497310,-0.246248,0.054835,-0.303732,-0.091027,0.008822,-0.076994
16.260000,16.260000,null,0.000000,0.000000,-0.006776,-0.002554,-0.000024,-0.000000,0.677713,0.255433,-0.281860,-1.156982,-13.848528,-0.328319,0.265149,-0.757420,-0.498214,-0.246248,0.054835,-0.303732,-0.091025,0.008823,-0.076995
16.280000,16.280000,null,0.000000,0.000000,-0.006776,-0.002554,-0.000024,-0.000000,0.677713,0.255433,-0.282962,-1.155839,-13.856268,-0.328003,0.265540,-0.756826,-0.499117,-0.246248,0.054835,-0.303732,-0.091024,0.008823,-0.076997
16.300000,16.300000,null,0.000000,0.000000,-0.006776,-0.002554,-0.000024,-0.000000,0.677713,0.255433,-0.284061,-1.154694,-13.864012,-0.327686,0.265931,-0.756230,-0.500019,-0.246248,0.054835,-0.303732,-0.091023,0.008824,-0.076998
16.320000,16.320000,null,0.000000,0.000000,-0.006776,-0.002554,-0.000024,0.000000,0.677713,0.255433,-0.285157,-1.153545,-13.871750,-0.327369,0.266321,-0.755633,-0.500920,-0.246248,0.054835,-0.303732,-0.091023,0.008825,-0.076999
16.340000,16.340000,null,0.000000,0.000000,-0.006776,-0.002554,-0.000024,-0.000000,0.677713,0.255433,-0.286250,-1.152395,-13.879488,-0.327052,0.266711,-0.755036,-0.501820,-0.246248,0.054834,-0.303732,-0.091022,0.008825,-0.077000
16.360000,16.360000,null,0.000000,0.000000,-0.006776,-0.002554,-0.000024,-0.000000,0.677713,0.255433,-0.287341,-1.151241,-13.887228,-0.326734,0.267101,-0.754437,-0.502719,-0.246248,0.054834,-0.303732,-0.091021,0.008826,-0.077001
16.380000,16.380000,null,0.000000,0.000000,-0.006776,-0.002554,-0.000024,-0.000000,0.677713,0.255433,-0.288429,-1.150085,-13.894969,-0.326415,0.267490,-0.753838,-0.503618,-0.246248,0.054834,-0.303732,-0.091021,0.008827,-0.077001
16.400000,16.400000,null,0.000000,0.000000,-0.006776,-0.002554,-0.000024,0.000000,0.677713,0.255433,-0.289514,-1.148927,-13.902709,-0.326096,0.267878,-0.753237,-0.504515,-0.246248,0.054834,-0.303732,-0.091020,0.008827,-0.077002
16.420000,16.420000,null,0.000000,0.000000,-0.006776,-0.002554,-0.000024,0.000000,0.677713,0.255433,-0.290596,-1.147766,-13.910453,-0.325777,0.268267,-0.752635,-0.505413,-0.246248,0.054833,-0.303732,-0.091019,0.008828,-0.077002
16.440000,16.440000,null,0.000000,0.000000,-0.006776,-0.002554,-0.000024,-0.000000,0.677712,0.255433,-0.291675,-1.146603,-13.918187,-0.325457,0.268654,-0.752033,-0.506309,-0.246248,0.054833,-0.303732,-0.091019,0.008828,-0.077002
16.460000,16.460000,null,0.000000,0.000000,-0.006776,-0.002554,-0.000024,-0.000000,0.677712,0.255433,-0.292752,-1.145436,-13.925922,-0.325137,0.269042,-0.751429,-0.507205,-0.246248,0.054833,-0.303732,-0.091018,0.008829,-0.077002
16.480000,16.480000,null,0.000000,0.000000,-0.006776,-0.002554,-0.000024,-0.000000,0.677712,0.255433,-0.293826,-1.144268,-13.933661,-0.324816,0.269428,-0.750824,-0.508100,-0.246248,0.054832,-0.303733,-0.091018,0.008829,-0.077002
16.500000,16.500000,null,0.000000,0.000000,-0.006776,-0.002554,-0.000024,0.000000,0.677711,0.255433,-0.294897,-1.143096,-13.941404,-0.324495,0.269815,-0.750218,-0.508994,-0.246248,0.054832,-0.303732,-0.091018,0.008829,-0.077002
16.520000,16.520000,null,0.000000,0.000000,-0.006776,-0.002554,-0.000024,-0.000000,0.677711,0.255432,-0.295966,-1.141922,-13.949144,-0.324174,0.270201,-0.749611,-0.509888,-0.246248,0.054831,-0.303732,-0.091018,0.008829,-0.077001
16.540000,16.540000,null,0.000000,0.000000,-0.006776,-0.002554,-0.000024,-0.000000,0.677710,0.255432,-0.297031,-1.140746,-13.956887,-0.323852,0.270588,-0.749002,-0.510782,-0.246248,0.054831,-0.303732,-0.091019,0.008830,-0.077000
16.560000,16.560000,null,0.000000,0.000000,-0.006776,-0.002554,-0.000024,0.000000,0.677709,0.255432,-0.298094,-1.139567,-13.964626,-0.323530,0.270974,-0.748393,-0.511674,-0.246249,0.054831,-0.303732,-0.091020,0.008830,-0.076999
16.580000,16.580000,null,0.000000,0.000000,-0.006776,-0.002554,-0.000024,-0.000000,0.677708,0.255431,-0.299154,-1.138385,-13.972359,-0.323207,0.271359,-0.747782,-0.512566,-0.246249,0.054830,-0.303732,-0.091020,0.008831,-0.076997
16.600000,16.600000,null,0.000000,0.000000,-0.006776,-0.002554,-0.000023,-0.000000,0.677706,0.255431,-0.300211,-1.137201,-13.980094,-0.322884,0.271744,-0.747170,-0.513457,-0.246249,0.054830,-0.303731,-0.091021,0.008833,-0.076995
16.620000,16.620000,null,0.000000,0.000000,-0.006776,-0.002554,-0.000024,-0.000000,0.677706,0.255430,-0.301266,-1.136015,-13.987833,-0.322560,0.272128,-0.746557,-0.514348,-0.246249,0.054829,-0.303731,-0.091022,0.008834,-0.076993
16.640000,16.640000,null,0.000000,0.000000,-0.006776,-0.002554,-0.000023,0.000000,0.677704,0.255430,-0.302317,-1.134826,-13.995576,-0.322236,0.272512,-0.745943,-0.515238,-0.246250,0.054828,-0.303731,-0.091024,0.008836,-0.076990
16.660000,16.660000,null,0.000000,0.000000,-0.006776,-0.002554,-0.000024,-0.000000,0.677703,0.255429,-0.303366,-1.133634,-14.003316,-0.321911,0.272897,-0.745328,-0.516126,-0.246250,0.054828,-0.303731,-0.091025,0.008838,-0.076987
16.680000,16.680000,null,0.000000,0.000000,-0.006776,-0.002554,-0.000023,-0.000000,0.677702,0.255428,-0.304412,-1.132440,-14.011054,-0.321586,0.273280,-0.744712,-0.517015,-0.246250,0.054828,-0.303731,-0.091026,0.008839,-0.076984
16.700000,16.700000,null,0.000000,0.000000,-0.006776,-0.002554,-0.000023,-0.000000,0.677701,0.255428,-0.305455,-1.131243,-14.018795,-0.321260,0.273663,-0.744095,-0.517902,-0.246251,0.054827,-0.303731,-0.091028,0.008841,-0.076981
16.720000,16.720000,null,0.000000,0.000000,-0.006776,-0.002554,-0.000024,0.000000,0.677699,0.255427,-0.306495,-1.130044,-14.026526,-0.320934,0.274046,-0.743477,-0.518789,-0.246251,0.054827,-0.303731,-0.091029,0.008843,-0.076978
16.740000,16.740000,null,0.000000,0.000000,-0.006776,-0.002554,-0.000024,0.000000,0.677698,0.255427,-0.307532,-1.128843,-14.034262,-0.320607,0.274428,-0.742858,-0.519676,-0.246251,0.054827,-0.303731,-0.091030,0.008845,-0.076975
16.760000,16.760000,null,0.000000,0.000000,-0.006776,-0.002554,-0.000024,-0.000000,0.677697,0.255426,-0.308567,-1.127639,-14.041999,-0.320280,0.274811,-0.742238,-0.520560,-0.246251,0.054827,-0.303730,-0.091032,0.008848,-0.076971
16.780000,16.780000,null,0.000000,0.000000,-0.006776,-0.002554,-0.000024,-0.000000,0.677696,0.255426,-0.309598,-1.126433,-14.049742,-0.319952,0.275192,-0.741616,-0.521445,-0.246251,0.054826,-0.303730,-0.091033,0.008849,-0.076968
16.800000,16.800000,null,0.000000,0.000000,-0.006776,-0.002554,-0.000024,-0.000000,0.677695,0.255425,-0.310627,-1.125224,-14.057485,-0.319624,0.275573,-0.740994,-0.522329,-0.246251,0.054826,-0.303730,-0.091034,0.008851,-0.076965
16.820000,16.820000,null,0.000000,0.000000,-0.006776,-0.002554,-0.000024,-0.000000,0.677694,0.255425,-0.311653,-1.124013,-14.065225,-0.319295,0.275954,-0.740371,-0.523212,-0.246252,0.054826,-0.303730,-0.091036,0.008853,-0.076962
16.840000,16.840000,null,0.000000,0.000000,-0.006776,-0.002554,-0.000024,-0.000000,0.677693,0.255425,-0.312676,-1.122799,-14.072965,-0.318966,0.276335,-0.739746,-0.524095,-0.246252,0.054825,-0.303730,-0.091037,0.008855,-0.076959
16.860000,16.860000,null,0.000000,0.000000,-0.006776,-0.002554,-0.000024,-0.000000,0.677693,0.255424,-0.313696,-1.121583,-14.080697,-0.318636,0.276715,-0.739121,-0.524976,-0.246252,0.054826,-0.303730,-0.091038,0.008857,-0.076956
16.880000,16.880000,null,0.000000,0.000000,-0.006776,-0.002554,-0.000024,-0.000000,0.677692,0.255424,-0.314713,-1.120364,-14.088436,-0.318306,0.277095,-0.738494,-0.525857,-0.246252,0.054825,-0.303730,-0.091039,0.008858,-0.076953
16.900000,16.900000,null,0.000000,0.000000,-0.006776,-0.002554,-0.000024,-0.000000,0.677691,0.255424,-0.315727,-1.119144,-14.096174,-0.317975,0.277474,-0.737867,-0.526738,-0.246251,0.054825,-0.303730,-0.091041,0.008860,-0.076950
16.920000,16.920000,null,0.000000,0.000000,-0.006776,-0.002554,-0.000024,-0.000000,0.677691,0.255424,-0.316738,-1.117920,-14.103918,-0.317644,0.277853,-0.737238,-0.527617,-0.246251,0.054825,-0.303729,-0.091042,0.008861,-0.076947
16.940000,16.940000,null,0.000000,0.000000,-0.006776,-0.002554,-0.000024,-0.000000,0.677690,0.255423,-0.317746,-1.116694,-14.111660,-0.317313,0.278232,-0.736608,-0.528496,-0.246251,0.054825,-0.303729,-0.091043,0.008862,-0.076945
16.960000,16.960000,null,0.000000,0.000000,-0.006776,-0.002554,-0.000024,0.000000,0.677690,0.255423,-0.318752,-1.115466,-14.119399,-0.316981,0.278610,-0.735978,-0.529374,-0.246251,0.054825,-0.303729,-0.091044,0.008863,-0.076942
16.980000,16.980000,null,0.000000,0.000000,-0.006776,-0.002554,-0.000024,-0.000000,0.677689,0.255423,-0.319754,-1.114236,-14.127133,-0.316648,0.278987,-0.735346,-0.530251,-0.246251,0.054825,-0.303729,-0.091045,0.008864,-0.076940
17.000000,17.000000,null,0.000000,0.000000,-0.006776,-0.002554,-0.000024,-0.000000,0.677689,0.255423,-0.320754,-1.113003,-14.134868,-0.316315,0.279365,-0.734713,-0.531128,-0.246251,0.054825,-0.303729,-0.091046,0.008865,-0.076937
17.020000,17.020000,null,0.000000,0.000000,-0.006776,-0.002554,-0.000024,-0.000000,0.677689,0.255423,-0.321750,-1.111767,-14.142607,-0.315982,0.279742,-0.734079,-0.532003,-0.246251,0.054825,-0.303729,-0.091047,0.008866,-0.076935
17.040000,17.040000,null,0.000000,0.000000,-0.006776,-0.002554,-0.000024,-0.000000,0.677688,0.255422,-0.322744,-1.110529,-14.150346,-0.315648,0.280118,-0.733444,-0.532878,-0.246251,0.054825,-0.303729,-0.091048,0.008867,-0.076933
17.060000,17.060000,null,0.000000,0.000000,-0.006776,-0.002554,-0.000024,0.000000,0.677688,0.255422,-0.323735,-1.109289,-14.158088,-0.315314,0.280495,-0.732808,-0.533752,-0.246251,0.054825,-0.303729,-0.091049,0.008868,-0.076931
17.080000,17.080000,null,0.000000,0.000000,-0.006776,-0.002554,-0.000024,-0.000000,0.677688,0.255422,-0.324722,-1.108047,-14.165824,-0.314979,0.280870,-0.732172,-0.534626,-0.246251,0.054825,-0.303729,-0.091050,0.008868,-0.076929
17.100000,17.100000,null,0.000000,0.000000,-0.006776,-0.002554,-0.000024,0.000000,0.677687,0.255422,-0.325707,-1.106802,-14.173563,-0.314644,0.281246,-0.731533,-0.535498,-0.246251,0.054825,-0.303729,-0.091051,0.008869,-0.076927
17.120000,17.120000,null,0.000000,0.000000,-0.006776,-0.002554,-0.000024,-0.000000,0.677687,0.255421,-0.326689,-1.105555,-14.181301,-0.314309,0.281621,-0.730895,-0.536370,-0.246251,0.054825,-0.303729,-0.091052,0.008869,-0.076925
17.140000,17.140000,null,0.000000,0.000000,-0.006776,-0.002554,-0.000024,0.000000,0.677686,0.255421,-0.327668,-1.104305,-14.189033,-0.313973,0.281995,-0.730254,-0.537242,-0.246251,0.054825,-0.303729,-0.091053,0.008870,-0.076923
17.160000,17.160000,null,0.000000,0.000000,-0.006776,-0.002554,-0.000024,-0.000000,0.677686,0.255421,-0.328644,-1.103054,-14.196766,-0.313636,0.282369,-0.729613,-0.538112,-0.246251,0.054825,-0.303729,-0.091054,0.008870,-0.076921
17.180000,17.180000,null,0.000000,0.000000,-0.006776,-0.002554,-0.000024,-0.000000,0.677686,0.255421,-0.329616,-1.101799,-14.204505,-0.313299,0.282743,-0.728971,-0.538981,-0.246251,0.054825,-0.303729,-0.091055,0.008870,-0.076920
17.200000,17.200000,null,0.000000,0.000000,-0.006776,-0.002554,-0.000024,-0.000000,0.677685,0.255421,-0.330586,-1.100543,-14.212249,-0.312962,0.283117,-0.728328,-0.539850,-0.246251,0.054825,-0.303729,-0.091056,0.008871,-0.076918
17.220000,17.220000,null,0.000000,0.000000,-0.006776,-0.002554,-0.000024,0.000000,0.677685,0.255421,-0.331553,-1.099284,-14.219990,-0.312624,0.283489,-0.727684,-0.540718,-0.246251,0.054825,-0.303729,-0.091056,0.008871,-0.076917
17.240000,17.240000,null,0.000000,0.000000,-0.006776,-0.002554,-0.000024,-0.000000,0.677685,0.255421,-0.332517,-1.098023,-14.227730,-0.312286,0.283862,-0.727038,-0.541586,-0.246251,0.054825,-0.303729,-0.091057,0.008871,-0.076915
17.260000,17.260000,null,0.000000,0.000000,-0.006776,-0.002554,-0.000024,-0.000000,0.677684,0.255421,-0.333478,-1.096759,-14.235471,-0.311947,0.284234,-0.726392,-0.542452,-0.246251,0.054825,-0.303729,-0.091058,0.008871,-0.076914
17.280000,17.280000,null,0.000000,0.000000,-0.006776,-0.002554,-0.000024,-0.000000,0.677684,0.255421,-0.334436,-1.095494,-14.243201,-0.311608,0.284606,-0.725745,-0.543318,-0.246251,0.054825,-0.303729,-0.091059,0.008872,-0.076913
17.300000,17.300000,null,0.000000,0.000000,-0.006776,-0.002554,-0.000024,-0.000000,0.677684,0.255420,-0.335391,-1.094226,-14.250935,-0.311268,0.284977,-0.725097,-0.544183,-0.246251,0.054825,-0.303729,-0.091060,0.008872,-0.076912
17.320000,17.320000,null,0.000000,0.000000,-0.006776,-0.002554,-0.000024,-0.000000,0.677684,0.255420,-0.336343,-1.092955,-14.258671,-0.310928,0.285348,-0.724447,-0.545047,-0.246251,0.054825,-0.303729,-0.091061,0.008872,-0.076911
17.340000,17.340000,null,0.000000,0.000000,-0.006776,-0.002554,-0.000024,-0.000000,0.677684,0.255420,-0.337291,-1.091683,-14.266414,-0.310588,0.285719,-0.723797,-0.545911,-0.246251,0.054825,-0.303729,-0.091061,0.008872,-0.076910
17.360000,17.360000,null,0.000000,0.000000,-0.006776,-0.002554,-0.000024,0.000000,0.677683,0.255420,-0.338237,-1.090408,-14.274153,-0.310247,0.286089,-0.723145,-0.546773,-0.246251,0.054826,-0.303729,-0.091062,0.008872,-0.076909
17.380000,17.380000,null,0.000000,0.000000,-0.006776,-0.002554,-0.000024,-0.000000,0.677683,0.255420,-0.339180,-1.089131,-14.281893,-0.309905,0.286459,-0.722493,-0.547635,-0.246251,0.054826,-0.303729,-0.091063,0.008872,-0.076908
17.400000,17.400000,null,0.000000,0.000000,-0.006776,-0.002554,-0.000024,-0.000000,0.677683,0.255420,-0.340119,-1.087852,-14.289637,-0.309563,0.286828,-0.721839,-0.548496,-0.246251,0.054826,-0.303730,-0.091064,0.008871,-0.076907
17.420000,17.420000,null,0.000000,0.000000,-0.006776,-0.002554,-0.000024,-0.000000,0.677683,0.255420,-0.341056,-1.086570,-14.297370,-0.309221,0.287197,-0.721185,-0.549356,-0.246251,0.054826,-0.303730,-0.091064,0.008871,-0.076906
17.440000,17.440000,null,0.000000,0.000000,-0.006776,-0.002554,-0.000024,-0.000000,0.677683,0.255420,-0.341990,-1.085286,-14.305103,-0.308878,0.287565,-0.720529,-0.550216,-0.246251,0.054826,-0.303730,-0.091065,0.008871,-0.076906
17.460000,17.460000,null,0.000000,0.000000,-0.006776,-0.002554,-0.000024,-0.000000,0.677683,0.255420,-0.342920,-1.084000,-14.312842,-0.308535,0.287934,-0.719873,-0.551075,-0.246251,0.054826,-0.303730,-0.091066,0.008870,-0.076905
17.480000,17.480000,null,0.000000,0.000000,-0.006776,-0.002554,-0.000024,-0.000000,0.677683,0.255420,-0.343848,-1.082712,-14.320586,-0.308191,0.288301,-0.719215,-0.551933,-0.246251,0.054826,-0.303730,-0.091066,0.008870,-0.076905
17.500000,17.500000,null,0.000000,0.000000,-0.006776,-0.002554,-0.000024,0.000000,0.677683,0.255420,-0.344772,-1.081421,-14.328327,-0.307847,0.288669,-0.718557,-0.552790,-0.246250,0.054827,-0.303730,-0.091067,0.008869,-0.076905
17.520000,17.520000,null,0.000000,0.000000,-0.006776,-0.002554,-0.000024,-0.000000,0.677683,0.255420,-0.345693,-1.080129,-14.336063,-0.307503,0.289036,-0.717897,-0.553647,-0.246251,0.054827,-0.303730,-0.091067,0.008869,-0.076904
17.540000,17.540000,null,0.000000,0.000000,-0.006776,-0.002554,-0.000024,-0.000000,0.677684,0.255420,-0.346611,-1.078834,-14.343805,-0.307157,0.289402,-0.717236,-0.554502,-0.246250,0.054827,-0.303730,-0.091067,0.008868,-0.076905
17.560000,17.560000,null,0.000000,0.000000,-0.006776,-0.002554,-0.000024,-0.000000,0.677684,0.255420,-0.347526,-1.077538,-14.351538,-0.306812,0.289768,-0.716575,-0.555357,-0.246250,0.054827,-0.303730,-0.091068,0.008867,-0.076905
17.580000,17.580000,null,0.000000,0.000000,-0.006776,-0.002554,-0.000024,-0.000000,0.677684,0.255420,-0.348439,-1.076239,-14.359275,-0.306466,0.290134,-0.715912,-0.556211,-0.246250,0.054827,-0.303730,-0.091068,0.008866,-0.076905
17.600000,17.600000,null,0.000000,0.000000,-0.006776,-0.002554,-0.000024,0.000000,0.677684,0.255420,-0.349347,-1.074937,-14.367013,-0.306120,0.290499,-0.715248,-0.557064,-0.246250,0.054828,-0.303730,-0.091069,0.008866,-0.076905
17.620000,17.620000,null,0.000000,0.000000,-0.006776,-0.002554,-0.000024,0.000000,0.677684,0.255420,-0.350253,-1.073634,-14.374757,-0.305773,0.290864,-0.714584,-0.557917,-0.246250,0.054828,-0.303730,-0.091069,0.008865,-0.076905
17.640000,17.640000,null,0.000000,0.000000,-0.006776,-0.002554,-0.000024,0.000000,0.677684,0.255420,-0.351156,-1.072328,-14.382497,-0.305426,0.291228,-0.713918,-0.558769,-0.246250,0.054828,-0.303731,-0.091069,0.008864,-0.076906
17.660000,17.660000,null,0.000000,0.000000,-0.006776,-0.002554,-0.000024,-0.000000,0.677685,0.255420,-0.352056,-1.071021,-14.390237,-0.305078,0.291592,-0.713251,-0.559619,-0.246250,0.054828,-0.303731,-0.091070,0.008863,-0.076906
17.680000,17.680000,null,0.000000,0.000000,-0.006776,-0.002554,-0.000024,-0.000000,0.677685,0.255420,-0.352952,-1.069711,-14.397975,-0.304730,0.291956,-0.712583,-0.560470,-0.246250,0.054828,-0.303731,-0.091070,0.008861,-0.076907
17.700000,17.700000,null,0.000000,0.000000,-0.006776,-0.002554,-0.000024,-0.000000,0.677685,0.255421,-0.353845,-1.068399,-14.405706,-0.304382,0.292319,-0.711915,-0.561319,-0.246250,0.054829,-0.303731,-0.091070,0.008860,-0.076908
17.720000,17.720000,null,0.000000,0.000000,-0.006776,-0.002554,-0.000024,-0.000000,0.677686,0.255421,-0.354736,-1.067085,-14.413438,-0.304033,0.292682,-0.711245,-0.562167,-0.246250,0.054829,-0.303731,-0.091070,0.008859,-0.076909
17.740000,17.740000,null,0.000000,0.000000,-0.006776,-0.002554,-0.000024,-0.000000,0.677686,0.255421,-0.355623,-1.065769,-14.421175,-0.303683,0.293044,-0.710574,-0.563015,-0.246250,0.054829,-0.303731,-0.091071,0.008858,-0.076910
17.760000,17.760000,null,0.000000,0.000000,-0.006776,-0.002554,-0.000024,0.000000,0.677686,0.255421,-0.356507,-1.064450,-14.428916,-0.303333,0.293406,-0.709902,-0.563862,-0.246249,0.054830,-0.303731,-0.091071,0.008857,-0.076911
17.780000,17.780000,null,0.000000,0.000000,-0.006776,-0.002554,-0.000024,0.000000,0.677687,0.255421,-0.357388,-1.063129,-14.436656,-0.302983,0.293767,-0.709229,-0.564708,-0.246249,0.054830,-0.303731,-0.091071,0.008856,-0.076912
17.800000,17.800000,null,0.000000,0.000000,-0.006776,-0.002554,-0.000024,-0.000000,0.677687,0.255421,-0.358265,-1.061807,-14.444400,-0.302633,0.294129,-0.708556,-0.565553,-0.246249,0.054830,-0.303731,-0.091071,0.008855,-0.076913
17.820000,17.820000,null,0.000000,0.000000,-0.006776,-0.002554,-0.000024,-0.000000,0.677687,0.255422,-0.359140,-1.060483,-14.452142,-0.302282,0.294489,-0.707881,-0.566398,-0.246249,0.054830,-0.303731,-0.091071,0.008853,-0.076914
17.840000,17.840000,null,0.000000,0.000000,-0.006776,-0.002554,-0.000024,-0.000000,0.677687,0.255422,-0.360011,-1.059156,-14.459879,-0.301930,0.294849,-0.707205,-0.567241,-0.246249,0.054830,-0.303731,-0.091071,0.008852,-0.076915
17.860000,17.860000,null,0.000000,0.000000,-0.006776,-0.002554,-0.000024,-0.000000,0.677688,0.255422,-0.360879,-1.057827,-14.467618,-0.301579,0.295209,-0.706528,-0.568085,-0.246249,0.054830,-0.303732,-0.091071,0.008852,-0.076916
17.880000,17.880000,null,0.000000,0.000000,-0.006776,-0.002554,-0.000024,-0.000000,0.677688,0.255422,-0.361744,-1.056496,-14.475357,-0.301226,0.295568,-0.705850,-0.568927,-0.246249,0.054830,-0.303732,-0.091071,0.008850,-0.076917
17.900000,17.900000,null,0.000000,0.000000,-0.006776,-0.002554,-0.000024,-0.000000,0.677688,0.255422,-0.362606,-1.055163,-14.483100,-0.300874,0.295927,-0.705171,-0.569768,-0.246249,0.054831,-0.303732,-0.091072,0.008850,-0.076918
17.920000,17.920000,null,0.000000,0.000000,-0.006776,-0.002554,-0.000024,-0.000000,0.677688,0.255422,-0.363465,-1.053828,-14.490836,-0.300521,0.296286,-0.704491,-0.570608,-0.246249,0.054831,-0.303732,-0.091072,0.008849,-0.076919
17.940000,17.940000,null,0.000000,0.000000,-0.006776,-0.002554,-0.000024,-0.000000,0.677689,0.255422,-0.364320,-1.052491,-14.498575,-0.300167,0.296644,-0.703811,-0.571448,-0.246249,0.054831,-0.303731,-0.091072,0.008848,-0.076920
17.960000,17.960000,null,0.000000,0.000000,-0.006776,-0.002554,-0.000024,-0.000000,0.677689,0.255422,-0.365173,-1.051152,-14.506312,-0.299813,0.297002,-0.703129,-0.572287,-0.246249,0.054831,-0.303731,-0.091072,0.008847,-0.076921
17.980000,17.980000,null,0.000000,0.000000,-0.006776,-0.002554,-0.000024,-0.000000,0.677690,0.255423,-0.366022,-1.049811,-14.514044,-0.299458,0.297360,-0.702446,-0.573124,-0.246249,0.054832,-0.303731,-0.091072,0.008847,-0.076923
18.000000,18.000000,null,0.000000,0.000000,-0.006776,-0.002554,-0.000024,-0.000000,0.677691,0.255423,-0.366868,-1.048468,-14.521775,-0.299104,0.297717,-0.701762,-0.573962,-0.246249,0.054832,-0.303731,-0.091071,0.008847,-0.076924
18.020000,18.020000,null,0.000000,0.000000,-0.006776,-0.002554,-0.000024,-0.000000,0.677691,0.255423,-0.367710,-1.047122,-14.529512,-0.298748,0.298074,-0.701077,-0.574798,-0.246249,0.054832,-0.303731,-0.091071,0.008846,-0.076925
18.040000,18.040000,null,0.000000,0.000000,-0.006776,-0.002554,-0.000024,-0.000000,0.677692,0.255424,-0.368550,-1.045775,-14.537253,-0.298393,0.298430,-0.700391,-0.575634,-0.246249,0.054832,-0.303731,-0.091070,0.008846,-0.076927
18.060000,18.060000,null,0.000000,0.000000,-0.006776,-0.002554,-0.000024,-0.000000,0.677693,0.255424,-0.369386,-1.044426,-14.544993,-0.298036,0.298785,-0.699704,-0.576468,-0.246249,0.054833,-0.303731,-0.091070,0.008846,-0.076928
18.080000,18.080000,null,0.000000,0.000000,-0.006776,-0.002554,-0.000024,0.000000,0.677694,0.255424,-0.370219,-1.043075,-14.552737,-0.297680,0.299141,-0.699016,-0.577302,-0.246249,0.054833,-0.303731,-0.091069,0.008846,-0.076930
18.100000,18.100000,null,0.000000,0.000000,-0.006776,-0.002554,-0.000024,-0.000000,0.677694,0.255425,-0.371049,-1.041722,-14.560479,-0.297323,0.299495,-0.698327,-0.578135,-0.246249,0.054833,-0.303731,-0.091068,0.008846,-0.076931
18.120000,18.120000,null,0.000000,0.000000,-0.006776,-0.002554,-0.000024,-0.000000,0.677695,0.255425,-0.371875,-1.040367,-14.568213,-0.296966,0.299850,-0.697637,-0.578968,-0.246249,0.054833,-0.303731,-0.091068,0.008846,-0.076933
18.140000,18.140000,null,0.000000,0.000000,-0.006776,-0.002554,-0.000024,-0.000000,0.677696,0.255425,-0.372699,-1.039011,-14.575945,-0.296608,0.300204,-0.696947,-0.579799,-0.246249,0.054833,-0.303731,-0.091067,0.008846,-0.076935
18.160000,18.160000,null,0.000000,0.000000,-0.006776,-0.002554,-0.000024,-0.000000,0.677696,0.255425,-0.373519,-1.037652,-14.583682,-0.296250,0.300557,-0.696255,-0.580630,-0.246249,0.054833,-0.303731,-0.091066,0.008846,-0.076936
18.180000,18.180000,null,0.000000,0.000000,-0.006776,-0.002554,-0.000024,0.000000,0.677696,0.255426,-0.374336,-1.036291,-14.591423,-0.295891,0.300910,-0.695562,-0.581459,-0.246249,0.054833,-0.303731,-0.091066,0.008846,-0.076938
18.200000,18.200000,null,0.000000,0.000000,-0.006776,-0.002554,-0.000024,-0.000000,0.677696,0.255426,-0.375149,-1.034928,-14.599165,-0.295532,0.301263,-0.694868,-0.582289,-0.246249,0.054833,-0.303731,-0.091065,0.008846,-0.076939
18.220000,18.220000,null,0.000000,0.000000,-0.006776,-0.002554,-0.000024,-0.000000,0.677697,0.255426,-0.375960,-1.033563,-14.606904,-0.295172,0.301615,-0.694173,-0.583116,-0.246249,0.054834,-0.303731,-0.091064,0.008846,-0.076940
18.240000,18.240000,null,0.000000,0.000000,-0.006776,-0.002554,-0.000024,-0.000000,0.677697,0.255426,-0.376767,-1.032196,-14.614647,-0.294813,0.301967,-0.693477,-0.583944,-0.246249,0.054834,-0.303731,-0.091064,0.008846,-0.076942
18.260000,18.260000,null,0.000000,0.000000,-0.006776,-0.002554,-0.000024,-0.000000,0.677697,0.255426,-0.377571,-1.030828,-14.622382,-0.294452,0.302318,-0.692781,-0.584770,-0.246249,0.054834,-0.303731,-0.091063,0.008845,-0.076943
18.280000,18.280000,null,0.000000,0.000000,-0.006776,-0.002554,-0.000024,0.000000,0.677698,0.255426,-0.378371,-1.029457,-14.630115,-0.294092,0.302669,-0.692083,-0.585596,-0.246249,0.054834,-0.303731,-0.091063,0.008845,-0.076945
18.300000,18.300000,null,0.000000,0.000000,-0.006776,-0.002554,-0.000024,-0.000000,0.677698,0.255426,-0.379169,-1.028084,-14.637854,-0.293730,0.303019,-0.691384,-0.586421,-0.246249,0.054834,-0.303731,-0.091062,0.008845,-0.076946
18.320000,18.320000,null,0.000000,0.000000,-0.006776,-0.002554,-0.000024,-0.000000,0.677698,0.255426,-0.379963,-1.026710,-14.645597,-0.293369,0.303369,-0.690684,-0.587245,-0.246249,0.054834,-0.303731,-0.091061,0.008845,-0.076947
18.340000,18.340000,null,0.000000,0.000000,-0.006776,-0.002554,-0.000024,-0.000000,0.677698,0.255427,-0.380753,-1.025334,-14.653339,-0.293007,0.303719,-0.689984,-0.588068,-0.246249,0.054834,-0.303731,-0.091061,0.008845,-0.076949
18.360000,18.360000,null,0.000000,0.000000,-0.006776,-0.002554,-0.000024,-0.000000,0.677699,0.255427,-0.381541,-1.023956,-14.661076,-0.292644,0.304068,-0.689282,-0.588890,-0.246249,0.054834,-0.303731,-0.091060,0.008845,-0.076950
18.380000,18.380000,null,0.000000,0.000000,-0.006776,-0.002554,-0.000024,-0.000000,0.677699,0.255427,-0.382325,-1.022576,-14.668818,-0.292281,0.304417,-0.688579,-0.589712,-0.246249,0.054834,-0.303731,-0.091060,0.008844,-0.076951
18.400000,18.400000,null,0.000000,0.000000,-0.006776,-0.002554,-0.000024,-0.000000,0.677699,0.255427,-0.383106,-1.021194,-14.676549,-0.291918,0.304765,-0.687876,-0.590532,-0.246249,0.054834,-0.303731,-0.091059,0.008844,-0.076952
18.420000,18.420000,null,0.000000,0.000000,-0.006776,-0.002554,-0.000024,0.000000,0.677700,0.255427,-0.383884,-1.019810,-14.684282,-0.291555,0.305113,-0.687171,-0.591352,-0.246249,0.054834,-0.303731,-0.091059,0.008844,-0.076954
18.440000,18.440000,null,0.000000,0.000000,-0.006776,-0.002554,-0.000024,-0.000000,0.677700,0.255427,-0.384658,-1.018424,-14.692019,-0.291190,0.305460,-0.686466,-0.592171,-0.246249,0.054834,-0.303731,-0.091058,0.008844,-0.076955
18.460000,18.460000,null,0.000000,0.000000,-0.006776,-0.002554,-0.000024,-0.000000,0.677700,0.255427,-0.385429,-1.017037,-14.699760,-0.290826,0.305808,-0.685759,-0.592989,-0.246249,0.054834,-0.303731,-0.091058,0.008843,-0.076956
18.480000,18.480000,null,0.000000,0.000000,-0.006776,-0.002554,-0.000024,-0.000000,0.677700,0.255428,-0.386197,-1.015648,-14.707502,-0.290461,0.306154,-0.685051,-0.593807,-0.246249,0.054834,-0.303731,-0.091057,0.008843,-0.076957
18.500000,18.500000,null,0.000000,0.000000,-0.006776,-0.002554,-0.000024,-0.000000,0.677701,0.255428,-0.386961,-1.014257,-14.715241,-0.290096,0.306500,-0.684343,-0.594623,-0.246249,0.054834,-0.303731,-0.091056,0.008843,-0.076958
18.520000,18.520000,null,0.000000,0.000000,-0.006776,-0.002554,-0.000024,-0.000000,0.677701,0.255428,-0.387722,-1.012864,-14.722983,-0.289730,0.306846,-0.683633,-0.595439,-0.246249,0.054834,-0.303731,-0.091056,0.008842,-0.076960
18.540000,18.540000,null,0.000000,0.000000,-0.006776,-0.002554,-0.000024,-0.000000,0.677701,0.255428,-0.388480,-1.011469,-14.730720,-0.289364,0.307191,-0.682923,-0.596253,-0.246249,0.054835,-0.303731,-0.091055,0.008842,-0.076961
18.560000,18.560000,null,0.000000,0.000000,-0.006776,-0.002554,-0.000024,-0.000000,0.677701,0.255428,-0.389234,-1.010072,-14.738452,-0.288997,0.307536,-0.682211,-0.597068,-0.246249,0.054834,-0.303731,-0.091055,0.008842,-0.076962
18.580000,18.580000,null,0.000000,0.000000,-0.006776,-0.002554,-0.000024,-0.000000,0.677701,0.255428,-0.389985,-1.008674,-14.746191,-0.288630,0.307880,-0.681499,-0.597880,-0.246249,0.054835,-0.303731,-0.091054,0.008841,-0.076963
18.600000,18.600000,null,0.000000,0.000000,-0.006776,-0.002554,-0.000024,0.000000,0.677702,0.255428,-0.390733,-1.007274,-14.753934,-0.288263,0.308224,-0.680786,-0.598693,-0.246249,0.054835,-0.303731,-0.091054,0.008841,-0.076964
18.620000,18.620000,null,0.000000,0.000000,-0.006776,-0.002554,-0.000024,-0.000000,0.677702,0.255428,-0.391477,-1.005872,-14.761677,-0.287895,0.308568,-0.680071,-0.599504,-0.246249,0.054835,-0.303731,-0.091053,0.008841,-0.076965
18.640000,18.640000,null,0.000000,0.000000,-0.006776,-0.002554,-0.000024,-0.000000,0.677702,0.255428,-0.392218,-1.004468,-14.769417,-0.287527,0.308911,-0.679356,-0.600314,-0.246249,0.054835,-0.303731,-0.091053,0.008840,-0.076966
18.660000,18.660000,null,0.000000,0.000000,-0.006776,-0.002554,-0.000024,0.000000,0.677702,0.255428,-0.392956,-1.003063,-14.777157,-0.287158,0.309253,-0.678640,-0.601124,-0.246249,0.054835,-0.303731,-0.091052,0.008840,-0.076967
18.680000,18.680000,null,0.000000,0.000000,-0.006776,-0.002554,-0.000024,-0.000000,0.677703,0.255428,-0.393690,-1.001656,-14.784887,-0.286789,0.309596,-0.677923,-0.601933,-0.246249,0.054835,-0.303731,-0.091051,0.008840,-0.076968
18.700000,18.700000,null,0.000000,0.000000,-0.006776,-0.002554,-0.000024,-0.000000,0.677704,0.255429,-0.394421,-1.000247,-14.792620,-0.286420,0.309937,-0.677204,-0.602741,-0.246249,0.054835,-0.303731,-0.091051,0.008839,-0.076969
18.720000,18.720000,null,0.000000,0.000000,-0.006776,-0.002554,-0.000024,-0.000000,0.677704,0.255429,-0.395149,-0.998836,-14.800357,-0.286050,0.310279,-0.676485,-0.603548,-0.246249,0.054835,-0.303731,-0.091050,0.008839,-0.076970
18.740000,18.740000,null,0.000000,0.000000,-0.006776,-0.002554,-0.000024,-0.000000,0.677704,0.255429,-0.395873,-0.997424,-14.808098,-0.285680,0.310620,-0.675765,-0.604355,-0.246249,0.054835,-0.303731,-0.091050,0.008838,-0.076971
18.760000,18.760000,null,0.000000,0.000000,-0.006776,-0.002554,-0.000024,-0.000000,0.677704,0.255429,-0.396594,-0.996009,-14.815840,-0.285309,0.310960,-0.675044,-0.605159,-0.246249,0.054835,-0.303731,-0.091049,0.008838,-0.076972
18.780000,18.780000,null,0.000000,0.000000,-0.006776,-0.002554,-0.000024,0.000000,0.677704,0.255429,-0.397311,-0.994594,-14.823579,-0.284938,0.311300,-0.674322,-0.605964,-0.246249,0.054835,-0.303732,-0.091048,0.008838,-0.076973
18.800000,18.800000,null,0.000000,0.000000,-0.006776,-0.002554,-0.000024,-0.000000,0.677704,0.255429,-0.398025,-0.993176,-14.831321,-0.284567,0.311639,-0.673599,-0.606768,-0.246249,0.054835,-0.303732,-0.091048,0.008837,-0.076974
18.820000,18.820000,null,0.000000,0.000000,-0.006776,-0.002554,-0.000024,0.000000,0.677705,0.255429,-0.398736,-0.991757,-14.839056,-0.284195,0.311979,-0.672875,-0.607571,-0.246249,0.054835,-0.303732,-0.091047,0.008837,-0.076975
18.840000,18.840000,null,0.000000,0.000000,-0.006776,-0.002554,-0.000024,-0.000000,0.677705,0.255430,-0.399443,-0.990336,-14.846786,-0.283823,0.312317,-0.672150,-0.608372,-0.246249,0.054835,-0.303731,-0.091047,0.008837,-0.076976
18.860000,18.860000,null,0.000000,0.000000,-0.006776,-0.002554,-0.000024,-0.000000,0.677705,0.255430,-0.400147,-0.988914,-14.854519,-0.283450,0.312656,-0.671424,-0.609173,-0.246249,0.054835,-0.303731,-0.091046,0.008837,-0.076976
18.880000,18.880000,null,0.000000,0.000000,-0.006776,-0.002554,-0.000024,0.000000,0.677706,0.255430,-0.400848,-0.987489,-14.862251,-0.283077,0.312994,-0.670697,-0.609973,-0.246249,0.054835,-0.303731,-0.091045,0.008836,-0.076978
18.900000,18.900000,null,0.000000,0.000000,-0.006776,-0.002554,-0.000024,-0.000000,0.677706,0.255430,-0.401545,-0.986064,-14.869987,-0.282703,0.313332,-0.669969,-0.610773,-0.246249,0.054836,-0.303731,-0.091044,0.008837,-0.076979
18.920000,18.920000,null,0.000000,0.000000,-0.006776,-0.002554,-0.000024,-0.000000,0.677707,0.255430,-0.402239,-0.984636,-14.877727,-0.282329,0.313668,-0.669240,-0.611571,-0.246249,0.054836,-0.303731,-0.091044,0.008837,-0.076980
18.940000,18.940000,null,0.000000,0.000000,-0.006776,-0.002554,-0.000024,-0.000000,0.677707,0.255430,-0.402929,-0.983206,-14.885468,-0.281955,0.314005,-0.668511,-0.612369,-0.246250,0.054836,-0.303731,-0.091043,0.008837,-0.076981
18.960000,18.960000,null,0.000000,0.000000,-0.006776,-0.002554,-0.000024,-0.000000,0.677707,0.255431,-0.403616,-0.981775,-14.893205,-0.281580,0.314341,-0.667780,-0.613166,-0.246249,0.054836,-0.303731,-0.091042,0.008837,-0.076982
18.980000,18.980000,null,0.000000,0.000000,-0.006776,-0.002554,-0.000024,0.000000,0.677708,0.255431,-0.404299,-0.980343,-14.900947,-0.281206,0.314677,-0.667048,-0.613961,-0.246250,0.054836,-0.303731,-0.091041,0.008837,-0.076983
19.000000,19.000000,null,0.000000,0.000000,-0.006776,-0.002554,-0.000024,-0.000000,0.677709,0.255431,-0.404980,-0.978909,-14.908686,-0.280830,0.315012,-0.666316,-0.614756,-0.246249,0.054836,-0.303731,-0.091040,0.008837,-0.076985
19.020000,19.020000,null,0.000000,0.000000,-0.006776,-0.002554,-0.000024,0.000000,0.677709,0.255431,-0.405656,-0.977473,-14.916417,-0.280454,0.315346,-0.665582,-0.615550,-0.246250,0.054836,-0.303731,-0.091039,0.008837,-0.076986
19.040000,19.040000,null,0.000000,0.000000,-0.006776,-0.002554,-0.000024,-0.000000,0.677709,0.255431,-0.406329,-0.976035,-14.924149,-0.280078,0.315680,-0.664848,-0.616343,-0.246250,0.054836,-0.303731,-0.091038,0.008837,-0.076987
19.060000,19.060000,null,0.000000,0.000000,-0.006776,-0.002554,-0.000024,-0.000000,0.677709,0.255431,-0.406999,-0.974597,-14.931886,-0.279701,0.316014,-0.664113,-0.617136,-0.246250,0.054836,-0.303731,-0.091037,0.008837,-0.076988
19.080000,19.080000,null,0.000000,0.000000,-0.006776,-0.002554,-0.000024,-0.000000,0.677710,0.255432,-0.407665,-0.973156,-14.939628,-0.279325,0.316348,-0.663376,-0.617927,-0.246250,0.054836,-0.303731,-0.091036,0.008837,-0.076989
19.100000,19.100000,null,0.000000,0.000000,-0.006776,-0.002554,-0.000024,-0.000000,0.677710,0.255432,-0.408328,-0.971714,-14.947370,-0.278947,0.316681,-0.662639,-0.618718,-0.246250,0.054836,-0.303731,-0.091035,0.008838,-0.076990
19.120000,19.120000,null,0.000000,0.000000,-0.006776,-0.002554,-0.000024,-0.000000,0.677710,0.255432,-0.408988,-0.970270,-14.955110,-0.278569,0.317013,-0.661901,-0.619507,-0.246250,0.054836,-0.303731,-0.091034,0.008838,-0.076991
19.140000,19.140000,null,0.000000,0.000000,-0.006776,-0.002554,-0.000024,-0.000000,0.677711,0.255432,-0.409644,-0.968825,-14.962852,-0.278191,0.317345,-0.661161,-0.620296,-0.246250,0.054836,-0.303731,-0.091034,0.008838,-0.076992
19.160000,19.160000,null,0.000000,0.000000,-0.006776,-0.002554,-0.000024,-0.000000,0.677711,0.255432,-0.410296,-0.967378,-14.970588,-0.277813,0.317676,-0.660421,-0.621084,-0.246250,0.054836,-0.303731,-0.091033,0.008839,-0.076993
19.180000,19.180000,null,0.000000,0.000000,-0.006776,-0.002554,-0.000024,-0.000000,0.677711,0.255432,-0.410946,-0.965929,-14.978325,-0.277434,0.318007,-0.659680,-0.621871,-0.246250,0.054836,-0.303731,-0.091032,0.008839,-0.076994
19.200000,19.200000,null,0.000000,0.000000,-0.006776,-0.002554,-0.000024,-0.000000,0.677711,0.255432,-0.411591,-0.964480,-14.986064,-0.277054,0.318338,-0.658938,-0.622657,-0.246250,0.054836,-0.303731,-0.091031,0.008839,-0.076994
19.220000,19.220000,null,0.000000,0.000000,-0.006776,-0.002554,-0.000024,-0.000000,0.677711,0.255432,-0.412233,-0.963028,-14.993808,-0.276675,0.318668,-0.658195,-0.623443,-0.246250,0.054835,-0.303732,-0.091031,0.008839,-0.076995
19.240000,19.240000,null,0.000000,0.000000,-0.006776,-0.002554,-0.000024,-0.000000,0.677711,0.255432,-0.412872,-0.961575,-15.001546,-0.276295,0.318998,-0.657452,-0.624227,-0.246250,0.054836,-0.303731,-0.091030,0.008839,-0.076995
19.260000,19.260000,null,0.000000,0.000000,-0.006776,-0.002554,-0.000024,-0.000000,0.677711,0.255432,-0.413507,-0.960120,-15.009285,-0.275914,0.319326,-0.656707,-0.625011,-0.246250,0.054835,-0.303732,-0.091030,0.008839,-0.076996
19.280000,19.280000,null,0.000000,0.000000,-0.006776,-0.002554,-0.000024,-0.000000,0.677710,0.255432,-0.414139,-0.958664,-15.017024,-0.275533,0.319655,-0.655961,-0.625793,-0.246250,0.054835,-0.303732,-0.091030,0.008840,-0.076995
19.300000,19.300000,null,0.000000,0.000000,-0.006776,-0.002554,-0.000024,-0.000000,0.677710,0.255432,-0.414767,-0.957207,-15.024755,-0.275152,0.319983,-0.655214,-0.626575,-0.246250,0.054835,-0.303732,-0.091030,0.008840,-0.076996
19.320000,19.320000,null,0.000000,0.000000,-0.006776,-0.002554,-0.000024,-0.000000,0.677710,0.255432,-0.415392,-0.955748,-15.032487,-0.274770,0.320311,-0.654467,-0.627356,-0.246250,0.054835,-0.303732,-0.091030,0.008840,-0.076996
19.340000,19.340000,null,0.000000,0.000000,-0.006776,-0.002554,-0.000024,0.000000,0.677710,0.255432,-0.416013,-0.954287,-15.040224,-0.274388,0.320638,-0.653718,-0.628136,-0.246250,0.054835,-0.303732,-0.091029,0.008840,-0.076996
19.360000,19.360000,null,0.000000,0.000000,-0.006776,-0.002554,-0.000024,-0.000000,0.677710,0.255432,-0.416631,-0.952825,-15.047965,-0.274006,0.320965,-0.652968,-0.628915,-0.246250,0.054834,-0.303732,-0.091029,0.008839,-0.076996
19.380000,19.380000,null,0.000000,0.000000,-0.006776,-0.002554,-0.000024,0.000000,0.677709,0.255432,-0.417246,-0.951361,-15.055707,-0.273623,0.321292,-0.652218,-0.629693,-0.246250,0.054834,-0.303732,-0.091029,0.008839,-0.076995
19.400000,19.400000,null,0.000000,0.000000,-0.006776,-0.002554,-0.000024,0.000000,0.677709,0.255432,-0.417857,-0.949896,-15.063447,-0.273240,0.321618,-0.651467,-0.630471,-0.246250,0.054834,-0.303732,-0.091030,0.008839,-0.076995
19.420000,19.420000,null,0.000000,0.000000,-0.006776,-0.002554,-0.000024,-0.000000,0.677709,0.255432,-0.418464,-0.948430,-15.071190,-0.272856,0.321943,-0.650715,-0.631247,-0.246250,0.054834,-0.303732,-0.091030,0.008839,-0.076995
19.440000,19.440000,null,0.000000,0.000000,-0.006776,-0.002554,-0.000024,-0.000000,0.677708,0.255431,-0.419068,-0.946962,-15.078922,-0.272472,0.322268,-0.649961,-0.632023,-0.246250,0.054834,-0.303732,-0.091030,0.008839,-0.076994
19.460000,19.460000,null,0.000000,0.000000,-0.006776,-0.002554,-0.000024,-0.000000,0.677708,0.255431,-0.419668,-0.945493,-15.086656,-0.272088,0.322593,-0.649207,-0.632797,-0.246250,0.054833,-0.303732,-0.091030,0.008839,-0.076994
19.480000,19.480000,null,0.000000,0.000000,-0.006776,-0.002554,-0.000024,-0.000000,0.677707,0.255431,-0.420265,-0.944022,-15.094388,-0.271703,0.322917,-0.648452,-0.633571,-0.246250,0.054833,-0.303732,-0.091031,0.008838,-0.076993
19.500000,19.500000,null,0.000000,0.000000,-0.006776,-0.002554,-0.000024,-0.000000,0.677707,0.255431,-0.420859,-0.942550,-15.102125,-0.271318,0.323241,-0.647696,-0.634344,-0.246250,0.054833,-0.303732,-0.091031,0.008838,-0.076992
19.520000,19.520000,null,0.000000,0.000000,-0.006776,-0.002554,-0.000024,-0.000000,0.677707,0.255430,-0.421449,-0.941077,-15.109866,-0.270932,0.323564,-0.646939,-0.635116,-0.246250,0.054833,-0.303732,-0.091032,0.008838,-0.076991
19.540000,19.540000,null,0.000000,0.000000,-0.006776,-0.002554,-0.000024,-0.000000,0.677706,0.255430,-0.422035,-0.939602,-15.117608,-0.270546,0.323886,-0.646182,-0.635886,-0.246250,0.054833,-0.303732,-0.091032,0.008838,-0.076991
19.560000,19.560000,null,0.000000,0.000000,-0.006776,-0.002554,-0.000024,-0.000000,0.677706,0.255430,-0.422618,-0.938125,-15.125352,-0.270160,0.324209,-0.645422,-0.636657,-0.246250,0.054832,-0.303732,-0.091033,0.008837,-0.076990
19.580000,19.580000,null,0.000000,0.000000,-0.006776,-0.002554,-0.000024,-0.000000,0.677705,0.255430,-0.423197,-0.936647,-15.133090,-0.269773,0.324531,-0.644663,-0.637426,-0.246250,0.054832,-0.303732,-0.091033,0.008837,-0.076989
19.600000,19.600000,null,0.000000,0.000000,-0.006776,-0.002554,-0.000024,-0.000000,0.677705,0.255430,-0.423773,-0.935168,-15.140824,-0.269386,0.324852,-0.643902,-0.638195,-0.246250,0.054832,-0.303732,-0.091034,0.008837,-0.076988
19.620000,19.620000,null,0.000000,0.000000,-0.006776,-0.002554,-0.000024,-0.000000,0.677705,0.255430,-0.424345,-0.933688,-15.148558,-0.268998,0.325173,-0.643141,-0.638961,-0.246250,0.054832,-0.303732,-0.091034,0.008837,-0.076987
19.640000,19.640000,null,0.000000,0.000000,-0.006776,-0.002554,-0.000024,-0.000000,0.677705,0.255430,-0.424914,-0.932206,-15.156297,-0.268610,0.325494,-0.642378,-0.639728,-0.246250,0.054832,-0.303732,-0.091034,0.008837,-0.076986
19.660000,19.660000,null,0.000000,0.000000,-0.006776,-0.002554,-0.000024,-0.000000,0.677704,0.255429,-0.425479,-0.930723,-15.164037,-0.268222,0.325814,-0.641615,-0.640493,-0.246250,0.054832,-0.303732,-0.091035,0.008837,-0.076985
19.680000,19.680000,null,0.000000,0.000000,-0.006776,-0.002554,-0.000024,-0.000000,0.677704,0.255429,-0.426041,-0.929238,-15.171778,-0.267833,0.326134,-0.640851,-0.641258,-0.246250,0.054832,-0.303732,-0.091035,0.008836,-0.076985
19.700000,19.700000,null,0.000000,0.000000,-0.006776,-0.002554,-0.000024,-0.000000,0.677704,0.255429,-0.426599,-0.927752,-15.179519,-0.267444,0.326453,-0.640086,-0.642022,-0.246250,0.054832,-0.303732,-0.091035,0.008837,-0.076984
19.720000,19.720000,null,0.000000,0.000000,-0.006776,-0.002554,-0.000024,-0.000000,0.677704,0.255429,-0.427153,-0.926265,-15.187262,-0.267055,0.326772,-0.639320,-0.642785,-0.246250,0.054832,-0.303732,-0.091035,0.008837,-0.076984
19.740000,19.740000,null,0.000000,0.000000,-0.006776,-0.002554,-0.000024,-0.000000,0.677704,0.255429,-0.427704,-0.924777,-15.194994,-0.266665,0.327090,-0.638553,-0.643547,-0.246250,0.054832,-0.303732,-0.091035,0.008837,-0.076983
19.760000,19.760000,null,0.000000,0.000000,-0.006776,-0.002554,-0.000024,-0.000000,0.677704,0.255429,-0.428252,-0.923287,-15.202728,-0.266275,0.327408,-0.637785,-0.644308,-0.246250,0.054832,-0.303731,-0.091035,0.008837,-0.076983
19.780000,19.780000,null,0.000000,0.000000,-0.006776,-0.002554,-0.000024,-0.000000,0.677704,0.255429,-0.428795,-0.921795,-15.210471,-0.265884,0.327725,-0.637016,-0.645068,-0.246250,0.054832,-0.303731,-0.091035,0.008838,-0.076982
19.800000,19.800000,null,0.000000,0.000000,-0.006776,-0.002554,-0.000024,-0.000000,0.677704,0.255429,-0.429336,-0.920303,-15.218213,-0.265493,0.328042,-0.636246,-0.645827,-0.246250,0.054832,-0.303731,-0.091035,0.008838,-0.076982
19.820000,19.820000,null,0.000000,0.000000,-0.006776,-0.002554,-0.000024,-0.000000,0.677703,0.255429,-0.429873,-0.918809,-15.225952,-0.265102,0.328358,-0.635476,-0.646585,-0.246250,0.054832,-0.303731,-0.091035,0.008838,-0.076981
19.840000,19.840000,null,0.000000,0.000000,-0.006776,-0.002554,-0.000024,0.000000,0.677703,0.255429,-0.430406,-0.917314,-15.233693,-0.264710,0.328674,-0.634704,-0.647342,-0.246250,0.054832,-0.303731,-0.091035,0.008839,-0.076980
19.860000,19.860000,null,0.000000,0.000000,-0.006776,-0.002554,-0.000024,-0.000000,0.677703,0.255429,-0.430936,-0.915818,-15.241431,-0.264318,0.328990,-0.633932,-0.648099,-0.246250,0.054832,-0.303731,-0.091035,0.008839,-0.076980
19.880000,19.880000,null,0.000000,0.000000,-0.006776,-0.002554,-0.000024,-0.000000,0.677703,0.255429,-0.431462,-0.914320,-15.249167,-0.263925,0.329305,-0.633159,-0.648854,-0.246250,0.054832,-0.303731,-0.091035,0.008839,-0.076980
19.900000,19.900000,null,0.000000,0.000000,-0.006776,-0.002554,-0.000024,-0.000000,0.677703,0.255429,-0.431984,-0.912822,-15.256906,-0.263532,0.329619,-0.632384,-0.649609,-0.246250,0.054832,-0.303731,-0.091035,0.008840,-0.076979
19.920000,19.920000,null,0.000000,0.000000,-0.006776,-0.002554,-0.000024,0.000000,0.677703,0.255429,-0.432503,-0.911321,-15.264650,-0.263139,0.329933,-0.631609,-0.650362,-0.246250,0.054832,-0.303731,-0.091035,0.008840,-0.076979
19.940000,19.940000,null,0.000000,0.000000,-0.006776,-0.002554,-0.000024,-0.000000,0.677703,0.255429,-0.433018,-0.909820,-15.272390,-0.262745,0.330247,-0.630833,-0.651115,-0.246250,0.054832,-0.303731,-0.091035,0.008840,-0.076978
19.960000,19.960000,null,0.000000,0.000000,-0.006776,-0.002554,-0.000024,-0.000000,0.677703,0.255429,-0.433530,-0.908318,-15.280133,-0.262351,0.330560,-0.630057,-0.651867,-0.246250,0.054832,-0.303731,-0.091035,0.008840,-0.076978
19.980000,19.980000,null,0.000000,0.000000,-0.006776,-0.002554,-0.000024,-0.000000,0.677703,0.255429,-0.434038,-0.906814,-15.287868,-0.261957,0.330872,-0.629278,-0.652618,-0.246250,0.054832,-0.303731,-0.091035,0.008840,-0.076978
