t_wall,t_rel,label,q1_cmd,q2_cmd,q1,q2,dq1,dq2,tau1,tau2,px,py,pz,qx,qy,qz,qw,vx,vy,vz,wx,wy,wz
0.000000,0.000000,step,0.000000,0.000000,-0.006776,-0.002554,-0.000024,0.000000,0.677696,0.255426,0.800509,-0.974649,-7.556049,-0.404388,-0.120720,-0.839327,0.342675,-0.246253,0.054830,-0.303727,-0.091049,0.008909,-0.076932
0.020000,0.020000,step,0.000122,0.000000,-0.006751,-0.002567,0.000578,0.000000,0.686215,0.256503,0.799839,-0.976088,-7.563788,-0.404530,-0.120242,-0.839738,0.341669,-0.246255,0.054820,-0.303727,-0.090952,0.008911,-0.077367
0.040000,0.040000,step,0.000946,0.000000,-0.006537,-0.002628,0.010444,0.000000,0.723826,0.262593,0.799164,-0.977524,-7.571529,-0.404659,-0.119799,-0.840166,0.340618,-0.246279,0.054691,-0.303731,-0.089348,0.008943,-0.084527
0.060000,0.060000,step,0.003095,0.000000,-0.005784,-0.002765,0.041979,0.000000,0.789084,0.276338,0.798480,-0.978950,-7.579270,-0.404751,-0.119465,-0.840650,0.339429,-0.246363,0.054236,-0.303745,-0.084194,0.009036,-0.107325
0.080000,0.080000,step,0.007108,0.000000,-0.003879,-0.002997,0.105056,0.000000,0.844133,0.300901,0.797780,-0.980360,-7.587012,-0.404763,-0.119367,-0.841257,0.337942,-0.246548,0.053176,-0.303781,-0.073748,0.009199,-0.152541
0.100000,0.100000,step,0.013446,0.000000,-0.000232,-0.003277,0.194994,0.000000,0.882277,0.331833,0.797055,-0.981742,-7.594750,-0.404649,-0.119637,-0.842053,0.335994,-0.246850,0.051322,-0.303849,-0.058424,0.009415,-0.216043
0.120000,0.120000,step,0.022492,0.000000,0.005647,-0.003575,0.301408,0.009879,0.906835,0.365644,0.796299,-0.983087,-7.602491,-0.404372,-0.120383,-0.843085,0.333465,-0.247265,0.048535,-0.303959,-0.038697,0.009753,-0.293048
0.140000,0.140000,step,0.034558,0.000000,0.014154,-0.003880,0.423515,0.021612,0.928914,0.389552,0.795500,-0.984384,-7.610233,-0.403896,-0.121691,-0.844382,0.330270,-0.247765,0.044691,-0.304119,-0.014452,0.010390,-0.379034
0.160000,0.160000,step,0.049887,0.000000,0.025592,-0.004193,0.557674,0.034566,0.955818,0.399113,0.794651,-0.985622,-7.617972,-0.403190,-0.123631,-0.845955,0.326363,-0.248305,0.039696,-0.304339,0.014543,0.011630,-0.470125
0.180000,0.180000,step,0.068655,0.000000,0.040192,-0.004516,0.700604,0.048229,0.985076,0.407800,0.793740,-0.986789,-7.625710,-0.402221,-0.126252,-0.847803,0.321727,-0.248814,0.033486,-0.304623,0.048302,0.013908,-0.562970
0.200000,0.200000,step,0.090981,0.000000,0.058110,-0.004844,0.850272,0.060319,1.018286,0.420805,0.792757,-0.987876,-7.633450,-0.400954,-0.129592,-0.849912,0.316372,-0.249202,0.026021,-0.304974,0.086689,0.017788,-0.654730
0.220000,0.220000,step,0.116921,0.000000,0.079437,-0.005162,1.004667,0.069133,1.057196,0.442225,0.791692,-0.988873,-7.641186,-0.399353,-0.133674,-0.852259,0.310328,-0.249360,0.017285,-0.305391,0.129401,0.023940,-0.743104
0.240000,0.240000,step,0.146479,0.000000,0.104215,-0.005460,1.162404,0.073464,1.103230,0.472554,0.790532,-0.989771,-7.648914,-0.397377,-0.138504,-0.854816,0.303641,-0.249167,0.007290,-0.305871,0.175967,0.033130,-0.826810
0.260000,0.260000,step,0.179609,0.000000,0.132454,-0.005737,1.325509,0.065953,1.156007,0.510746,0.789266,-0.990561,-7.656634,-0.394983,-0.144079,-0.857554,0.296363,-0.248488,-0.003939,-0.306407,0.225761,0.046185,-0.905082
0.280000,0.280000,step,0.216217,0.000000,0.164121,-0.006001,1.487745,0.054771,1.214906,0.556425,0.787883,-0.991238,-7.664348,-0.392124,-0.150380,-0.860443,0.288551,-0.247188,-0.016320,-0.306985,0.277565,0.063860,-0.977156
0.300000,0.300000,step,0.256166,0.000000,0.199141,-0.006254,1.647147,0.040161,1.279005,0.609469,0.786373,-0.991796,-7.672045,-0.388753,-0.157374,-0.863455,0.280269,-0.245131,-0.029731,-0.307592,0.330141,0.086830,-1.042664
0.320000,0.320000,step,0.299279,0.000000,0.237399,-0.006488,1.802287,0.022250,1.346517,0.668072,0.784727,-0.992234,-7.679726,-0.384821,-0.165014,-0.866563,0.271573,-0.242191,-0.044027,-0.308211,0.382246,0.115635,-1.101669
0.340000,0.340000,step,0.345342,0.000000,0.278750,-0.006694,1.951536,0.001311,1.417513,0.726417,0.782936,-0.992553,-7.687387,-0.380279,-0.173243,-0.869745,0.262522,-0.238252,-0.059032,-0.308828,0.432574,0.150597,-1.154167
0.360000,0.360000,step,0.394109,0.000000,0.323014,-0.006862,2.082321,0.000004,1.508950,0.745379,0.780993,-0.992754,-7.695023,-0.375082,-0.181990,-0.872982,0.253170,-0.233228,-0.074528,-0.309430,0.479601,0.191688,-1.200448
0.380000,0.380000,step,0.445307,0.000000,0.369987,-0.006980,2.202376,0.000003,1.598760,0.758880,0.778894,-0.992844,-7.702632,-0.369188,-0.191177,-0.876256,0.243570,-0.227043,-0.090308,-0.310005,0.522377,0.238743,-1.240329
0.400000,0.400000,step,0.498635,0.000000,0.419438,-0.007053,2.310854,0.000004,1.684511,0.767142,0.776633,-0.992830,-7.710211,-0.362564,-0.200717,-0.879551,0.233773,-0.219655,-0.106136,-0.310550,0.559845,0.291212,-1.273636
0.420000,0.420000,step,0.553770,0.000000,0.471101,-0.007081,2.406756,0.000005,1.763816,0.770566,0.774211,-0.992723,-7.717756,-0.355185,-0.210514,-0.882852,0.223830,-0.211057,-0.121769,-0.311066,0.591146,0.348242,-1.300505
0.440000,0.440000,step,0.610374,0.000000,0.524513,-0.007036,2.488417,0.000005,1.874178,0.765717,0.771630,-0.992536,-7.725266,-0.347064,-0.220439,-0.886131,0.213834,-0.201342,-0.136890,-0.311557,0.615247,0.408286,-1.321496
0.460000,0.460000,step,0.668092,0.000000,0.579138,-0.006905,2.557533,0.000006,2.035852,0.751368,0.768897,-0.992286,-7.732740,-0.338241,-0.230359,-0.889359,0.203884,-0.190647,-0.151222,-0.312033,0.632004,0.469752,-1.339280
0.480000,0.480000,step,0.726558,0.000000,0.634616,-0.006707,2.613005,0.000007,2.216643,0.729450,0.766021,-0.991990,-7.740181,-0.328749,-0.240176,-0.892521,0.194027,-0.179073,-0.164593,-0.312508,0.641485,0.531067,-1.352806
0.500000,0.500000,step,0.785400,0.000000,0.690700,-0.006471,2.656837,0.000007,2.399835,0.703122,0.763009,-0.991664,-7.747591,-0.318619,-0.249820,-0.895608,0.184275,-0.166734,-0.176901,-0.312989,0.644259,0.591021,-1.363595
0.520000,0.520000,step,0.844242,0.000000,0.747236,-0.006233,2.689135,0.000008,2.560179,0.676185,0.759870,-0.991321,-7.754973,-0.307882,-0.259242,-0.898616,0.174618,-0.153737,-0.188079,-0.313482,0.640740,0.648400,-1.371490
0.540000,0.540000,step,0.902708,0.000000,0.804066,-0.005996,2.710962,0.000008,2.685190,0.649538,0.756614,-0.990977,-7.762323,-0.296575,-0.268396,-0.901536,0.165043,-0.140194,-0.198095,-0.313983,0.631522,0.702251,-1.377135
0.560000,0.560000,step,0.960426,0.000000,0.861041,-0.005767,2.720295,0.000009,2.749331,0.623965,0.753250,-0.990645,-7.769649,-0.284742,-0.277244,-0.904359,0.155538,-0.126217,-0.206921,-0.314485,0.616885,0.751374,-1.378688
0.580000,0.580000,step,1.017030,0.000000,0.918035,-0.005559,2.715310,0.000009,2.717968,0.601875,0.749789,-0.990339,-7.776958,-0.272432,-0.285756,-0.907074,0.146087,-0.111909,-0.214555,-0.314971,0.597267,0.794754,-1.374328
0.600000,0.600000,step,1.072165,0.000000,0.974890,-0.005374,2.693232,0.000009,2.578084,0.582901,0.746242,-0.990068,-7.784250,-0.259701,-0.293899,-0.909668,0.136686,-0.097398,-0.221005,-0.315423,0.573129,0.831378,-1.361730
0.620000,0.620000,step,1.125493,0.000000,1.031341,-0.005183,2.651132,0.000009,2.351608,0.563548,0.742621,-0.989845,-7.791528,-0.246628,-0.301636,-0.912123,0.127361,-0.082855,-0.226281,-0.315817,0.545126,0.860321,-1.338845
0.640000,0.640000,step,1.176691,0.000000,1.087080,-0.005014,2.583849,0.000009,2.036370,0.546202,0.738941,-0.989679,-7.798799,-0.233309,-0.308933,-0.914421,0.118162,-0.068477,-0.230410,-0.316133,0.513969,0.880470,-1.301756
0.660000,0.660000,step,1.225458,0.000000,1.141491,-0.004825,2.482252,0.000009,1.675337,0.526350,0.735221,-0.989578,-7.806064,-0.219891,-0.315736,-0.916532,0.109216,-0.054573,-0.233416,-0.316350,0.480480,0.890074,-1.244084
0.680000,0.680000,step,1.271521,0.000000,1.193652,-0.004570,2.351882,0.000008,1.357388,0.498545,0.731488,-0.989553,-7.813327,-0.206584,-0.321986,-0.918422,0.100740,-0.041547,-0.235393,-0.316463,0.447055,0.889814,-1.171503
0.700000,0.700000,step,1.314634,0.000000,1.242730,-0.004223,2.205991,0.000008,1.145982,0.460683,0.727769,-0.989605,-7.820598,-0.193583,-0.327664,-0.920069,0.092921,-0.029720,-0.236515,-0.316473,0.416339,0.882263,-1.095075
0.720000,0.720000,step,1.354583,0.000000,1.288530,-0.003865,2.054737,0.000007,0.968902,0.421662,0.724080,-0.989735,-7.827882,-0.180957,-0.332824,-0.921480,0.085777,-0.019056,-0.237017,-0.316380,0.389756,0.870447,-1.020491
0.740000,0.740000,step,1.391191,0.000000,1.330959,-0.003514,1.899661,0.000006,0.806381,0.383323,0.720438,-0.989940,-7.835184,-0.168742,-0.337528,-0.922666,0.079300,-0.009518,-0.237089,-0.316175,0.367572,0.855853,-0.947584
0.760000,0.760000,step,1.424321,0.000000,1.369926,-0.003169,1.740207,0.000005,0.653921,0.345717,0.716854,-0.990216,-7.842506,-0.156966,-0.341840,-0.923638,0.073489,-0.001069,-0.236885,-0.315850,0.349658,0.839284,-0.875107
0.780000,0.780000,step,1.453879,0.000000,1.405335,-0.002832,1.576090,0.000004,0.512418,0.308903,0.713339,-0.990556,-7.849853,-0.145649,-0.345816,-0.924405,0.068353,0.006327,-0.236533,-0.315395,0.335761,0.821320,-0.802323
0.800000,0.800000,step,1.479819,0.000000,1.437097,-0.002503,1.407882,0.000004,0.384881,0.273090,0.709902,-0.990957,-7.857224,-0.134810,-0.349510,-0.924979,0.063899,0.012709,-0.236137,-0.314800,0.325560,0.802505,-0.729329
0.820000,0.820000,step,1.502145,0.000000,1.465148,-0.002187,1.236989,0.000003,0.274537,0.238632,0.706553,-0.991410,-7.864622,-0.124457,-0.352971,-0.925368,0.060132,0.018133,-0.235775,-0.314056,0.318659,0.783366,-0.656948
0.840000,0.840000,step,1.520913,0.000000,1.489463,-0.001883,1.065774,0.000002,0.183972,0.206041,0.703296,-0.991912,-7.872049,-0.114591,-0.356243,-0.925584,0.057044,0.022675,-0.235506,-0.313154,0.314565,0.764373,-0.586489
0.860000,0.860000,step,1.536242,0.000000,1.510081,-0.001592,0.897130,0.000001,0.113285,0.175339,0.700138,-0.992456,-7.879504,-0.105201,-0.359367,-0.925638,0.054613,0.026425,-0.235362,-0.312082,0.312672,0.745702,-0.518668
0.880000,0.880000,step,1.548308,0.000000,1.527094,-0.001319,0.732292,0.000002,0.065791,0.146114,0.697083,-0.993036,-7.886985,-0.096274,-0.362377,-0.925540,0.052813,0.029464,-0.235358,-0.310834,0.312311,0.727097,-0.452866
0.900000,0.900000,step,1.557354,0.000000,1.540629,-0.001070,0.571453,0.000001,0.052065,0.117577,0.694133,-0.993647,-7.894491,-0.087802,-0.365296,-0.925302,0.051619,0.031855,-0.235496,-0.309406,0.312842,0.708098,-0.387835
0.920000,0.920000,step,1.563692,0.000000,1.550815,-0.000826,0.415302,0.000001,0.088504,0.090088,0.691291,-0.994287,-7.902018,-0.079780,-0.368143,-0.924934,0.051008,0.033657,-0.235768,-0.307804,0.313700,0.688376,-0.322876
0.940000,0.940000,step,1.567705,0.000000,1.557892,-0.000599,0.274330,0.000002,0.170712,0.065290,0.688558,-0.994949,-7.909562,-0.072190,-0.370930,-0.924448,0.050939,0.034998,-0.236163,-0.306036,0.314384,0.669367,-0.264626
0.960000,0.960000,step,1.569854,0.000000,1.562311,-0.000423,0.157342,0.000003,0.272720,0.046182,0.685931,-0.995632,-7.917120,-0.064980,-0.373667,-0.923860,0.051315,0.036060,-0.236654,-0.304118,0.314343,0.652204,-0.218643
0.980000,0.980000,step,1.570678,0.000000,1.564643,-0.000299,0.069152,0.000003,0.375628,0.032606,0.683404,-0.996332,-7.924685,-0.058072,-0.376360,-0.923188,0.052001,0.037044,-0.237215,-0.302065,0.313078,0.637375,-0.187902
1.000000,1.000000,step,1.570800,0.000000,1.565534,-0.000211,0.013636,0.000003,0.468353,0.023022,0.680968,-0.997050,-7.932253,-0.051373,-0.379008,-0.922454,0.052842,0.038160,-0.237814,-0.299897,0.310204,0.625305,-0.175094
1.020000,1.020000,step,1.570800,0.000000,1.565886,-0.000151,0.009474,0.000002,0.470540,0.016404,0.678610,-0.997783,-7.939819,-0.044738,-0.381606,-0.921684,0.053603,0.039787,-0.238417,-0.297635,0.305380,0.619011,-0.193988
1.040000,1.040000,step,1.570800,0.000000,1.566206,-0.000107,0.008906,0.000002,0.440225,0.011612,0.676320,-0.998531,-7.947376,-0.038106,-0.384143,-0.920895,0.054169,0.041797,-0.239000,-0.295298,0.298395,0.610229,-0.209911
1.060000,1.060000,step,1.570800,0.000000,1.566515,-0.000075,0.008465,0.000002,0.410403,0.008201,0.674093,-0.999293,-7.954924,-0.031521,-0.386596,-0.920093,0.054569,0.044112,-0.239560,-0.292916,0.289411,0.598882,-0.220797
1.080000,1.080000,step,1.570800,0.000000,1.566816,-0.000053,0.008108,0.000002,0.381239,0.005793,0.671926,-1.000068,-7.962457,-0.025022,-0.388948,-0.919285,0.054839,0.046677,-0.240095,-0.290517,0.278618,0.585396,-0.227058
1.100000,1.100000,step,1.570800,0.000000,1.567108,-0.000038,0.007813,0.000002,0.352744,0.004092,0.669814,-1.000857,-7.969974,-0.018647,-0.391184,-0.918477,0.055012,0.049438,-0.240605,-0.288129,0.266215,0.570135,-0.229147
1.120000,1.120000,step,1.570800,0.000000,1.567393,-0.000027,0.007561,0.000001,0.324895,0.002891,0.667753,-1.001657,-7.977477,-0.012426,-0.393290,-0.917677,0.055116,0.052346,-0.241088,-0.285779,0.252406,0.553412,-0.227522
1.140000,1.140000,step,1.570800,0.000000,1.567670,-0.000019,0.007337,0.000001,0.297667,0.002043,0.665740,-1.002469,-7.984960,-0.006385,-0.395257,-0.916890,0.055181,0.055357,-0.241546,-0.283489,0.237395,0.535497,-0.222626
1.160000,1.160000,step,1.570800,0.000000,1.567941,-0.000013,0.007129,0.000001,0.271048,0.001442,0.663771,-1.003292,-7.992426,-0.000547,-0.397075,-0.916123,0.055229,0.058432,-0.241978,-0.281283,0.221384,0.516628,-0.214878
1.180000,1.180000,step,1.570800,0.000000,1.568205,-0.000009,0.006930,0.000001,0.245078,0.001019,0.661842,-1.004126,-7.999868,0.005068,-0.398738,-0.915383,0.055282,0.061532,-0.242385,-0.279179,0.204569,0.497010,-0.204668
1.200000,1.200000,step,1.570800,0.000000,1.568462,-0.000007,0.006854,0.000001,0.219551,0.000720,0.659949,-1.004971,-8.007294,0.010446,-0.400242,-0.914676,0.055359,0.064626,-0.242769,-0.277196,0.187143,0.476851,-0.192442
1.220000,1.220000,step,1.570800,0.000000,1.568714,-0.000005,0.007055,0.000001,0.194108,0.000508,0.658090,-1.005827,-8.014698,0.015573,-0.401586,-0.914007,0.055476,0.067687,-0.243129,-0.275347,0.169286,0.456340,-0.178634
1.240000,1.240000,step,1.570800,0.000000,1.568966,-0.000003,0.008039,0.000002,0.166710,0.000358,0.656261,-1.006694,-8.022088,0.020442,-0.402769,-0.913380,0.055646,0.070693,-0.243468,-0.273645,0.151171,0.435713,-0.163904
1.260000,1.260000,step,1.570800,0.000000,1.569237,-0.000002,0.010695,0.000001,0.133914,0.000252,0.654459,-1.007572,-8.029462,0.025049,-0.403790,-0.912800,0.055876,0.073633,-0.243784,-0.272101,0.132956,0.415251,-0.149154
1.280000,1.280000,step,1.570800,0.000000,1.569557,-0.000002,0.014135,0.000001,0.092767,0.000178,0.652682,-1.008460,-8.036818,0.029396,-0.404651,-0.912271,0.056168,0.076492,-0.244076,-0.270721,0.114786,0.394908,-0.133951
1.300000,1.300000,step,1.570800,0.000000,1.569921,-0.000001,0.016319,0.000001,0.049455,0.000125,0.650927,-1.009360,-8.044159,0.033477,-0.405357,-0.911795,0.056531,0.079238,-0.244345,-0.269512,0.096803,0.374443,-0.117010
1.320000,1.320000,step,1.570800,0.000000,1.570298,-0.000001,0.016889,0.000001,0.008919,0.000088,0.649193,-1.010270,-8.051489,0.037285,-0.405911,-0.911372,0.056983,0.081840,-0.244594,-0.268478,0.079149,0.353911,-0.098257
1.340000,1.340000,step,1.570800,0.000000,1.570654,0.000020,0.016769,0.000000,-0.027210,-0.000866,0.647478,-1.011192,-8.058803,0.040814,-0.406319,-0.911004,0.057538,0.084280,-0.244827,-0.267623,0.061952,0.333582,-0.078530
1.360000,1.360000,step,1.570800,0.000000,1.570970,0.000097,0.016045,0.001347,-0.059582,-0.007753,0.645781,-1.012125,-8.066111,0.044067,-0.406589,-0.910690,0.058201,0.086548,-0.245043,-0.266946,0.045324,0.313649,-0.058523
1.380000,1.380000,step,1.570800,0.000000,1.571258,0.000202,0.014265,0.003567,-0.082445,-0.028289,0.644102,-1.013070,-8.073414,0.047046,-0.406727,-0.910429,0.058978,0.088630,-0.245246,-0.266447,0.029366,0.294095,-0.037841
1.400000,1.400000,step,1.570800,0.000000,1.571516,0.000295,0.013409,0.000000,-0.108254,-0.028208,0.642439,-1.014026,-8.080709,0.049751,-0.406741,-0.910220,0.059878,0.090505,-0.245436,-0.266124,0.014167,0.274828,-0.015570
1.420000,1.420000,step,1.570800,0.000000,1.571712,0.000356,0.008752,0.000000,-0.116907,-0.034367,0.640793,-1.014993,-8.088000,0.052177,-0.406641,-0.910060,0.060918,0.092144,-0.245619,-0.265975,-0.000185,0.255819,0.008174
1.440000,1.440000,step,1.570800,0.000000,1.571830,0.000387,0.004095,0.000000,-0.116242,-0.038193,0.639163,-1.015972,-8.095287,0.054330,-0.406435,-0.909946,0.062105,0.093548,-0.245798,-0.265994,-0.013616,0.237513,0.031826
1.460000,1.460000,step,1.570800,0.000000,1.571883,0.000397,0.001008,0.000000,-0.112078,-0.039635,0.637549,-1.016964,-8.102576,0.056219,-0.406134,-0.909874,0.063434,0.094724,-0.245970,-0.266178,-0.026047,0.220183,0.054081
1.480000,1.480000,step,1.570800,0.000000,1.571907,0.000398,0.000634,0.000000,-0.112017,-0.039793,0.635951,-1.017967,-8.109866,0.057863,-0.405744,-0.909842,0.064892,0.095689,-0.246131,-0.266517,-0.037414,0.204018,0.073972
1.500000,1.500000,step,1.570800,0.000000,1.571929,0.000401,0.000767,0.000000,-0.114518,-0.039979,0.634369,-1.018982,-8.117158,0.059279,-0.405276,-0.909846,0.066469,0.096439,-0.246276,-0.267005,-0.047674,0.188629,0.092999
1.520000,1.520000,step,1.570800,0.000000,1.571954,0.000407,0.000915,0.000000,-0.117436,-0.040544,0.632802,-1.020010,-8.124456,0.060476,-0.404739,-0.909881,0.068161,0.096970,-0.246404,-0.267632,-0.056791,0.173955,0.111409
1.540000,1.540000,step,1.570800,0.000000,1.571983,0.000418,0.001054,0.000000,-0.120591,-0.041474,0.631252,-1.021049,-8.131762,0.061465,-0.404143,-0.909943,0.069963,0.097280,-0.246515,-0.268390,-0.064749,0.160015,0.129120
1.560000,1.560000,step,1.570800,0.000000,1.572013,0.000431,0.001204,0.000000,-0.124012,-0.042704,0.629719,-1.022101,-8.139071,0.062256,-0.403498,-0.910026,0.071871,0.097370,-0.246610,-0.269268,-0.071546,0.146842,0.146037
1.580000,1.580000,step,1.570800,0.000000,1.572047,0.000446,0.001406,0.000000,-0.127887,-0.044193,0.628203,-1.023165,-8.146393,0.062859,-0.402815,-0.910127,0.073880,0.097242,-0.246688,-0.270254,-0.077198,0.134479,0.162064
1.600000,1.600000,step,1.570800,0.000000,1.572084,0.000463,0.001643,0.000000,-0.132180,-0.045897,0.626707,-1.024241,-8.153725,0.063288,-0.402101,-0.910239,0.075986,0.096901,-0.246749,-0.271338,-0.081735,0.122955,0.177159
1.620000,1.620000,step,1.570800,0.000000,1.572123,0.000482,0.001815,0.000000,-0.136676,-0.047751,0.625229,-1.025329,-8.161068,0.063554,-0.401367,-0.910358,0.078183,0.096350,-0.246794,-0.272509,-0.085195,0.112277,0.191354
1.640000,1.640000,step,1.570800,0.000000,1.572162,0.000501,0.001764,0.000000,-0.140660,-0.049635,0.623773,-1.026429,-8.168424,0.063668,-0.400621,-0.910480,0.080466,0.095595,-0.246824,-0.273753,-0.087624,0.102442,0.204718
1.660000,1.660000,step,1.570800,0.000000,1.572198,0.000517,0.001440,0.000000,-0.143576,-0.051357,0.622337,-1.027540,-8.175794,0.063643,-0.399871,-0.910600,0.082830,0.094640,-0.246839,-0.275060,-0.089073,0.093459,0.217253
1.680000,1.680000,step,1.570800,0.000000,1.572225,0.000530,0.000913,0.000000,-0.145065,-0.052709,0.620924,-1.028664,-8.183177,0.063491,-0.399124,-0.910713,0.085270,0.093493,-0.246839,-0.276418,-0.089597,0.085356,0.228871
1.700000,1.700000,step,1.570800,0.000000,1.572245,0.000537,0.000574,0.000000,-0.145988,-0.053560,0.619534,-1.029799,-8.190575,0.063225,-0.398387,-0.910815,0.087781,0.092164,-0.246826,-0.277815,-0.089260,0.078217,0.239265
1.720000,1.720000,step,1.570800,0.000000,1.572258,0.000540,0.000331,0.000000,-0.146686,-0.053962,0.618169,-1.030945,-8.197983,0.062859,-0.397666,-0.910904,0.090353,0.090667,-0.246800,-0.279242,-0.088124,0.072037,0.248492
1.740000,1.740000,step,1.570800,0.000000,1.572264,0.000539,0.000067,-0.000000,-0.146711,-0.053945,0.616828,-1.032101,-8.205408,0.062407,-0.396967,-0.910976,0.092982,0.089012,-0.246761,-0.280687,-0.086256,0.066811,0.256600
1.760000,1.760000,step,1.570800,0.000000,1.572264,0.000534,-0.000214,-0.000000,-0.146033,-0.053519,0.615513,-1.033269,-8.212851,0.061883,-0.396294,-0.911027,0.095659,0.087211,-0.246709,-0.282140,-0.083724,0.062555,0.263544
1.780000,1.780000,step,1.570800,0.000000,1.572255,0.000525,-0.000491,-0.000000,-0.144561,-0.052715,0.614224,-1.034446,-8.220312,0.061302,-0.395651,-0.911057,0.098377,0.085280,-0.246645,-0.283592,-0.080593,0.059281,0.269288
1.800000,1.800000,step,1.570800,0.000000,1.572240,0.000512,-0.000731,-0.000000,-0.142408,-0.051563,0.612962,-1.035634,-8.227787,0.060677,-0.395042,-0.911061,0.101129,0.083234,-0.246570,-0.285035,-0.076932,0.056996,0.273803
1.820000,1.820000,step,1.570800,0.000000,1.572220,0.000496,-0.000900,-0.000000,-0.139945,-0.050012,0.611728,-1.036832,-8.235278,0.060023,-0.394470,-0.911040,0.103908,0.081088,-0.246484,-0.286460,-0.072807,0.055697,0.277078
1.840000,1.840000,step,1.570800,0.000000,1.572196,0.000476,-0.001082,-0.000000,-0.137126,-0.048142,0.610520,-1.038039,-8.242786,0.059355,-0.393936,-0.910992,0.106704,0.078858,-0.246387,-0.287859,-0.068281,0.055354,0.279203
1.860000,1.860000,step,1.570800,0.000000,1.572168,0.000455,-0.001304,-0.000000,-0.133801,-0.046044,0.609341,-1.039256,-8.250309,0.058687,-0.393442,-0.910915,0.109512,0.076561,-0.246282,-0.289227,-0.063418,0.055935,0.280236
1.880000,1.880000,step,1.570800,0.000000,1.572135,0.000431,-0.001617,-0.000000,-0.129750,-0.043746,0.608190,-1.040481,-8.257851,0.058030,-0.392990,-0.910810,0.112324,0.074211,-0.246169,-0.290556,-0.058279,0.057397,0.280261
1.900000,1.900000,step,1.570800,0.000000,1.572097,0.000406,-0.001942,-0.000000,-0.125086,-0.041230,0.607067,-1.041716,-8.265406,0.057399,-0.392579,-0.910676,0.115136,0.071825,-0.246049,-0.291843,-0.052921,0.059708,0.279272
1.920000,1.920000,step,1.570800,0.000000,1.572054,0.000378,-0.002236,-0.000000,-0.120009,-0.038540,0.605972,-1.042958,-8.272979,0.056804,-0.392211,-0.910513,0.117941,0.069417,-0.245925,-0.293083,-0.047400,0.062826,0.277301
1.940000,1.940000,step,1.570800,0.000000,1.572006,0.000350,-0.002491,-0.000000,-0.114549,-0.035728,0.604905,-1.044209,-8.280563,0.056256,-0.391885,-0.910321,0.120732,0.067005,-0.245797,-0.294272,-0.041770,0.066691,0.274410
1.960000,1.960000,step,1.570800,0.000000,1.571954,0.000321,-0.002709,-0.000000,-0.108802,-0.032816,0.603867,-1.045468,-8.288163,0.055767,-0.391600,-0.910102,0.123506,0.064601,-0.245667,-0.295406,-0.036080,0.071238,0.270666
1.980000,1.980000,step,1.570800,0.000000,1.571900,0.000290,-0.002885,-0.000000,-0.102843,-0.029813,0.602857,-1.046735,-8.295776,0.055345,-0.391356,-0.909855,0.126257,0.062220,-0.245536,-0.296485,-0.030379,0.076394,0.266138
2.000000,2.000000,step,1.570800,0.000000,1.571842,0.000259,-0.003018,-0.000000,-0.096736,-0.026718,0.601875,-1.048008,-8.303402,0.054998,-0.391150,-0.909583,0.128979,0.059876,-0.245406,-0.297505,-0.024710,0.082085,0.260893
2.020000,2.020000,step,1.570800,0.000000,1.571783,0.000227,-0.003103,-0.000000,-0.090567,-0.023532,0.600921,-1.049289,-8.311043,0.054733,-0.390982,-0.909285,0.131669,0.057581,-0.245278,-0.298466,-0.019114,0.088228,0.254998
2.040000,2.040000,step,1.570800,0.000000,1.571723,0.000194,-0.003139,-0.000000,-0.084403,-0.020263,0.599995,-1.050577,-8.318696,0.054557,-0.390851,-0.908964,0.134325,0.055346,-0.245155,-0.299367,-0.013630,0.094744,0.248520
2.060000,2.060000,step,1.570800,0.000000,1.571662,0.000161,-0.003130,-0.000000,-0.078341,-0.016935,0.599095,-1.051872,-8.326362,0.054475,-0.390752,-0.908621,0.136942,0.053182,-0.245037,-0.300208,-0.008292,0.101546,0.241529
2.080000,2.080000,step,1.570800,0.000000,1.571602,0.000127,-0.003081,-0.000000,-0.072403,-0.013582,0.598223,-1.053173,-8.334038,0.054490,-0.390686,-0.908257,0.139517,0.051098,-0.244925,-0.300990,-0.003132,0.108552,0.234092
2.100000,2.100000,step,1.570800,0.000000,1.571541,0.000095,-0.002941,-0.000000,-0.066637,-0.010297,0.597378,-1.054480,-8.341722,0.054606,-0.390649,-0.907874,0.142047,0.049104,-0.244820,-0.301712,0.001821,0.115687,0.226235
2.120000,2.120000,step,1.570800,0.000000,1.571480,0.000069,-0.002675,-0.000000,-0.061279,-0.007483,0.596559,-1.055793,-8.349418,0.054824,-0.390638,-0.907473,0.144527,0.047208,-0.244724,-0.302376,0.006540,0.122880,0.217995
2.140000,2.140000,step,1.570800,0.000000,1.571420,0.000049,-0.002380,-0.000000,-0.056119,-0.005323,0.595766,-1.057112,-8.357125,0.055146,-0.390652,-0.907058,0.146958,0.045416,-0.244637,-0.302983,0.010999,0.130037,0.209500
2.160000,2.160000,step,1.570800,0.000000,1.571362,0.000034,-0.002107,-0.000000,-0.051137,-0.003758,0.594999,-1.058437,-8.364841,0.055571,-0.390687,-0.906628,0.149334,0.043735,-0.244559,-0.303534,0.015175,0.137076,0.200844
2.180000,2.180000,step,1.570800,0.000000,1.571306,0.000024,-0.001868,-0.000000,-0.046198,-0.002654,0.594257,-1.059767,-8.372562,0.056099,-0.390741,-0.906187,0.151656,0.042167,-0.244493,-0.304032,0.019050,0.143928,0.192084
2.200000,2.200000,step,1.570800,0.000000,1.571252,0.000017,-0.001683,-0.000000,-0.041381,-0.001874,0.593540,-1.061102,-8.380290,0.056726,-0.390812,-0.905735,0.153921,0.040716,-0.244436,-0.304477,0.022608,0.150522,0.183280
2.220000,2.220000,step,1.570800,0.000000,1.571201,0.000012,-0.001532,-0.000000,-0.036649,-0.001323,0.592847,-1.062441,-8.388027,0.057451,-0.390896,-0.905275,0.156128,0.039384,-0.244389,-0.304872,0.025837,0.156802,0.174462
2.240000,2.240000,step,1.570800,0.000000,1.571152,0.000009,-0.001407,-0.000000,-0.032073,-0.000934,0.592178,-1.063786,-8.395767,0.058270,-0.390991,-0.904809,0.158278,0.038173,-0.244353,-0.305218,0.028727,0.162708,0.165686
2.260000,2.260000,step,1.570800,0.000000,1.571105,0.000006,-0.001287,-0.000000,-0.027723,-0.000659,0.591533,-1.065135,-8.403515,0.059179,-0.391095,-0.904337,0.160368,0.037085,-0.244328,-0.305520,0.031270,0.168190,0.156996
2.280000,2.280000,step,1.570800,0.000000,1.571062,0.000004,-0.001178,-0.000000,-0.023630,-0.000465,0.590910,-1.066488,-8.411267,0.060173,-0.391204,-0.903862,0.162399,0.036117,-0.244312,-0.305778,0.033463,0.173204,0.148463
2.300000,2.300000,step,1.570800,0.000000,1.571021,0.000003,-0.001072,-0.000000,-0.019783,-0.000328,0.590311,-1.067846,-8.419023,0.061245,-0.391316,-0.903385,0.164369,0.035269,-0.244304,-0.305996,0.035307,0.177717,0.140144
2.320000,2.320000,step,1.570800,0.000000,1.570984,0.000002,-0.000971,-0.000000,-0.016292,-0.000232,0.589733,-1.069207,-8.426785,0.062390,-0.391429,-0.902907,0.166280,0.034540,-0.244306,-0.306176,0.036804,0.181704,0.132101
2.340000,2.340000,step,1.570800,0.000000,1.570950,0.000002,-0.000877,-0.000000,-0.013127,-0.000164,0.589176,-1.070572,-8.434550,0.063602,-0.391541,-0.902431,0.168133,0.033925,-0.244314,-0.306322,0.037961,0.185146,0.124391
2.360000,2.360000,step,1.570800,0.000000,1.570920,0.000001,-0.000780,-0.000000,-0.010296,-0.000115,0.588641,-1.071940,-8.442319,0.064873,-0.391650,-0.901957,0.169928,0.033422,-0.244329,-0.306435,0.038785,0.188033,0.117058
2.380000,2.380000,step,1.570800,0.000000,1.570893,0.000001,-0.000680,-0.000000,-0.007816,-0.000081,0.588125,-1.073312,-8.450087,0.066196,-0.391754,-0.901486,0.171667,0.033025,-0.244349,-0.306519,0.039286,0.190361,0.110144
2.400000,2.400000,step,1.570800,0.000000,1.570870,0.000001,-0.000579,-0.000000,-0.005744,-0.000057,0.587630,-1.074687,-8.457858,0.067565,-0.391851,-0.901020,0.173353,0.032729,-0.244374,-0.306577,0.039477,0.192128,0.103692
2.420000,2.420000,step,1.570800,0.000000,1.570851,0.000000,-0.000478,-0.000000,-0.004010,-0.000040,0.587153,-1.076065,-8.465631,0.068971,-0.391939,-0.900559,0.174987,0.032529,-0.244402,-0.306612,0.039372,0.193341,0.097731
2.440000,2.440000,step,1.570800,0.000000,1.570835,0.000000,-0.000379,-0.000000,-0.002676,-0.000028,0.586695,-1.077447,-8.473404,0.070408,-0.392018,-0.900104,0.176572,0.032419,-0.244433,-0.306626,0.038986,0.194010,0.092291
2.460000,2.460000,step,1.570800,0.000000,1.570824,0.000000,-0.000281,-0.000000,-0.001706,-0.000020,0.586255,-1.078831,-8.481176,0.071868,-0.392086,-0.899655,0.178112,0.032391,-0.244465,-0.306623,0.038336,0.194150,0.087391
2.480000,2.480000,step,1.570800,0.000000,1.570815,0.000000,-0.000187,-0.000000,-0.001076,-0.000014,0.585833,-1.080219,-8.488944,0.073343,-0.392142,-0.899214,0.179609,0.032439,-0.244498,-0.306605,0.037442,0.193782,0.083045
2.500000,2.500000,step,1.570800,0.000000,1.570811,0.000000,-0.000097,-0.000000,-0.000801,-0.000010,0.585427,-1.081609,-8.496717,0.074826,-0.392185,-0.898781,0.181066,0.032555,-0.244531,-0.306575,0.036323,0.192928,0.079262
2.520000,2.520000,step,1.570800,0.000000,1.570809,0.000000,-0.000011,-0.000000,-0.000837,-0.000007,0.585038,-1.083003,-8.504493,0.076312,-0.392215,-0.898355,0.182488,0.032732,-0.244562,-0.306536,0.034998,0.191615,0.076046
2.540000,2.540000,step,1.570800,0.000000,1.570811,0.000000,0.000071,0.000000,-0.001143,-0.000005,0.584664,-1.084399,-8.512264,0.077792,-0.392230,-0.897938,0.183877,0.032962,-0.244592,-0.306491,0.033491,0.189870,0.073392
2.560000,2.560000,step,1.570800,0.000000,1.570815,0.000000,0.000145,0.000000,-0.001763,-0.000004,0.584305,-1.085797,-8.520037,0.079261,-0.392232,-0.897529,0.185237,0.033238,-0.244619,-0.306442,0.031821,0.187725,0.071294
2.580000,2.580000,step,1.570800,0.000000,1.570822,0.000000,0.000214,0.000000,-0.002619,-0.000003,0.583961,-1.087198,-8.527807,0.080713,-0.392219,-0.897129,0.186572,0.033552,-0.244643,-0.306391,0.030011,0.185211,0.069738
2.600000,2.600000,step,1.570800,0.000000,1.570832,0.000000,0.000277,0.000000,-0.003718,-0.000002,0.583631,-1.088602,-8.535577,0.082143,-0.392192,-0.896737,0.187886,0.033897,-0.244663,-0.306340,0.028082,0.182361,0.068709
2.620000,2.620000,step,1.570800,0.000000,1.570844,0.000000,0.000333,0.000000,-0.005012,-0.000002,0.583314,-1.090008,-8.543344,0.083544,-0.392150,-0.896353,0.189181,0.034265,-0.244679,-0.306293,0.026057,0.179208,0.068184
2.640000,2.640000,step,1.570800,0.000000,1.570857,0.000000,0.000382,0.000000,-0.006487,-0.000001,0.583011,-1.091417,-8.551112,0.084913,-0.392094,-0.895978,0.190462,0.034649,-0.244690,-0.306251,0.023957,0.175787,0.068139
2.660000,2.660000,step,1.570800,0.000000,1.570873,0.000000,0.000424,0.000000,-0.008133,-0.000001,0.582720,-1.092829,-8.558879,0.086246,-0.392025,-0.895610,0.191732,0.035042,-0.244697,-0.306215,0.021802,0.172131,0.068546
2.680000,2.680000,step,1.570800,0.000000,1.570890,0.000000,0.000460,0.000000,-0.009890,-0.000001,0.582442,-1.094243,-8.566645,0.087538,-0.391943,-0.895249,0.192993,0.035437,-0.244698,-0.306188,0.019613,0.168273,0.069375
2.700000,2.700000,step,1.570800,0.000000,1.570907,0.000000,0.000490,0.000000,-0.011748,-0.000001,0.582175,-1.095659,-8.574405,0.088786,-0.391848,-0.894896,0.194249,0.035828,-0.244694,-0.306170,0.017409,0.164246,0.070593
2.720000,2.720000,step,1.570800,0.000000,1.570927,0.000000,0.000512,0.000000,-0.013704,-0.000001,0.581921,-1.097078,-8.582165,0.089988,-0.391741,-0.894550,0.195503,0.036209,-0.244685,-0.306163,0.015209,0.160084,0.072166
2.740000,2.740000,step,1.570800,0.000000,1.570946,0.000000,0.000528,0.000000,-0.015725,-0.000001,0.581677,-1.098499,-8.589927,0.091141,-0.391624,-0.894210,0.196758,0.036575,-0.244670,-0.306168,0.013030,0.155815,0.074059
2.760000,2.760000,step,1.570800,0.000000,1.570966,0.000000,0.000539,0.000000,-0.017763,-0.000001,0.581445,-1.099923,-8.597689,0.092243,-0.391496,-0.893875,0.198014,0.036919,-0.244650,-0.306186,0.010888,0.151472,0.076233
2.780000,2.780000,step,1.570800,0.000000,1.570987,0.000000,0.000545,0.000000,-0.019788,-0.000001,0.581223,-1.101349,-8.605450,0.093292,-0.391359,-0.893545,0.199276,0.037238,-0.244625,-0.306218,0.008798,0.147084,0.078651
2.800000,2.800000,step,1.570800,0.000000,1.571007,0.000000,0.000546,0.000000,-0.021798,-0.000001,0.581012,-1.102777,-8.613208,0.094288,-0.391214,-0.893221,0.200545,0.037526,-0.244596,-0.306263,0.006775,0.142678,0.081276
2.820000,2.820000,step,1.570800,0.000000,1.571027,0.000000,0.000542,0.000000,-0.023793,-0.000002,0.580811,-1.104207,-8.620962,0.095231,-0.391061,-0.892900,0.201822,0.037781,-0.244561,-0.306323,0.004830,0.138283,0.084072
2.840000,2.840000,step,1.570800,0.000000,1.571047,0.000000,0.000533,0.000000,-0.025771,-0.000002,0.580621,-1.105640,-8.628720,0.096119,-0.390902,-0.892583,0.203108,0.037997,-0.244521,-0.306398,0.002975,0.133923,0.087001
2.860000,2.860000,step,1.570800,0.000000,1.571066,0.000000,0.000525,0.000000,-0.027744,-0.000008,0.580440,-1.107074,-8.636476,0.096952,-0.390737,-0.892268,0.204406,0.038173,-0.244476,-0.306487,0.001220,0.129624,0.090023
2.880000,2.880000,step,1.570800,0.000000,1.571085,0.000001,0.000524,0.000000,-0.029656,-0.000079,0.580270,-1.108510,-8.644230,0.097732,-0.390568,-0.891957,0.205715,0.038306,-0.244428,-0.306591,-0.000427,0.125412,0.093099
2.900000,2.900000,step,1.570800,0.000000,1.571103,0.000003,0.000521,0.000000,-0.031451,-0.000255,0.580110,-1.109949,-8.651987,0.098459,-0.390395,-0.891646,0.207037,0.038393,-0.244374,-0.306708,-0.001958,0.121305,0.096202
2.920000,2.920000,step,1.570800,0.000000,1.571120,0.000006,0.000511,0.000000,-0.033144,-0.000541,0.579961,-1.111388,-8.659743,0.099135,-0.390220,-0.891337,0.208371,0.038433,-0.244317,-0.306840,-0.003368,0.117323,0.099302
2.940000,2.940000,step,1.570800,0.000000,1.571136,0.000010,0.000493,0.000000,-0.034683,-0.000924,0.579821,-1.112829,-8.667498,0.099761,-0.390043,-0.891029,0.209719,0.038425,-0.244257,-0.306984,-0.004652,0.113484,0.102367
2.960000,2.960000,step,1.570800,0.000000,1.571150,0.000015,0.000467,0.000000,-0.036053,-0.001362,0.579691,-1.114272,-8.675253,0.100339,-0.389866,-0.890720,0.211080,0.038367,-0.244193,-0.307140,-0.005807,0.109803,0.105370
2.980000,2.980000,step,1.570800,0.000000,1.571163,0.000019,0.000433,0.000000,-0.037315,-0.001808,0.579572,-1.115716,-8.683008,0.100871,-0.389688,-0.890411,0.212454,0.038261,-0.244125,-0.307309,-0.006830,0.106296,0.108280
3.000000,3.000000,step,1.570800,0.000000,1.571175,0.000023,0.000393,0.000000,-0.038451,-0.002235,0.579463,-1.117161,-8.690766,0.101359,-0.389511,-0.890101,0.213840,0.038105,-0.244055,-0.307487,-0.007721,0.102978,0.111071
3.020000,3.020000,step,1.570800,0.000000,1.571186,0.000027,0.000351,0.000000,-0.039411,-0.002621,0.579364,-1.118607,-8.698522,0.101805,-0.389336,-0.889790,0.215238,0.037900,-0.243982,-0.307676,-0.008481,0.099861,0.113718
3.040000,3.040000,step,1.570800,0.000000,1.571195,0.000030,0.000304,0.000000,-0.040276,-0.002956,0.579276,-1.120054,-8.706277,0.102213,-0.389163,-0.889477,0.216647,0.037648,-0.243907,-0.307873,-0.009111,0.096958,0.116201
3.060000,3.060000,step,1.570800,0.000000,1.571203,0.000033,0.000256,0.000000,-0.040967,-0.003231,0.579198,-1.121502,-8.714036,0.102585,-0.388992,-0.889162,0.218066,0.037349,-0.243829,-0.308078,-0.009614,0.094278,0.118500
3.080000,3.080000,step,1.570800,0.000000,1.571211,0.000035,0.000206,0.000000,-0.041569,-0.003439,0.579131,-1.122950,-8.721794,0.102926,-0.388824,-0.888843,0.219498,0.037006,-0.243749,-0.308290,-0.009993,0.091827,0.120597
3.100000,3.100000,step,1.570800,0.000000,1.571216,0.000036,0.000154,0.000000,-0.041997,-0.003578,0.579074,-1.124399,-8.729555,0.103237,-0.388660,-0.888522,0.220938,0.036620,-0.243668,-0.308508,-0.010252,0.089614,0.122480
3.120000,3.120000,step,1.570800,0.000000,1.571220,0.000036,0.000104,0.000000,-0.042228,-0.003640,0.579028,-1.125848,-8.737316,0.103521,-0.388499,-0.888199,0.222384,0.036193,-0.243585,-0.308730,-0.010398,0.087641,0.124132
3.140000,3.140000,step,1.570800,0.000000,1.571223,0.000036,0.000050,-0.000000,-0.042450,-0.003628,0.578993,-1.127297,-8.745080,0.103782,-0.388343,-0.887871,0.223838,0.035729,-0.243501,-0.308955,-0.010434,0.085912,0.125548
3.160000,3.160000,step,1.570800,0.000000,1.571223,0.000035,-0.000002,0.000000,-0.042387,-0.003542,0.578969,-1.128745,-8.752845,0.104024,-0.388191,-0.887541,0.225296,0.035230,-0.243417,-0.309182,-0.010369,0.084426,0.126715
3.180000,3.180000,step,1.570800,0.000000,1.571223,0.000033,-0.000052,-0.000000,-0.042237,-0.003375,0.578957,-1.130194,-8.760612,0.104250,-0.388043,-0.887207,0.226756,0.034699,-0.243331,-0.309411,-0.010208,0.083182,0.127629
3.200000,3.200000,step,1.570800,0.000000,1.571223,0.000031,-0.000105,-0.000000,-0.042056,-0.003136,0.578955,-1.131642,-8.768380,0.104463,-0.387899,-0.886870,0.228218,0.034139,-0.243246,-0.309640,-0.009959,0.082178,0.128288
3.220000,3.220000,step,1.570800,0.000000,1.571219,0.000027,-0.000153,-0.000000,-0.041597,-0.002824,0.578965,-1.133091,-8.776148,0.104666,-0.387760,-0.886529,0.229681,0.033554,-0.243159,-0.309868,-0.009629,0.081408,0.128684
3.240000,3.240000,step,1.570800,0.000000,1.571215,0.000023,-0.000200,-0.000000,-0.041074,-0.002437,0.578986,-1.134538,-8.783917,0.104863,-0.387625,-0.886184,0.231144,0.032948,-0.243074,-0.310095,-0.009225,0.080867,0.128820
3.260000,3.260000,step,1.570800,0.000000,1.571210,0.000019,-0.000246,-0.000000,-0.040456,-0.001985,0.579018,-1.135984,-8.791692,0.105057,-0.387495,-0.885836,0.232606,0.032323,-0.242989,-0.310318,-0.008756,0.080547,0.128697
3.280000,3.280000,step,1.570800,0.000000,1.571203,0.000014,-0.000272,-0.000000,-0.039731,-0.001500,0.579062,-1.137430,-8.799465,0.105251,-0.387368,-0.885485,0.234062,0.031684,-0.242904,-0.310539,-0.008229,0.080442,0.128307
3.300000,3.300000,step,1.570800,0.000000,1.571195,0.000010,-0.000288,-0.000000,-0.038891,-0.001084,0.579117,-1.138875,-8.807240,0.105447,-0.387244,-0.885131,0.235513,0.031034,-0.242820,-0.310756,-0.007651,0.080538,0.127663
3.320000,3.320000,step,1.570800,0.000000,1.571186,0.000007,-0.000303,-0.000000,-0.037917,-0.000767,0.579184,-1.140319,-8.815020,0.105649,-0.387123,-0.884774,0.236957,0.030378,-0.242737,-0.310968,-0.007031,0.080822,0.126782
3.340000,3.340000,step,1.570800,0.000000,1.571175,0.000005,-0.000318,-0.000000,-0.036859,-0.000542,0.579262,-1.141761,-8.822799,0.105860,-0.387005,-0.884415,0.238393,0.029718,-0.242655,-0.311175,-0.006375,0.081280,0.125675
3.360000,3.360000,step,1.570800,0.000000,1.571164,0.000004,-0.000333,-0.000000,-0.035704,-0.000383,0.579351,-1.143202,-8.830581,0.106082,-0.386890,-0.884053,0.239819,0.029059,-0.242575,-0.311376,-0.005692,0.081897,0.124352
3.380000,3.380000,step,1.570800,0.000000,1.571151,0.000002,-0.000347,-0.000000,-0.034446,-0.000271,0.579452,-1.144641,-8.838366,0.106316,-0.386777,-0.883690,0.241233,0.028404,-0.242496,-0.311570,-0.004987,0.082657,0.122825
3.400000,3.400000,step,1.570800,0.000000,1.571139,0.000002,-0.000358,-0.000000,-0.033123,-0.000191,0.579565,-1.146079,-8.846151,0.106566,-0.386665,-0.883324,0.242636,0.027757,-0.242420,-0.311758,-0.004269,0.083545,0.121109
3.420000,3.420000,step,1.570800,0.000000,1.571125,0.000001,-0.000369,-0.000000,-0.031778,-0.000135,0.579688,-1.147515,-8.853936,0.106832,-0.386555,-0.882957,0.244025,0.027119,-0.242345,-0.311938,-0.003544,0.084543,0.119220
3.440000,3.440000,step,1.570800,0.000000,1.571112,0.000001,-0.000377,-0.000000,-0.030404,-0.000096,0.579823,-1.148950,-8.861724,0.107116,-0.386446,-0.882590,0.245398,0.026495,-0.242273,-0.312112,-0.002818,0.085634,0.117173
3.460000,3.460000,step,1.570800,0.000000,1.571098,0.000001,-0.000383,-0.000000,-0.029002,-0.000068,0.579970,-1.150383,-8.869515,0.107421,-0.386337,-0.882222,0.246757,0.025888,-0.242202,-0.312277,-0.002098,0.086799,0.114983
3.480000,3.480000,step,1.570800,0.000000,1.571084,0.000000,-0.000386,-0.000000,-0.027562,-0.000048,0.580127,-1.151814,-8.877308,0.107746,-0.386229,-0.881853,0.248099,0.025300,-0.242135,-0.312435,-0.001388,0.088021,0.112667
3.500000,3.500000,step,1.570800,0.000000,1.571069,0.000000,-0.000386,-0.000000,-0.026129,-0.000034,0.580295,-1.153243,-8.885100,0.108092,-0.386120,-0.881484,0.249424,0.024733,-0.242070,-0.312584,-0.000694,0.089283,0.110244
3.520000,3.520000,step,1.570800,0.000000,1.571055,0.000000,-0.000383,-0.000000,-0.024705,-0.000024,0.580474,-1.154670,-8.892895,0.108461,-0.386011,-0.881116,0.250731,0.024190,-0.242007,-0.312726,-0.000021,0.090566,0.107730
3.540000,3.540000,step,1.570800,0.000000,1.571041,0.000000,-0.000378,-0.000000,-0.023311,-0.000017,0.580664,-1.156095,-8.900687,0.108852,-0.385901,-0.880749,0.252019,0.023672,-0.241948,-0.312860,0.000626,0.091853,0.105145
3.560000,3.560000,step,1.570800,0.000000,1.571027,0.000000,-0.000371,-0.000000,-0.021949,-0.000012,0.580865,-1.157518,-8.908484,0.109266,-0.385789,-0.880383,0.253286,0.023182,-0.241891,-0.312986,0.001244,0.093127,0.102506
3.580000,3.580000,step,1.570800,0.000000,1.571014,0.000000,-0.000360,-0.000000,-0.020619,-0.000009,0.581076,-1.158940,-8.916283,0.109703,-0.385676,-0.880017,0.254536,0.022720,-0.241837,-0.313104,0.001829,0.094372,0.099832
3.600000,3.600000,step,1.570800,0.000000,1.571001,0.000000,-0.000347,-0.000000,-0.019332,-0.000006,0.581298,-1.160359,-8.924082,0.110162,-0.385561,-0.879654,0.255764,0.022289,-0.241786,-0.313214,0.002378,0.095571,0.097140
3.620000,3.620000,step,1.570800,0.000000,1.570988,0.000000,-0.000332,-0.000000,-0.018089,-0.000005,0.581529,-1.161776,-8.931881,0.110642,-0.385444,-0.879293,0.256972,0.021888,-0.241737,-0.313317,0.002888,0.096712,0.094450
3.640000,3.640000,step,1.570800,0.000000,1.570975,0.000000,-0.000314,-0.000000,-0.016890,-0.000003,0.581771,-1.163191,-8.939680,0.111145,-0.385325,-0.878933,0.258161,0.021520,-0.241692,-0.313411,0.003356,0.097778,0.091778
3.660000,3.660000,step,1.570800,0.000000,1.570964,0.000000,-0.000295,-0.000000,-0.015792,-0.000002,0.582022,-1.164605,-8.947479,0.111667,-0.385204,-0.878577,0.259328,0.021183,-0.241648,-0.313499,0.003781,0.098758,0.089143
3.680000,3.680000,step,1.570800,0.000000,1.570954,0.000000,-0.000275,-0.000000,-0.014800,-0.000002,0.582283,-1.166016,-8.955279,0.112208,-0.385080,-0.878223,0.260476,0.020877,-0.241608,-0.313580,0.004161,0.099642,0.086561
3.700000,3.700000,step,1.570800,0.000000,1.570944,0.000000,-0.000253,-0.000000,-0.013851,-0.000001,0.582554,-1.167424,-8.963081,0.112767,-0.384953,-0.877872,0.261603,0.020604,-0.241570,-0.313655,0.004496,0.100418,0.084046
3.720000,3.720000,step,1.570800,0.000000,1.570934,0.000000,-0.000229,-0.000000,-0.012969,-0.000001,0.582834,-1.168831,-8.970884,0.113343,-0.384824,-0.877523,0.262711,0.020362,-0.241535,-0.313722,0.004784,0.101080,0.081612
3.740000,3.740000,step,1.570800,0.000000,1.570927,0.000000,-0.000205,-0.000000,-0.012231,-0.000001,0.583123,-1.170237,-8.978690,0.113933,-0.384692,-0.877178,0.263798,0.020151,-0.241502,-0.313784,0.005025,0.101618,0.079275
3.760000,3.760000,step,1.570800,0.000000,1.570920,0.000000,-0.000182,-0.000000,-0.011583,-0.000001,0.583420,-1.171640,-8.986495,0.114537,-0.384558,-0.876836,0.264867,0.019970,-0.241471,-0.313840,0.005220,0.102030,0.077047
3.780000,3.780000,step,1.570800,0.000000,1.570913,0.000000,-0.000157,-0.000000,-0.011003,-0.000000,0.583727,-1.173041,-8.994301,0.115153,-0.384421,-0.876498,0.265918,0.019817,-0.241442,-0.313891,0.005369,0.102310,0.074937
3.800000,3.800000,step,1.570800,0.000000,1.570908,0.000000,-0.000131,-0.000000,-0.010507,-0.000000,0.584041,-1.174440,-9.002107,0.115778,-0.384282,-0.876162,0.266951,0.019693,-0.241414,-0.313936,0.005474,0.102456,0.072955
3.820000,3.820000,step,1.570800,0.000000,1.570904,0.000000,-0.000108,-0.000000,-0.010172,-0.000000,0.584365,-1.175837,-9.009912,0.116411,-0.384140,-0.875830,0.267966,0.019594,-0.241389,-0.313978,0.005534,0.102466,0.071111
3.840000,3.840000,step,1.570800,0.000000,1.570900,0.000000,-0.000084,-0.000000,-0.009863,-0.000000,0.584696,-1.177233,-9.017719,0.117051,-0.383996,-0.875502,0.268966,0.019520,-0.241365,-0.314014,0.005553,0.102340,0.069410
3.860000,3.860000,step,1.570800,0.000000,1.570897,0.000000,-0.000057,-0.000000,-0.009584,-0.000000,0.585035,-1.178626,-9.025529,0.117695,-0.383850,-0.875177,0.269949,0.019468,-0.241342,-0.314048,0.005531,0.102080,0.067856
3.880000,3.880000,step,1.570800,0.000000,1.570896,0.000000,-0.000035,-0.000000,-0.009502,-0.000000,0.585382,-1.180018,-9.033334,0.118342,-0.383703,-0.874855,0.270919,0.019438,-0.241321,-0.314078,0.005470,0.101686,0.066457
3.900000,3.900000,step,1.570800,0.000000,1.570896,0.000000,-0.000016,-0.000000,-0.009558,-0.000000,0.585736,-1.181408,-9.041142,0.118990,-0.383553,-0.874535,0.271875,0.019427,-0.241300,-0.314104,0.005374,0.101163,0.065216
3.920000,3.920000,step,1.570800,0.000000,1.570896,0.000000,0.000005,0.000000,-0.009618,-0.000000,0.586097,-1.182796,-9.048950,0.119636,-0.383403,-0.874220,0.272818,0.019433,-0.241281,-0.314129,0.005244,0.100516,0.064128
3.940000,3.940000,step,1.570800,0.000000,1.570896,0.000000,0.000026,-0.000000,-0.009683,-0.000000,0.586466,-1.184183,-9.056757,0.120280,-0.383251,-0.873907,0.273749,0.019454,-0.241263,-0.314151,0.005083,0.099750,0.063195
3.960000,3.960000,step,1.570800,0.000000,1.570897,0.000000,0.000049,-0.000000,-0.009762,-0.000000,0.586841,-1.185568,-9.064564,0.120919,-0.383099,-0.873597,0.274668,0.019488,-0.241245,-0.314171,0.004893,0.098870,0.062414
3.980000,3.980000,step,1.570800,0.000000,1.570900,0.000000,0.000065,0.000000,-0.010066,-0.000000,0.587224,-1.186951,-9.072369,0.121551,-0.382946,-0.873289,0.275578,0.019533,-0.241227,-0.314190,0.004677,0.097882,0.061789
4.000000,4.000000,step,1.570800,0.000000,1.570903,0.000000,0.000078,0.000000,-0.010440,-0.000000,0.587613,-1.188333,-9.080173,0.122177,-0.382793,-0.872984,0.276479,0.019586,-0.241210,-0.314208,0.004439,0.096795,0.061311
4.020000,4.020000,step,1.570800,0.000000,1.570907,0.000000,0.000090,0.000000,-0.010859,-0.000000,0.588008,-1.189712,-9.087980,0.122793,-0.382640,-0.872682,0.277372,0.019646,-0.241193,-0.314225,0.004181,0.095617,0.060976
4.040000,4.040000,step,1.570800,0.000000,1.570911,0.000000,0.000102,0.000000,-0.011276,-0.000000,0.588410,-1.191091,-9.095785,0.123398,-0.382486,-0.872382,0.278257,0.019710,-0.241177,-0.314242,0.003907,0.094357,0.060775
4.060000,4.060000,step,1.570800,0.000000,1.570915,0.000000,0.000114,0.000000,-0.011693,-0.000000,0.588818,-1.192468,-9.103591,0.123992,-0.382334,-0.872083,0.279137,0.019776,-0.241160,-0.314259,0.003619,0.093023,0.060703
4.080000,4.080000,step,1.570800,0.000000,1.570918,0.000000,0.000125,0.000000,-0.012108,-0.000001,0.589232,-1.193843,-9.111397,0.124573,-0.382182,-0.871787,0.280012,0.019843,-0.241144,-0.314277,0.003321,0.091624,0.060751
4.100000,4.100000,step,1.570800,0.000000,1.570923,0.000000,0.000134,0.000000,-0.012568,-0.000001,0.589653,-1.195217,-9.119202,0.125141,-0.382030,-0.871492,0.280882,0.019909,-0.241127,-0.314295,0.003016,0.090170,0.060911
4.120000,4.120000,step,1.570800,0.000000,1.570928,0.000000,0.000139,0.000000,-0.013099,-0.000001,0.590079,-1.196589,-9.127007,0.125693,-0.381880,-0.871198,0.281748,0.019971,-0.241110,-0.314314,0.002706,0.088670,0.061177
4.140000,4.140000,step,1.570800,0.000000,1.570934,0.000000,0.000143,0.000000,-0.013647,-0.000001,0.590511,-1.197960,-9.134811,0.126230,-0.381732,-0.870906,0.282612,0.020028,-0.241094,-0.314333,0.002394,0.087134,0.061535
4.160000,4.160000,step,1.570800,0.000000,1.570939,0.000000,0.000144,0.000000,-0.014224,-0.000001,0.590948,-1.199329,-9.142614,0.126751,-0.381586,-0.870615,0.283472,0.020078,-0.241077,-0.314354,0.002082,0.085571,0.061978
4.180000,4.180000,step,1.570800,0.000000,1.570945,0.000000,0.000143,0.000000,-0.014796,-0.000001,0.591391,-1.200697,-9.150417,0.127255,-0.381441,-0.870324,0.284332,0.020120,-0.241059,-0.314377,0.001774,0.083992,0.062492
4.200000,4.200000,step,1.570800,0.000000,1.570951,0.000000,0.000142,0.000000,-0.015364,-0.000001,0.591840,-1.202064,-9.158220,0.127743,-0.381299,-0.870034,0.285190,0.020152,-0.241042,-0.314400,0.001470,0.082405,0.063068
4.220000,4.220000,step,1.570800,0.000000,1.570956,0.000000,0.000139,0.000000,-0.015882,-0.000001,0.592294,-1.203429,-9.166022,0.128213,-0.381159,-0.869745,0.286047,0.020174,-0.241023,-0.314426,0.001175,0.080820,0.063695
4.240000,4.240000,step,1.570800,0.000000,1.570961,0.000000,0.000136,0.000000,-0.016396,-0.000001,0.592754,-1.204792,-9.173825,0.128667,-0.381021,-0.869456,0.286904,0.020183,-0.241005,-0.314453,0.000889,0.079245,0.064362
4.260000,4.260000,step,1.570800,0.000000,1.570966,0.000000,0.000131,0.000000,-0.016872,-0.000001,0.593218,-1.206154,-9.181629,0.129103,-0.380886,-0.869167,0.287762,0.020180,-0.240986,-0.314482,0.000614,0.077689,0.065057
4.280000,4.280000,step,1.570800,0.000000,1.570970,0.000000,0.000126,0.000000,-0.017299,-0.000001,0.593689,-1.207514,-9.189433,0.129523,-0.380753,-0.868879,0.288619,0.020164,-0.240967,-0.314512,0.000352,0.076159,0.065771
4.300000,4.300000,step,1.570800,0.000000,1.570974,0.000000,0.000122,0.000000,-0.017666,-0.000001,0.594165,-1.208872,-9.197235,0.129925,-0.380624,-0.868590,0.289476,0.020133,-0.240947,-0.314544,0.000104,0.074664,0.066492
4.320000,4.320000,step,1.570800,0.000000,1.570978,0.000000,0.000115,-0.000000,-0.018029,-0.000001,0.594646,-1.210229,-9.205041,0.130312,-0.380496,-0.868301,0.290335,0.020088,-0.240927,-0.314579,-0.000128,0.073209,0.067212
4.340000,4.340000,step,1.570800,0.000000,1.570982,0.000000,0.000106,0.000000,-0.018386,-0.000001,0.595132,-1.211584,-9.212843,0.130682,-0.380372,-0.868012,0.291194,0.020027,-0.240907,-0.314614,-0.000343,0.071802,0.067921
4.360000,4.360000,step,1.570800,0.000000,1.570985,0.000000,0.000096,0.000000,-0.018737,-0.000001,0.595623,-1.212938,-9.220647,0.131038,-0.380250,-0.867723,0.292055,0.019952,-0.240886,-0.314651,-0.000541,0.070449,0.068611
4.380000,4.380000,step,1.570800,0.000000,1.570989,0.000000,0.000083,0.000000,-0.019082,-0.000001,0.596120,-1.214290,-9.228452,0.131378,-0.380132,-0.867433,0.292915,0.019861,-0.240865,-0.314690,-0.000721,0.069155,0.069272
4.400000,4.400000,step,1.570800,0.000000,1.570993,0.000000,0.000068,0.000000,-0.019409,-0.000001,0.596622,-1.215640,-9.236256,0.131704,-0.380016,-0.867144,0.293776,0.019754,-0.240843,-0.314730,-0.000882,0.067925,0.069895
4.420000,4.420000,step,1.570800,0.000000,1.570996,0.000000,0.000054,-0.000000,-0.019676,-0.000001,0.597130,-1.216988,-9.244058,0.132017,-0.379902,-0.866853,0.294639,0.019633,-0.240821,-0.314772,-0.001024,0.066765,0.070472
4.440000,4.440000,step,1.570800,0.000000,1.570997,0.000000,0.000042,0.000000,-0.019827,-0.000001,0.597642,-1.218334,-9.251862,0.132317,-0.379791,-0.866562,0.295501,0.019497,-0.240799,-0.314815,-0.001147,0.065677,0.070995
4.460000,4.460000,step,1.570800,0.000000,1.570997,0.000000,0.000034,0.000000,-0.019802,-0.000001,0.598160,-1.219679,-9.259665,0.132607,-0.379683,-0.866271,0.296364,0.019346,-0.240776,-0.314859,-0.001251,0.064665,0.071455
4.480000,4.480000,step,1.570800,0.000000,1.570997,0.000000,0.000025,-0.000000,-0.019775,-0.000001,0.598683,-1.221021,-9.267469,0.132886,-0.379576,-0.865979,0.297227,0.019183,-0.240753,-0.314904,-0.001336,0.063730,0.071853
4.500000,4.500000,step,1.570800,0.000000,1.570997,0.000000,0.000014,-0.000000,-0.019744,-0.000001,0.599212,-1.222361,-9.275273,0.133155,-0.379472,-0.865686,0.298089,0.019006,-0.240730,-0.314950,-0.001402,0.062875,0.072183
4.520000,4.520000,step,1.570800,0.000000,1.570997,0.000000,0.000002,0.000000,-0.019708,-0.000001,0.599745,-1.223699,-9.283077,0.133416,-0.379370,-0.865393,0.298952,0.018817,-0.240707,-0.314996,-0.001450,0.062100,0.072441
4.540000,4.540000,step,1.570800,0.000000,1.570997,0.000000,-0.000012,-0.000000,-0.019668,-0.000001,0.600285,-1.225036,-9.290880,0.133670,-0.379270,-0.865101,0.299811,0.018617,-0.240683,-0.315043,-0.001481,0.061406,0.072624
4.560000,4.560000,step,1.570800,0.000000,1.570997,0.000000,-0.000027,-0.000000,-0.019624,-0.000001,0.600829,-1.226370,-9.298684,0.133917,-0.379171,-0.864807,0.300671,0.018406,-0.240660,-0.315091,-0.001495,0.060793,0.072728
4.580000,4.580000,step,1.570800,0.000000,1.570997,0.000000,-0.000043,-0.000000,-0.019576,-0.000001,0.601379,-1.227702,-9.306489,0.134158,-0.379074,-0.864514,0.301528,0.018186,-0.240636,-0.315138,-0.001492,0.060261,0.072752
4.600000,4.600000,step,1.570800,0.000000,1.570995,0.000000,-0.000055,-0.000000,-0.019380,-0.000001,0.601933,-1.229032,-9.314293,0.134396,-0.378978,-0.864221,0.302384,0.017957,-0.240612,-0.315186,-0.001474,0.059808,0.072691
4.620000,4.620000,step,1.570800,0.000000,1.570992,0.000000,-0.000064,-0.000000,-0.019055,-0.000001,0.602494,-1.230359,-9.322095,0.134630,-0.378883,-0.863927,0.303236,0.017722,-0.240587,-0.315234,-0.001442,0.059432,0.072546
4.640000,4.640000,step,1.570800,0.000000,1.570988,0.000000,-0.000071,-0.000000,-0.018699,-0.000001,0.603059,-1.231684,-9.329902,0.134861,-0.378788,-0.863634,0.304086,0.017480,-0.240564,-0.315281,-0.001396,0.059130,0.072318
4.660000,4.660000,step,1.570800,0.000000,1.570984,0.000000,-0.000078,-0.000000,-0.018307,-0.000001,0.603631,-1.233007,-9.337708,0.135092,-0.378695,-0.863341,0.304931,0.017234,-0.240540,-0.315328,-0.001338,0.058900,0.072009
4.680000,4.680000,step,1.570800,0.000000,1.570981,0.000000,-0.000085,-0.000000,-0.017905,-0.000001,0.604207,-1.234327,-9.345519,0.135322,-0.378602,-0.863048,0.305773,0.016984,-0.240516,-0.315375,-0.001269,0.058737,0.071621
4.700000,4.700000,step,1.570800,0.000000,1.570977,0.000000,-0.000092,-0.000000,-0.017503,-0.000000,0.604789,-1.235645,-9.353329,0.135553,-0.378508,-0.862755,0.306611,0.016732,-0.240493,-0.315421,-0.001190,0.058637,0.071157
4.720000,4.720000,step,1.570800,0.000000,1.570973,0.000000,-0.000099,-0.000000,-0.017100,-0.000001,0.605376,-1.236960,-9.361135,0.135786,-0.378415,-0.862463,0.307443,0.016479,-0.240469,-0.315466,-0.001102,0.058597,0.070620
4.740000,4.740000,step,1.570800,0.000000,1.570969,0.000000,-0.000107,-0.000000,-0.016697,-0.000000,0.605968,-1.238273,-9.368944,0.136020,-0.378322,-0.862172,0.308269,0.016225,-0.240446,-0.315510,-0.001007,0.058611,0.070012
4.760000,4.760000,step,1.570800,0.000000,1.570965,0.000000,-0.000114,-0.000000,-0.016294,-0.000000,0.606566,-1.239584,-9.376754,0.136258,-0.378228,-0.861882,0.309090,0.015973,-0.240423,-0.315554,-0.000906,0.058675,0.069338
4.780000,4.780000,step,1.570800,0.000000,1.570961,0.000000,-0.000120,-0.000000,-0.015892,-0.000000,0.607168,-1.240891,-9.384561,0.136499,-0.378134,-0.861593,0.309905,0.015723,-0.240401,-0.315596,-0.000799,0.058783,0.068601
4.800000,4.800000,step,1.570800,0.000000,1.570958,0.000000,-0.000126,-0.000000,-0.015492,-0.000000,0.607776,-1.242197,-9.392370,0.136744,-0.378038,-0.861304,0.310714,0.015477,-0.240378,-0.315637,-0.000688,0.058929,0.067807
4.820000,4.820000,step,1.570800,0.000000,1.570953,0.000000,-0.000131,-0.000000,-0.015059,-0.000000,0.608390,-1.243500,-9.400179,0.136994,-0.377942,-0.861017,0.311516,0.015234,-0.240357,-0.315677,-0.000575,0.059108,0.066960
4.840000,4.840000,step,1.570800,0.000000,1.570948,0.000000,-0.000133,-0.000000,-0.014575,-0.000000,0.609008,-1.244800,-9.407988,0.137249,-0.377844,-0.860732,0.312310,0.014997,-0.240336,-0.315716,-0.000460,0.059315,0.066064
4.860000,4.860000,step,1.570800,0.000000,1.570944,0.000000,-0.000134,-0.000000,-0.014095,-0.000000,0.609632,-1.246098,-9.415795,0.137510,-0.377746,-0.860447,0.313097,0.014767,-0.240315,-0.315753,-0.000344,0.059543,0.065127
4.880000,4.880000,step,1.570800,0.000000,1.570939,0.000000,-0.000134,-0.000000,-0.013617,-0.000000,0.610260,-1.247393,-9.423605,0.137776,-0.377646,-0.860164,0.313877,0.014543,-0.240295,-0.315789,-0.000229,0.059787,0.064155
4.900000,4.900000,step,1.570800,0.000000,1.570934,0.000000,-0.000133,-0.000000,-0.013143,-0.000000,0.610894,-1.248685,-9.431414,0.138049,-0.377545,-0.859883,0.314648,0.014328,-0.240275,-0.315824,-0.000115,0.060040,0.063153
4.920000,4.920000,step,1.570800,0.000000,1.570929,0.000000,-0.000131,-0.000000,-0.012671,-0.000000,0.611533,-1.249976,-9.439222,0.138328,-0.377442,-0.859604,0.315412,0.014121,-0.240256,-0.315857,-0.000004,0.060296,0.062128
4.940000,4.940000,step,1.570800,0.000000,1.570925,0.000000,-0.000129,-0.000000,-0.012236,-0.000000,0.612176,-1.251263,-9.447031,0.138613,-0.377337,-0.859326,0.316167,0.013923,-0.240237,-0.315889,0.000105,0.060551,0.061087
4.960000,4.960000,step,1.570800,0.000000,1.570921,0.000000,-0.000126,-0.000000,-0.011815,-0.000000,0.612825,-1.252548,-9.454839,0.138905,-0.377231,-0.859051,0.316913,0.013735,-0.240219,-0.315919,0.000209,0.060798,0.060036
4.980000,4.980000,step,1.570800,0.000000,1.570917,0.000000,-0.000123,-0.000000,-0.011441,-0.000000,0.613478,-1.253831,-9.462647,0.139202,-0.377124,-0.858777,0.317651,0.013556,-0.240202,-0.315948,0.000310,0.061032,0.058981
5.000000,5.000000,step,1.570800,0.000000,1.570913,0.000000,-0.000120,-0.000000,-0.011070,-0.000000,0.614136,-1.255111,-9.470455,0.139507,-0.377014,-0.858505,0.318381,0.013389,-0.240185,-0.315975,0.000404,0.061250,0.057927
5.020000,5.020000,step,1.570800,0.000000,1.570910,0.000000,-0.000115,-0.000000,-0.010702,-0.000000,0.614799,-1.256388,-9.478267,0.139816,-0.376903,-0.858236,0.319102,0.013231,-0.240169,-0.316002,0.000493,0.061445,0.056880
5.040000,5.040000,step,1.570800,0.000000,1.570906,0.000000,-0.000109,-0.000000,-0.010339,-0.000000,0.615467,-1.257663,-9.486077,0.140132,-0.376791,-0.857969,0.319814,0.013085,-0.240153,-0.316026,0.000575,0.061615,0.055846
5.060000,5.060000,step,1.570800,0.000000,1.570902,0.000000,-0.000101,-0.000000,-0.009979,-0.000000,0.616139,-1.258935,-9.493886,0.140452,-0.376677,-0.857704,0.320518,0.012950,-0.240138,-0.316050,0.000651,0.061754,0.054830
5.080000,5.080000,step,1.570800,0.000000,1.570898,0.000000,-0.000092,-0.000000,-0.009623,-0.000000,0.616815,-1.260205,-9.501694,0.140778,-0.376562,-0.857441,0.321213,0.012825,-0.240123,-0.316072,0.000719,0.061861,0.053838
5.100000,5.100000,step,1.570800,0.000000,1.570894,0.000000,-0.000082,-0.000000,-0.009270,-0.000000,0.617496,-1.261473,-9.509504,0.141108,-0.376445,-0.857181,0.321900,0.012712,-0.240110,-0.316092,0.000781,0.061930,0.052874
5.120000,5.120000,step,1.570800,0.000000,1.570891,0.000000,-0.000071,-0.000000,-0.008922,-0.000000,0.618182,-1.262738,-9.517312,0.141443,-0.376326,-0.856922,0.322578,0.012609,-0.240096,-0.316112,0.000834,0.061960,0.051943
5.140000,5.140000,step,1.570800,0.000000,1.570887,0.000000,-0.000060,-0.000000,-0.008621,-0.000000,0.618871,-1.264001,-9.525123,0.141781,-0.376207,-0.856666,0.323249,0.012516,-0.240083,-0.316130,0.000880,0.061948,0.051051
5.160000,5.160000,step,1.570800,0.000000,1.570885,0.000000,-0.000050,0.000000,-0.008378,-0.000000,0.619565,-1.265262,-9.532930,0.142123,-0.376087,-0.856411,0.323912,0.012434,-0.240072,-0.316147,0.000918,0.061892,0.050200
5.180000,5.180000,step,1.570800,0.000000,1.570884,0.000000,-0.000043,-0.000000,-0.008248,-0.000000,0.620263,-1.266520,-9.540740,0.142466,-0.375966,-0.856160,0.324567,0.012361,-0.240060,-0.316164,0.000948,0.061792,0.049396
5.200000,5.200000,step,1.570800,0.000000,1.570884,0.000000,-0.000039,-0.000000,-0.008248,-0.000000,0.620965,-1.267776,-9.548552,0.142812,-0.375844,-0.855910,0.325215,0.012297,-0.240048,-0.316179,0.000970,0.061645,0.048642
5.220000,5.220000,step,1.570800,0.000000,1.570884,0.000000,-0.000036,-0.000000,-0.008259,-0.000000,0.621671,-1.269030,-9.556362,0.143159,-0.375722,-0.855662,0.325856,0.012241,-0.240037,-0.316193,0.000985,0.061454,0.047936
5.240000,5.240000,step,1.570800,0.000000,1.570884,0.000000,-0.000031,-0.000000,-0.008272,-0.000000,0.622380,-1.270282,-9.564171,0.143506,-0.375599,-0.855416,0.326489,0.012194,-0.240027,-0.316206,0.000992,0.061218,0.047281
5.260000,5.260000,step,1.570800,0.000000,1.570884,0.000000,-0.000026,-0.000000,-0.008287,-0.000000,0.623094,-1.271531,-9.571980,0.143854,-0.375476,-0.855172,0.327116,0.012154,-0.240017,-0.316219,0.000992,0.060937,0.046677
5.280000,5.280000,step,1.570800,0.000000,1.570884,0.000000,-0.000020,-0.000000,-0.008304,-0.000000,0.623812,-1.272778,-9.579791,0.144201,-0.375353,-0.854930,0.327736,0.012120,-0.240007,-0.316230,0.000984,0.060611,0.046127
5.300000,5.300000,step,1.570800,0.000000,1.570884,0.000000,-0.000014,0.000000,-0.008323,-0.000000,0.624533,-1.274024,-9.587601,0.144546,-0.375229,-0.854690,0.328350,0.012093,-0.239997,-0.316242,0.000971,0.060242,0.045629
5.320000,5.320000,step,1.570800,0.000000,1.570884,0.000000,-0.000007,0.000000,-0.008343,-0.000000,0.625258,-1.275267,-9.595409,0.144890,-0.375107,-0.854452,0.328958,0.012071,-0.239989,-0.316252,0.000951,0.059832,0.045185
5.340000,5.340000,step,1.570800,0.000000,1.570884,0.000000,0.000000,0.000000,-0.008364,-0.000000,0.625986,-1.276508,-9.603219,0.145232,-0.374986,-0.854214,0.329562,0.012053,-0.239981,-0.316262,0.000925,0.059383,0.044794
5.360000,5.360000,step,1.570800,0.000000,1.570884,0.000000,0.000008,0.000000,-0.008386,-0.000000,0.626718,-1.277747,-9.611029,0.145571,-0.374864,-0.853979,0.330160,0.012039,-0.239973,-0.316271,0.000893,0.058896,0.044455
5.380000,5.380000,step,1.570800,0.000000,1.570884,0.000000,0.000015,-0.000000,-0.008409,-0.000000,0.627454,-1.278983,-9.618838,0.145907,-0.374742,-0.853746,0.330753,0.012029,-0.239964,-0.316281,0.000856,0.058373,0.044167
5.400000,5.400000,step,1.570800,0.000000,1.570884,0.000000,0.000023,-0.000000,-0.008432,-0.000000,0.628193,-1.280218,-9.626650,0.146238,-0.374621,-0.853513,0.331342,0.012020,-0.239956,-0.316291,0.000815,0.057818,0.043929
5.420000,5.420000,step,1.570800,0.000000,1.570884,0.000000,0.000031,0.000000,-0.008455,-0.000000,0.628935,-1.281451,-9.634459,0.146566,-0.374502,-0.853283,0.331928,0.012014,-0.239947,-0.316300,0.000772,0.057232,0.043738
5.440000,5.440000,step,1.570800,0.000000,1.570884,0.000000,0.000038,0.000000,-0.008478,-0.000000,0.629681,-1.282682,-9.642268,0.146889,-0.374383,-0.853052,0.332509,0.012009,-0.239940,-0.316309,0.000726,0.056620,0.043592
5.460000,5.460000,step,1.570800,0.000000,1.570884,0.000000,0.000045,0.000000,-0.008524,-0.000000,0.630429,-1.283912,-9.650078,0.147207,-0.374266,-0.852823,0.333088,0.012004,-0.239932,-0.316318,0.000676,0.055984,0.043490
5.480000,5.480000,step,1.570800,0.000000,1.570886,0.000000,0.000048,-0.000000,-0.008666,-0.000000,0.631181,-1.285139,-9.657887,0.147520,-0.374150,-0.852596,0.333662,0.011998,-0.239924,-0.316327,0.000626,0.055327,0.043429
5.500000,5.500000,step,1.570800,0.000000,1.570888,0.000000,0.000049,0.000000,-0.008860,-0.000000,0.631937,-1.286364,-9.665698,0.147826,-0.374036,-0.852369,0.334234,0.011991,-0.239917,-0.316336,0.000573,0.054653,0.043407
5.520000,5.520000,step,1.570800,0.000000,1.570889,0.000000,0.000049,0.000000,-0.009051,-0.000000,0.632695,-1.287588,-9.673509,0.148127,-0.373923,-0.852142,0.334804,0.011983,-0.239909,-0.316345,0.000520,0.053966,0.043417
5.540000,5.540000,step,1.570800,0.000000,1.570891,0.000000,0.000048,-0.000000,-0.009241,-0.000000,0.633456,-1.288810,-9.681322,0.148422,-0.373812,-0.851917,0.335370,0.011972,-0.239902,-0.316354,0.000466,0.053270,0.043458
5.560000,5.560000,step,1.570800,0.000000,1.570893,0.000000,0.000048,0.000000,-0.009430,-0.000000,0.634220,-1.290030,-9.689137,0.148710,-0.373703,-0.851692,0.335935,0.011958,-0.239895,-0.316362,0.000412,0.052566,0.043524
5.580000,5.580000,step,1.570800,0.000000,1.570895,0.000000,0.000047,0.000000,-0.009583,-0.000000,0.634988,-1.291248,-9.696947,0.148992,-0.373595,-0.851468,0.336498,0.011941,-0.239887,-0.316372,0.000358,0.051861,0.043611
5.600000,5.600000,step,1.570800,0.000000,1.570896,0.000000,0.000047,0.000000,-0.009725,-0.000000,0.635758,-1.292464,-9.704762,0.149267,-0.373490,-0.851244,0.337058,0.011920,-0.239880,-0.316382,0.000305,0.051155,0.043717
5.620000,5.620000,step,1.570800,0.000000,1.570898,0.000000,0.000046,0.000000,-0.009866,-0.000000,0.636532,-1.293678,-9.712575,0.149535,-0.373387,-0.851021,0.337616,0.011895,-0.239873,-0.316392,0.000253,0.050454,0.043837
5.640000,5.640000,step,1.570800,0.000000,1.570899,0.000000,0.000045,0.000000,-0.009981,-0.000000,0.637308,-1.294891,-9.720386,0.149797,-0.373285,-0.850798,0.338173,0.011865,-0.239866,-0.316402,0.000203,0.049759,0.043968
5.660000,5.660000,step,1.570800,0.000000,1.570900,0.000000,0.000044,0.000000,-0.010074,-0.000000,0.638088,-1.296101,-9.728198,0.150053,-0.373185,-0.850576,0.338730,0.011831,-0.239859,-0.316412,0.000154,0.049075,0.044105
5.680000,5.680000,step,1.570800,0.000000,1.570900,0.000000,0.000043,0.000000,-0.010143,-0.000000,0.638870,-1.297310,-9.736012,0.150301,-0.373087,-0.850354,0.339283,0.011792,-0.239852,-0.316423,0.000108,0.048403,0.044246
5.700000,5.700000,step,1.570800,0.000000,1.570901,0.000000,0.000042,-0.000000,-0.010189,-0.000000,0.639656,-1.298517,-9.743825,0.150543,-0.372992,-0.850133,0.339835,0.011747,-0.239845,-0.316434,0.000064,0.047746,0.044386
5.720000,5.720000,step,1.570800,0.000000,1.570901,0.000000,0.000042,0.000000,-0.010199,-0.000000,0.640444,-1.299722,-9.751637,0.150779,-0.372898,-0.849911,0.340387,0.011697,-0.239837,-0.316445,0.000023,0.047108,0.044521
5.740000,5.740000,step,1.570800,0.000000,1.570901,0.000000,0.000041,-0.000000,-0.010198,-0.000000,0.641235,-1.300925,-9.759450,0.151009,-0.372806,-0.849690,0.340937,0.011641,-0.239831,-0.316456,-0.000015,0.046491,0.044650
5.760000,5.760000,step,1.570800,0.000000,1.570901,0.000000,0.000040,0.000000,-0.010194,-0.000000,0.642029,-1.302127,-9.767262,0.151234,-0.372715,-0.849469,0.341487,0.011580,-0.239823,-0.316468,-0.000050,0.045895,0.044768
5.780000,5.780000,step,1.570800,0.000000,1.570901,0.000000,0.000038,0.000000,-0.010189,-0.000000,0.642825,-1.303326,-9.775074,0.151452,-0.372627,-0.849249,0.342034,0.011514,-0.239816,-0.316480,-0.000082,0.045324,0.044874
5.800000,5.800000,step,1.570800,0.000000,1.570901,0.000000,0.000035,-0.000000,-0.010182,-0.000000,0.643625,-1.304524,-9.782887,0.151666,-0.372540,-0.849029,0.342581,0.011443,-0.239809,-0.316492,-0.000110,0.044779,0.044964
5.820000,5.820000,step,1.570800,0.000000,1.570901,0.000000,0.000032,0.000000,-0.010172,-0.000000,0.644427,-1.305719,-9.790700,0.151875,-0.372454,-0.848809,0.343126,0.011366,-0.239802,-0.316505,-0.000135,0.044262,0.045035
5.840000,5.840000,step,1.570800,0.000000,1.570901,0.000000,0.000028,0.000000,-0.010161,-0.000000,0.645233,-1.306913,-9.798512,0.152079,-0.372371,-0.848589,0.343669,0.011284,-0.239795,-0.316517,-0.000157,0.043773,0.045086
5.860000,5.860000,step,1.570800,0.000000,1.570901,0.000000,0.000024,0.000000,-0.010148,-0.000000,0.646041,-1.308105,-9.806326,0.152279,-0.372288,-0.848370,0.344211,0.011197,-0.239788,-0.316530,-0.000175,0.043314,0.045115
5.880000,5.880000,step,1.570800,0.000000,1.570901,0.000000,0.000019,0.000000,-0.010133,-0.000000,0.646852,-1.309295,-9.814137,0.152475,-0.372207,-0.848151,0.344751,0.011106,-0.239780,-0.316542,-0.000190,0.042886,0.045118
5.900000,5.900000,step,1.570800,0.000000,1.570901,0.000000,0.000013,0.000000,-0.010116,-0.000000,0.647665,-1.310484,-9.821951,0.152667,-0.372127,-0.847932,0.345289,0.011010,-0.239773,-0.316555,-0.000202,0.042488,0.045096
5.920000,5.920000,step,1.570800,0.000000,1.570901,0.000000,0.000007,-0.000000,-0.010098,-0.000000,0.648482,-1.311670,-9.829763,0.152856,-0.372048,-0.847714,0.345826,0.010910,-0.239765,-0.316568,-0.000210,0.042122,0.045046
5.940000,5.940000,step,1.570800,0.000000,1.570901,0.000000,0.000000,0.000000,-0.010079,-0.000000,0.649301,-1.312854,-9.837574,0.153041,-0.371969,-0.847497,0.346361,0.010807,-0.239757,-0.316581,-0.000215,0.041786,0.044968
5.960000,5.960000,step,1.570800,0.000000,1.570901,0.000000,-0.000007,-0.000000,-0.010059,-0.000000,0.650124,-1.314036,-9.845387,0.153225,-0.371892,-0.847279,0.346895,0.010700,-0.239749,-0.316594,-0.000216,0.041482,0.044860
5.980000,5.980000,step,1.570800,0.000000,1.570901,0.000000,-0.000014,0.000000,-0.010037,-0.000000,0.650949,-1.315216,-9.853199,0.153407,-0.371816,-0.847063,0.347425,0.010590,-0.239742,-0.316607,-0.000214,0.041208,0.044722
6.000000,6.000000,step,1.570800,0.000000,1.570901,0.000000,-0.000021,-0.000000,-0.010015,-0.000000,0.651776,-1.316395,-9.861012,0.153587,-0.371740,-0.846846,0.347955,0.010478,-0.239735,-0.316619,-0.000210,0.040964,0.044555
6.020000,6.020000,step,1.570800,0.000000,1.570901,0.000000,-0.000029,-0.000000,-0.009991,-0.000000,0.652607,-1.317571,-9.868825,0.153765,-0.371664,-0.846631,0.348479,0.010363,-0.239727,-0.316632,-0.000203,0.040749,0.044357
6.040000,6.040000,step,1.570800,0.000000,1.570901,0.000000,-0.000037,-0.000000,-0.009968,-0.000000,0.653440,-1.318745,-9.876637,0.153943,-0.371589,-0.846416,0.349003,0.010247,-0.239720,-0.316645,-0.000193,0.040561,0.044130
6.060000,6.060000,step,1.570800,0.000000,1.570900,0.000000,-0.000045,-0.000000,-0.009932,-0.000000,0.654277,-1.319916,-9.884450,0.154120,-0.371514,-0.846202,0.349522,0.010130,-0.239713,-0.316657,-0.000182,0.040401,0.043873
6.080000,6.080000,step,1.570800,0.000000,1.570899,0.000000,-0.000048,-0.000000,-0.009775,-0.000000,0.655115,-1.321087,-9.892258,0.154297,-0.371439,-0.845989,0.350041,0.010013,-0.239705,-0.316670,-0.000168,0.040265,0.043586
6.100000,6.100000,step,1.570800,0.000000,1.570897,0.000000,-0.000050,-0.000000,-0.009579,-0.000000,0.655957,-1.322255,-9.900070,0.154473,-0.371363,-0.845778,0.350554,0.009895,-0.239697,-0.316682,-0.000152,0.040152,0.043270
6.120000,6.120000,step,1.570800,0.000000,1.570894,0.000000,-0.000051,-0.000000,-0.009361,-0.000000,0.656802,-1.323421,-9.907883,0.154651,-0.371288,-0.845566,0.351066,0.009778,-0.239690,-0.316695,-0.000134,0.040059,0.042929
6.140000,6.140000,step,1.570800,0.000000,1.570892,0.000000,-0.000051,-0.000000,-0.009122,-0.000000,0.657649,-1.324585,-9.915695,0.154829,-0.371212,-0.845356,0.351572,0.009661,-0.239682,-0.316707,-0.000114,0.039985,0.042564
6.160000,6.160000,step,1.570800,0.000000,1.570890,0.000000,-0.000050,-0.000000,-0.008885,-0.000000,0.658499,-1.325747,-9.923508,0.155007,-0.371137,-0.845146,0.352077,0.009545,-0.239676,-0.316718,-0.000094,0.039928,0.042177
6.180000,6.180000,step,1.570800,0.000000,1.570887,0.000000,-0.000050,-0.000000,-0.008658,-0.000000,0.659352,-1.326907,-9.931318,0.155187,-0.371062,-0.844938,0.352577,0.009431,-0.239669,-0.316729,-0.000073,0.039886,0.041770
6.200000,6.200000,step,1.570800,0.000000,1.570885,0.000000,-0.000050,-0.000000,-0.008444,-0.000000,0.660207,-1.328065,-9.939133,0.155369,-0.370985,-0.844730,0.353074,0.009318,-0.239663,-0.316740,-0.000052,0.039857,0.041345
6.220000,6.220000,step,1.570800,0.000000,1.570883,0.000000,-0.000050,-0.000000,-0.008230,-0.000000,0.661066,-1.329220,-9.946945,0.155551,-0.370908,-0.844525,0.353566,0.009209,-0.239656,-0.316752,-0.000030,0.039837,0.040903
6.240000,6.240000,step,1.570800,0.000000,1.570881,0.000000,-0.000050,-0.000000,-0.008039,-0.000000,0.661926,-1.330374,-9.954758,0.155735,-0.370830,-0.844321,0.354054,0.009101,-0.239649,-0.316763,-0.000008,0.039825,0.040448
6.260000,6.260000,step,1.570800,0.000000,1.570879,0.000000,-0.000050,-0.000000,-0.007848,-0.000000,0.662789,-1.331526,-9.962571,0.155921,-0.370751,-0.844117,0.354539,0.008997,-0.239643,-0.316773,0.000015,0.039818,0.039982
6.280000,6.280000,step,1.570800,0.000000,1.570878,0.000000,-0.000050,-0.000000,-0.007659,-0.000000,0.663656,-1.332676,-9.970383,0.156108,-0.370673,-0.843916,0.355019,0.008896,-0.239637,-0.316784,0.000038,0.039815,0.039506
6.300000,6.300000,step,1.570800,0.000000,1.570876,0.000000,-0.000049,-0.000000,-0.007471,-0.000000,0.664524,-1.333824,-9.978194,0.156298,-0.370593,-0.843714,0.355497,0.008798,-0.239631,-0.316793,0.000060,0.039814,0.039023
6.320000,6.320000,step,1.570800,0.000000,1.570874,0.000000,-0.000047,-0.000000,-0.007284,-0.000000,0.665395,-1.334970,-9.986007,0.156488,-0.370514,-0.843516,0.355967,0.008703,-0.239625,-0.316802,0.000082,0.039812,0.038534
6.340000,6.340000,step,1.570800,0.000000,1.570872,0.000000,-0.000047,-0.000000,-0.007132,-0.000000,0.666269,-1.336113,-9.993820,0.156681,-0.370433,-0.843318,0.356434,0.008613,-0.239619,-0.316811,0.000102,0.039808,0.038044
6.360000,6.360000,step,1.570800,0.000000,1.570871,0.000000,-0.000046,-0.000000,-0.006991,-0.000000,0.667145,-1.337256,-10.001633,0.156876,-0.370351,-0.843122,0.356897,0.008527,-0.239613,-0.316820,0.000122,0.039798,0.037554
6.380000,6.380000,step,1.570800,0.000000,1.570870,0.000000,-0.000045,-0.000000,-0.006863,-0.000000,0.668024,-1.338395,-10.009445,0.157072,-0.370268,-0.842927,0.357356,0.008445,-0.239607,-0.316828,0.000141,0.039783,0.037066
6.400000,6.400000,step,1.570800,0.000000,1.570869,0.000000,-0.000045,-0.000000,-0.006768,-0.000000,0.668905,-1.339533,-10.017258,0.157270,-0.370185,-0.842733,0.357812,0.008366,-0.239601,-0.316837,0.000159,0.039758,0.036583
6.420000,6.420000,step,1.570800,0.000000,1.570868,0.000000,-0.000044,-0.000000,-0.006674,-0.000000,0.669789,-1.340670,-10.025070,0.157469,-0.370102,-0.842542,0.358262,0.008293,-0.239596,-0.316845,0.000176,0.039725,0.036106
6.440000,6.440000,step,1.570800,0.000000,1.570867,0.000000,-0.000043,-0.000000,-0.006594,-0.000000,0.670675,-1.341804,-10.032883,0.157671,-0.370017,-0.842351,0.358709,0.008223,-0.239591,-0.316852,0.000192,0.039680,0.035637
6.460000,6.460000,step,1.570800,0.000000,1.570867,0.000000,-0.000043,-0.000000,-0.006546,-0.000000,0.671563,-1.342936,-10.040696,0.157872,-0.369933,-0.842162,0.359150,0.008157,-0.239586,-0.316860,0.000207,0.039623,0.035179
6.480000,6.480000,step,1.570800,0.000000,1.570866,0.000000,-0.000043,-0.000000,-0.006499,-0.000000,0.672454,-1.344067,-10.048507,0.158076,-0.369848,-0.841974,0.359588,0.008096,-0.239581,-0.316867,0.000220,0.039552,0.034733
6.500000,6.500000,step,1.570800,0.000000,1.570866,0.000000,-0.000042,-0.000000,-0.006453,-0.000000,0.673346,-1.345196,-10.056322,0.158280,-0.369763,-0.841788,0.360022,0.008039,-0.239577,-0.316873,0.000231,0.039467,0.034300
6.520000,6.520000,step,1.570800,0.000000,1.570866,0.000000,-0.000042,-0.000000,-0.006442,-0.000000,0.674242,-1.346323,-10.064135,0.158485,-0.369677,-0.841603,0.360452,0.007985,-0.239572,-0.316880,0.000241,0.039367,0.033883
6.540000,6.540000,step,1.570800,0.000000,1.570866,0.000000,-0.000042,-0.000000,-0.006443,-0.000000,0.675139,-1.347448,-10.071946,0.158690,-0.369590,-0.841420,0.360878,0.007936,-0.239567,-0.316887,0.000250,0.039251,0.033482
6.560000,6.560000,step,1.570800,0.000000,1.570866,0.000000,-0.000041,-0.000000,-0.006444,-0.000000,0.676039,-1.348571,-10.079759,0.158896,-0.369504,-0.841239,0.361299,0.007890,-0.239562,-0.316892,0.000258,0.039118,0.033098
6.580000,6.580000,step,1.570800,0.000000,1.570866,0.000000,-0.000041,-0.000000,-0.006446,-0.000000,0.676941,-1.349692,-10.087571,0.159102,-0.369416,-0.841058,0.361717,0.007848,-0.239557,-0.316898,0.000264,0.038968,0.032733
6.600000,6.600000,step,1.570800,0.000000,1.570866,0.000000,-0.000039,-0.000000,-0.006449,-0.000000,0.677845,-1.350812,-10.095385,0.159307,-0.369330,-0.840880,0.362130,0.007809,-0.239552,-0.316904,0.000269,0.038802,0.032387
6.620000,6.620000,step,1.570800,0.000000,1.570866,0.000000,-0.000038,-0.000000,-0.006453,-0.000000,0.678751,-1.351930,-10.103198,0.159513,-0.369243,-0.840701,0.362541,0.007773,-0.239548,-0.316909,0.000273,0.038618,0.032061
6.640000,6.640000,step,1.570800,0.000000,1.570866,0.000000,-0.000036,-0.000000,-0.006458,-0.000000,0.679659,-1.353046,-10.111011,0.159719,-0.369157,-0.840524,0.362949,0.007740,-0.239544,-0.316914,0.000275,0.038417,0.031755
6.660000,6.660000,step,1.570800,0.000000,1.570866,0.000000,-0.000035,-0.000000,-0.006463,-0.000000,0.680570,-1.354161,-10.118822,0.159923,-0.369072,-0.840349,0.363352,0.007710,-0.239541,-0.316918,0.000274,0.038200,0.031470
6.680000,6.680000,step,1.570800,0.000000,1.570866,0.000000,-0.000033,-0.000000,-0.006469,-0.000000,0.681482,-1.355274,-10.126634,0.160128,-0.368987,-0.840173,0.363753,0.007682,-0.239538,-0.316922,0.000272,0.037967,0.031205
6.700000,6.700000,step,1.570800,0.000000,1.570866,0.000000,-0.000030,-0.000000,-0.006476,-0.000000,0.682397,-1.356385,-10.134448,0.160330,-0.368903,-0.840000,0.364149,0.007656,-0.239535,-0.316926,0.000267,0.037718,0.030962
6.720000,6.720000,step,1.570800,0.000000,1.570866,0.000000,-0.000028,-0.000000,-0.006482,-0.000000,0.683313,-1.357495,-10.142262,0.160532,-0.368818,-0.839827,0.364545,0.007631,-0.239532,-0.316929,0.000260,0.037455,0.030738
6.740000,6.740000,step,1.570800,0.000000,1.570866,0.000000,-0.000026,-0.000000,-0.006490,-0.000000,0.684232,-1.358603,-10.150075,0.160731,-0.368735,-0.839656,0.364937,0.007609,-0.239529,-0.316933,0.000251,0.037177,0.030535
6.760000,6.760000,step,1.570800,0.000000,1.570866,0.000000,-0.000023,-0.000000,-0.006497,-0.000000,0.685152,-1.359709,-10.157887,0.160929,-0.368651,-0.839485,0.365326,0.007587,-0.239527,-0.316937,0.000240,0.036887,0.030352
6.780000,6.780000,step,1.570800,0.000000,1.570866,0.000000,-0.000021,-0.000000,-0.006504,-0.000000,0.686074,-1.360814,-10.165699,0.161126,-0.368568,-0.839315,0.365713,0.007567,-0.239523,-0.316941,0.000229,0.036584,0.030188
6.800000,6.800000,step,1.570800,0.000000,1.570866,0.000000,-0.000018,-0.000000,-0.006512,-0.000000,0.686998,-1.361917,-10.173510,0.161320,-0.368485,-0.839147,0.366097,0.007547,-0.239520,-0.316944,0.000216,0.036270,0.030043
6.820000,6.820000,step,1.570800,0.000000,1.570866,0.000000,-0.000016,-0.000000,-0.006519,-0.000000,0.687924,-1.363019,-10.181323,0.161512,-0.368403,-0.838979,0.366480,0.007528,-0.239517,-0.316948,0.000203,0.035946,0.029914
6.840000,6.840000,step,1.570800,0.000000,1.570866,0.000000,-0.000014,-0.000000,-0.006526,-0.000000,0.688852,-1.364119,-10.189134,0.161701,-0.368322,-0.838813,0.366858,0.007508,-0.239514,-0.316952,0.000190,0.035613,0.029803
6.860000,6.860000,step,1.570800,0.000000,1.570866,0.000000,-0.000011,-0.000000,-0.006533,-0.000000,0.689782,-1.365218,-10.196948,0.161888,-0.368242,-0.838647,0.367236,0.007489,-0.239511,-0.316956,0.000177,0.035273,0.029707
6.880000,6.880000,step,1.570800,0.000000,1.570866,0.000000,-0.000009,-0.000000,-0.006539,-0.000000,0.690714,-1.366315,-10.204763,0.162072,-0.368163,-0.838482,0.367610,0.007469,-0.239508,-0.316959,0.000163,0.034926,0.029625
6.900000,6.900000,step,1.570800,0.000000,1.570866,0.000000,-0.000007,-0.000000,-0.006545,-0.000000,0.691647,-1.367410,-10.212578,0.162253,-0.368085,-0.838317,0.367983,0.007448,-0.239505,-0.316963,0.000149,0.034575,0.029556
6.920000,6.920000,step,1.570800,0.000000,1.570866,0.000000,-0.000006,0.000000,-0.006550,-0.000000,0.692582,-1.368504,-10.220390,0.162432,-0.368008,-0.838153,0.368354,0.007427,-0.239502,-0.316966,0.000134,0.034221,0.029499
6.940000,6.940000,step,1.570800,0.000000,1.570866,0.000000,-0.000004,-0.000000,-0.006555,-0.000000,0.693519,-1.369597,-10.228204,0.162608,-0.367931,-0.837990,0.368724,0.007405,-0.239499,-0.316970,0.000120,0.033864,0.029452
6.960000,6.960000,step,1.570800,0.000000,1.570866,0.000000,-0.000003,-0.000000,-0.006559,-0.000000,0.694457,-1.370688,-10.236017,0.162781,-0.367856,-0.837828,0.369092,0.007381,-0.239496,-0.316974,0.000106,0.033506,0.029414
6.980000,6.980000,step,1.570800,0.000000,1.570866,0.000000,-0.000002,0.000000,-0.006563,-0.000000,0.695398,-1.371778,-10.243830,0.162951,-0.367782,-0.837666,0.369458,0.007357,-0.239493,-0.316977,0.000092,0.033149,0.029383
7.000000,7.000000,step,1.570800,0.000000,1.570866,0.000000,-0.000001,0.000000,-0.006566,-0.000000,0.696340,-1.372865,-10.251642,0.163118,-0.367709,-0.837505,0.369821,0.007330,-0.239490,-0.316981,0.000079,0.032794,0.029358
7.020000,7.020000,step,1.570800,0.000000,1.570866,0.000000,-0.000000,0.000000,-0.006568,-0.000000,0.697283,-1.373952,-10.259456,0.163282,-0.367636,-0.837344,0.370186,0.007302,-0.239487,-0.316985,0.000067,0.032441,0.029338
7.040000,7.040000,step,1.570800,0.000000,1.570866,0.000000,0.000000,0.000000,-0.006569,-0.000000,0.698229,-1.375037,-10.267269,0.163443,-0.367566,-0.837184,0.370546,0.007272,-0.239484,-0.316989,0.000056,0.032094,0.029320
7.060000,7.060000,step,1.570800,0.000000,1.570866,0.000000,0.000000,0.000000,-0.006569,-0.000000,0.699176,-1.376121,-10.275083,0.163603,-0.367496,-0.837024,0.370907,0.007240,-0.239481,-0.316993,0.000044,0.031751,0.029305
7.080000,7.080000,step,1.570800,0.000000,1.570866,0.000000,-0.000000,0.000000,-0.006568,-0.000000,0.700125,-1.377203,-10.282894,0.163758,-0.367428,-0.836865,0.371265,0.007206,-0.239479,-0.316997,0.000033,0.031416,0.029289
7.100000,7.100000,step,1.570800,0.000000,1.570866,0.000000,-0.000001,-0.000000,-0.006567,-0.000000,0.701075,-1.378284,-10.290708,0.163911,-0.367360,-0.836706,0.371622,0.007170,-0.239476,-0.317001,0.000023,0.031088,0.029272
7.120000,7.120000,step,1.570800,0.000000,1.570866,0.000000,-0.000001,0.000000,-0.006565,-0.000000,0.702027,-1.379363,-10.298520,0.164061,-0.367294,-0.836548,0.371978,0.007132,-0.239474,-0.317005,0.000013,0.030769,0.029252
7.140000,7.140000,step,1.570800,0.000000,1.570866,0.000000,-0.000003,0.000000,-0.006562,-0.000000,0.702981,-1.380441,-10.306332,0.164208,-0.367228,-0.836390,0.372331,0.007091,-0.239471,-0.317010,0.000004,0.030459,0.029228
7.160000,7.160000,step,1.570800,0.000000,1.570866,0.000000,-0.000004,-0.000000,-0.006558,-0.000000,0.703936,-1.381517,-10.314144,0.164354,-0.367163,-0.836232,0.372686,0.007049,-0.239469,-0.317014,-0.000004,0.030160,0.029200
7.180000,7.180000,step,1.570800,0.000000,1.570866,0.000000,-0.000006,0.000000,-0.006553,-0.000000,0.704894,-1.382592,-10.321957,0.164495,-0.367100,-0.836076,0.373036,0.007004,-0.239466,-0.317019,-0.000011,0.029872,0.029165
7.200000,7.200000,step,1.570800,0.000000,1.570866,0.000000,-0.000008,0.000000,-0.006547,-0.000000,0.705852,-1.383665,-10.329770,0.164635,-0.367037,-0.835920,0.373385,0.006958,-0.239463,-0.317023,-0.000017,0.029596,0.029123
7.220000,7.220000,step,1.570800,0.000000,1.570866,0.000000,-0.000010,0.000000,-0.006541,-0.000000,0.706812,-1.384737,-10.337583,0.164774,-0.366975,-0.835764,0.373735,0.006910,-0.239461,-0.317028,-0.000023,0.029331,0.029072
7.240000,7.240000,step,1.570800,0.000000,1.570866,0.000000,-0.000012,0.000000,-0.006534,-0.000000,0.707774,-1.385808,-10.345396,0.164909,-0.366915,-0.835609,0.374081,0.006859,-0.239459,-0.317032,-0.000027,0.029080,0.029013
7.260000,7.260000,step,1.570800,0.000000,1.570866,0.000000,-0.000015,-0.000000,-0.006526,-0.000000,0.708738,-1.386877,-10.353208,0.165044,-0.366855,-0.835453,0.374427,0.006807,-0.239457,-0.317036,-0.000031,0.028841,0.028944
7.280000,7.280000,step,1.570800,0.000000,1.570866,0.000000,-0.000017,0.000000,-0.006518,-0.000000,0.709703,-1.387945,-10.361017,0.165177,-0.366795,-0.835299,0.374772,0.006754,-0.239454,-0.317041,-0.000035,0.028615,0.028864
7.300000,7.300000,step,1.570800,0.000000,1.570866,0.000000,-0.000020,0.000000,-0.006509,-0.000000,0.710669,-1.389011,-10.368830,0.165307,-0.366736,-0.835145,0.375115,0.006698,-0.239452,-0.317045,-0.000038,0.028403,0.028774
7.320000,7.320000,step,1.570800,0.000000,1.570866,0.000000,-0.000024,-0.000000,-0.006500,-0.000000,0.711637,-1.390076,-10.376642,0.165437,-0.366677,-0.834991,0.375457,0.006642,-0.239449,-0.317050,-0.000040,0.028204,0.028672
7.340000,7.340000,step,1.570800,0.000000,1.570866,0.000000,-0.000027,0.000000,-0.006490,-0.000000,0.712607,-1.391139,-10.384456,0.165565,-0.366619,-0.834839,0.375796,0.006584,-0.239446,-0.317055,-0.000041,0.028018,0.028559
7.360000,7.360000,step,1.570800,0.000000,1.570866,0.000000,-0.000030,-0.000000,-0.006480,-0.000000,0.713579,-1.392201,-10.392268,0.165693,-0.366561,-0.834686,0.376134,0.006526,-0.239444,-0.317059,-0.000041,0.027844,0.028434
7.380000,7.380000,step,1.570800,0.000000,1.570866,0.000000,-0.000034,-0.000000,-0.006470,-0.000000,0.714552,-1.393261,-10.400081,0.165820,-0.366503,-0.834534,0.376472,0.006467,-0.239441,-0.317064,-0.000041,0.027683,0.028297
7.400000,7.400000,step,1.570800,0.000000,1.570866,0.000000,-0.000037,-0.000000,-0.006460,-0.000000,0.715527,-1.394320,-10.407892,0.165946,-0.366446,-0.834384,0.376806,0.006407,-0.239439,-0.317068,-0.000039,0.027534,0.028149
7.420000,7.420000,step,1.570800,0.000000,1.570866,0.000000,-0.000041,-0.000000,-0.006449,-0.000000,0.716503,-1.395378,-10.415707,0.166071,-0.366389,-0.834234,0.377138,0.006346,-0.239436,-0.317073,-0.000037,0.027395,0.027990
7.440000,7.440000,step,1.570800,0.000000,1.570865,0.000000,-0.000043,-0.000000,-0.006416,-0.000000,0.717481,-1.396433,-10.423520,0.166196,-0.366333,-0.834084,0.377470,0.006286,-0.239434,-0.317077,-0.000034,0.027268,0.027820
7.460000,7.460000,step,1.570800,0.000000,1.570864,0.000000,-0.000044,-0.000000,-0.006318,-0.000000,0.718460,-1.397488,-10.431332,0.166320,-0.366277,-0.833935,0.377797,0.006225,-0.239432,-0.317081,-0.000032,0.027151,0.027637
7.480000,7.480000,step,1.570800,0.000000,1.570863,0.000000,-0.000044,-0.000000,-0.006221,-0.000000,0.719441,-1.398541,-10.439143,0.166443,-0.366220,-0.833787,0.378125,0.006163,-0.239430,-0.317085,-0.000029,0.027043,0.027444
7.500000,7.500000,step,1.570800,0.000000,1.570862,0.000000,-0.000045,-0.000000,-0.006124,-0.000000,0.720423,-1.399592,-10.446956,0.166567,-0.366164,-0.833639,0.378451,0.006103,-0.239427,-0.317089,-0.000025,0.026945,0.027241
7.520000,7.520000,step,1.570800,0.000000,1.570861,0.000000,-0.000045,-0.000000,-0.006028,-0.000000,0.721407,-1.400643,-10.454768,0.166690,-0.366107,-0.833493,0.378773,0.006042,-0.239424,-0.317093,-0.000021,0.026854,0.027029
7.540000,7.540000,step,1.570800,0.000000,1.570860,0.000000,-0.000045,-0.000000,-0.005921,-0.000000,0.722392,-1.401691,-10.462582,0.166814,-0.366050,-0.833347,0.379094,0.005983,-0.239421,-0.317097,-0.000016,0.026770,0.026809
7.560000,7.560000,step,1.570800,0.000000,1.570859,0.000000,-0.000045,-0.000000,-0.005826,-0.000000,0.723379,-1.402738,-10.470395,0.166938,-0.365994,-0.833203,0.379411,0.005924,-0.239419,-0.317102,-0.000011,0.026692,0.026581
7.580000,7.580000,step,1.570800,0.000000,1.570858,0.000000,-0.000045,-0.000000,-0.005730,-0.000000,0.724368,-1.403784,-10.478206,0.167061,-0.365937,-0.833060,0.379726,0.005866,-0.239416,-0.317106,-0.000005,0.026619,0.026347
7.600000,7.600000,step,1.570800,0.000000,1.570857,0.000000,-0.000045,-0.000000,-0.005635,-0.000000,0.725358,-1.404828,-10.486017,0.167186,-0.365879,-0.832917,0.380040,0.005809,-0.239413,-0.317110,0.000002,0.026551,0.026107
7.620000,7.620000,step,1.570800,0.000000,1.570856,0.000000,-0.000045,-0.000000,-0.005541,-0.000000,0.726349,-1.405871,-10.493830,0.167310,-0.365823,-0.832775,0.380350,0.005753,-0.239410,-0.317113,0.000008,0.026485,0.025862
7.640000,7.640000,step,1.570800,0.000000,1.570855,0.000000,-0.000044,-0.000000,-0.005446,-0.000000,0.727342,-1.406913,-10.501642,0.167434,-0.365765,-0.832634,0.380659,0.005699,-0.239407,-0.317117,0.000015,0.026422,0.025614
7.660000,7.660000,step,1.570800,0.000000,1.570855,0.000000,-0.000043,-0.000000,-0.005353,-0.000000,0.728337,-1.407953,-10.509456,0.167559,-0.365707,-0.832494,0.380967,0.005645,-0.239405,-0.317121,0.000022,0.026360,0.025362
7.680000,7.680000,step,1.570800,0.000000,1.570854,0.000000,-0.000043,-0.000000,-0.005282,-0.000000,0.729333,-1.408991,-10.517267,0.167684,-0.365650,-0.832355,0.381269,0.005594,-0.239402,-0.317124,0.000029,0.026300,0.025108
7.700000,7.700000,step,1.570800,0.000000,1.570853,0.000000,-0.000043,-0.000000,-0.005211,-0.000000,0.730330,-1.410029,-10.525080,0.167811,-0.365593,-0.832217,0.381571,0.005544,-0.239400,-0.317127,0.000036,0.026239,0.024853
7.720000,7.720000,step,1.570800,0.000000,1.570853,0.000000,-0.000043,-0.000000,-0.005151,-0.000000,0.731329,-1.411065,-10.532892,0.167938,-0.365535,-0.832079,0.381872,0.005495,-0.239398,-0.317130,0.000043,0.026177,0.024598
7.740000,7.740000,step,1.570800,0.000000,1.570852,0.000000,-0.000043,-0.000000,-0.005092,-0.000000,0.732329,-1.412099,-10.540705,0.168064,-0.365478,-0.831942,0.382168,0.005448,-0.239395,-0.317133,0.000048,0.026114,0.024343
7.760000,7.760000,step,1.570800,0.000000,1.570852,0.000000,-0.000043,-0.000000,-0.005044,-0.000000,0.733330,-1.413133,-10.548518,0.168191,-0.365419,-0.831807,0.382463,0.005403,-0.239393,-0.317136,0.000054,0.026048,0.024090
7.780000,7.780000,step,1.570800,0.000000,1.570851,0.000000,-0.000043,-0.000000,-0.004997,-0.000000,0.734333,-1.414164,-10.556331,0.168319,-0.365361,-0.831673,0.382754,0.005360,-0.239391,-0.317139,0.000059,0.025980,0.023839
7.800000,7.800000,step,1.570800,0.000000,1.570851,0.000000,-0.000043,-0.000000,-0.004950,-0.000000,0.735337,-1.415195,-10.564144,0.168446,-0.365303,-0.831539,0.383043,0.005318,-0.239389,-0.317142,0.000064,0.025907,0.023591
7.820000,7.820000,step,1.570800,0.000000,1.570850,0.000000,-0.000042,-0.000000,-0.004904,-0.000000,0.736343,-1.416224,-10.571958,0.168575,-0.365244,-0.831406,0.383331,0.005279,-0.239387,-0.317144,0.000068,0.025830,0.023347
7.840000,7.840000,step,1.570800,0.000000,1.570850,0.000000,-0.000042,-0.000000,-0.004880,-0.000000,0.737350,-1.417251,-10.579767,0.168703,-0.365186,-0.831275,0.383616,0.005241,-0.239385,-0.317147,0.000072,0.025748,0.023108
7.860000,7.860000,step,1.570800,0.000000,1.570850,0.000000,-0.000042,0.000000,-0.004857,-0.000000,0.738358,-1.418278,-10.587579,0.168831,-0.365127,-0.831144,0.383899,0.005205,-0.239383,-0.317149,0.000075,0.025662,0.022874
7.880000,7.880000,step,1.570800,0.000000,1.570850,0.000000,-0.000042,-0.000000,-0.004845,-0.000000,0.739367,-1.419303,-10.595388,0.168960,-0.365068,-0.831013,0.384181,0.005170,-0.239381,-0.317151,0.000078,0.025569,0.022647
7.900000,7.900000,step,1.570800,0.000000,1.570849,0.000000,-0.000042,-0.000000,-0.004833,-0.000000,0.740378,-1.420327,-10.603202,0.169088,-0.365009,-0.830885,0.384457,0.005137,-0.239379,-0.317154,0.000080,0.025471,0.022426
7.920000,7.920000,step,1.570800,0.000000,1.570849,0.000000,-0.000042,-0.000000,-0.004821,-0.000000,0.741390,-1.421350,-10.611014,0.169217,-0.364950,-0.830757,0.384733,0.005107,-0.239377,-0.317156,0.000082,0.025366,0.022212
7.940000,7.940000,step,1.570800,0.000000,1.570849,0.000000,-0.000042,0.000000,-0.004821,-0.000000,0.742404,-1.422371,-10.618827,0.169346,-0.364890,-0.830630,0.385008,0.005078,-0.239375,-0.317159,0.000084,0.025254,0.022007
7.960000,7.960000,step,1.570800,0.000000,1.570849,0.000000,-0.000042,-0.000000,-0.004822,-0.000000,0.743419,-1.423391,-10.626640,0.169473,-0.364832,-0.830504,0.385280,0.005050,-0.239373,-0.317161,0.000086,0.025135,0.021809
7.980000,7.980000,step,1.570800,0.000000,1.570849,0.000000,-0.000042,0.000000,-0.004822,-0.000000,0.744434,-1.424410,-10.634453,0.169602,-0.364773,-0.830378,0.385550,0.005023,-0.239372,-0.317163,0.000087,0.025010,0.021620
8.000000,8.000000,step,1.570800,0.000000,1.570849,0.000000,-0.000041,-0.000000,-0.004823,-0.000000,0.745451,-1.425428,-10.642266,0.169729,-0.364714,-0.830253,0.385818,0.004998,-0.239370,-0.317165,0.000088,0.024879,0.021439
8.020000,8.020000,step,1.570800,0.000000,1.570849,0.000000,-0.000041,-0.000000,-0.004824,-0.000000,0.746470,-1.426444,-10.650077,0.169856,-0.364656,-0.830129,0.386084,0.004974,-0.239368,-0.317167,0.000089,0.024740,0.021266
8.040000,8.040000,step,1.570800,0.000000,1.570849,0.000000,-0.000040,-0.000000,-0.004826,-0.000000,0.747489,-1.427459,-10.657889,0.169982,-0.364597,-0.830006,0.386349,0.004951,-0.239366,-0.317169,0.000090,0.024596,0.021103
8.060000,8.060000,step,1.570800,0.000000,1.570849,0.000000,-0.000040,-0.000000,-0.004827,-0.000000,0.748510,-1.428473,-10.665703,0.170108,-0.364539,-0.829884,0.386610,0.004929,-0.239365,-0.317171,0.000090,0.024445,0.020948
8.080000,8.080000,step,1.570800,0.000000,1.570849,0.000000,-0.000039,-0.000000,-0.004829,-0.000000,0.749532,-1.429486,-10.673515,0.170233,-0.364481,-0.829763,0.386870,0.004908,-0.239363,-0.317174,0.000090,0.024288,0.020802
8.100000,8.100000,step,1.570800,0.000000,1.570849,0.000000,-0.000038,-0.000000,-0.004832,-0.000000,0.750555,-1.430497,-10.681329,0.170358,-0.364423,-0.829641,0.387130,0.004888,-0.239361,-0.317176,0.000091,0.024124,0.020665
8.120000,8.120000,step,1.570800,0.000000,1.570849,0.000000,-0.000038,-0.000000,-0.004834,-0.000000,0.751579,-1.431508,-10.689140,0.170480,-0.364366,-0.829522,0.387385,0.004868,-0.239359,-0.317178,0.000091,0.023956,0.020537
8.140000,8.140000,step,1.570800,0.000000,1.570849,0.000000,-0.000037,-0.000000,-0.004836,-0.000000,0.752605,-1.432517,-10.696951,0.170602,-0.364309,-0.829403,0.387640,0.004849,-0.239358,-0.317179,0.000091,0.023782,0.020417
8.160000,8.160000,step,1.570800,0.000000,1.570849,0.000000,-0.000036,-0.000000,-0.004838,-0.000000,0.753631,-1.433525,-10.704762,0.170724,-0.364253,-0.829284,0.387893,0.004831,-0.239356,-0.317181,0.000091,0.023603,0.020305
8.180000,8.180000,step,1.570800,0.000000,1.570849,0.000000,-0.000035,-0.000000,-0.004840,-0.000000,0.754659,-1.434532,-10.712575,0.170843,-0.364198,-0.829167,0.388144,0.004812,-0.239355,-0.317183,0.000090,0.023420,0.020201
8.200000,8.200000,step,1.570800,0.000000,1.570849,0.000000,-0.000035,-0.000000,-0.004843,-0.000000,0.755687,-1.435538,-10.720388,0.170962,-0.364143,-0.829049,0.388394,0.004794,-0.239353,-0.317185,0.000089,0.023233,0.020104
8.220000,8.220000,step,1.570800,0.000000,1.570849,0.000000,-0.000034,-0.000000,-0.004844,-0.000000,0.756717,-1.436543,-10.728201,0.171080,-0.364088,-0.828932,0.388644,0.004776,-0.239352,-0.317186,0.000088,0.023044,0.020014
8.240000,8.240000,step,1.570800,0.000000,1.570849,0.000000,-0.000033,-0.000000,-0.004846,-0.000000,0.757748,-1.437546,-10.736013,0.171196,-0.364034,-0.828816,0.388889,0.004758,-0.239350,-0.317188,0.000087,0.022851,0.019931
8.260000,8.260000,step,1.570800,0.000000,1.570849,0.000000,-0.000033,-0.000000,-0.004848,-0.000000,0.758780,-1.438549,-10.743827,0.171311,-0.363980,-0.828701,0.389134,0.004740,-0.239349,-0.317190,0.000085,0.022657,0.019853
8.280000,8.280000,step,1.570800,0.000000,1.570849,0.000000,-0.000032,-0.000000,-0.004850,-0.000000,0.759813,-1.439550,-10.751637,0.171425,-0.363926,-0.828587,0.389378,0.004722,-0.239347,-0.317192,0.000084,0.022460,0.019782
8.300000,8.300000,step,1.570800,0.000000,1.570849,0.000000,-0.000032,-0.000000,-0.004852,-0.000000,0.760847,-1.440550,-10.759448,0.171536,-0.363874,-0.828473,0.389619,0.004703,-0.239346,-0.317194,0.000083,0.022261,0.019716
8.320000,8.320000,step,1.570800,0.000000,1.570849,0.000000,-0.000031,-0.000000,-0.004853,-0.000000,0.761882,-1.441549,-10.767261,0.171647,-0.363822,-0.828360,0.389861,0.004684,-0.239344,-0.317196,0.000082,0.022062,0.019654
8.340000,8.340000,step,1.570800,0.000000,1.570849,0.000000,-0.000031,-0.000000,-0.004853,-0.000000,0.762918,-1.442548,-10.775073,0.171757,-0.363770,-0.828246,0.390103,0.004664,-0.239343,-0.317197,0.000082,0.021863,0.019595
8.360000,8.360000,step,1.570800,0.000000,1.570849,0.000000,-0.000031,-0.000000,-0.004854,-0.000000,0.763955,-1.443545,-10.782886,0.171864,-0.363720,-0.828133,0.390341,0.004644,-0.239342,-0.317199,0.000081,0.021665,0.019540
8.380000,8.380000,step,1.570800,0.000000,1.570849,0.000000,-0.000031,-0.000000,-0.004854,-0.000000,0.764994,-1.444541,-10.790695,0.171971,-0.363670,-0.828021,0.390578,0.004623,-0.239341,-0.317200,0.000079,0.021469,0.019487
8.400000,8.400000,step,1.570800,0.000000,1.570849,0.000000,-0.000031,-0.000000,-0.004854,-0.000000,0.766033,-1.445536,-10.798511,0.172076,-0.363622,-0.827908,0.390816,0.004601,-0.239340,-0.317201,0.000077,0.021274,0.019436
8.420000,8.420000,step,1.570800,0.000000,1.570849,0.000000,-0.000031,-0.000000,-0.004853,-0.000000,0.767073,-1.446530,-10.806323,0.172180,-0.363573,-0.827797,0.391050,0.004579,-0.239339,-0.317203,0.000075,0.021081,0.019386
8.440000,8.440000,step,1.570800,0.000000,1.570849,0.000000,-0.000032,-0.000000,-0.004853,-0.000000,0.768114,-1.447523,-10.814136,0.172282,-0.363525,-0.827687,0.391283,0.004556,-0.239337,-0.317205,0.000073,0.020891,0.019337
8.460000,8.460000,step,1.570800,0.000000,1.570849,0.000000,-0.000032,-0.000000,-0.004851,-0.000000,0.769157,-1.448515,-10.821949,0.172383,-0.363477,-0.827577,0.391517,0.004532,-0.239336,-0.317206,0.000071,0.020704,0.019288
8.480000,8.480000,step,1.570800,0.000000,1.570849,0.000000,-0.000033,-0.000000,-0.004850,-0.000000,0.770200,-1.449506,-10.829762,0.172483,-0.363431,-0.827466,0.391749,0.004507,-0.239335,-0.317207,0.000068,0.020521,0.019239
8.500000,8.500000,step,1.570800,0.000000,1.570849,0.000000,-0.000033,-0.000000,-0.004848,-0.000000,0.771244,-1.450495,-10.837573,0.172580,-0.363385,-0.827357,0.391980,0.004481,-0.239334,-0.317209,0.000066,0.020342,0.019188
8.520000,8.520000,step,1.570800,0.000000,1.570849,0.000000,-0.000034,-0.000000,-0.004846,-0.000000,0.772289,-1.451484,-10.845384,0.172677,-0.363339,-0.827247,0.392210,0.004455,-0.239333,-0.317210,0.000063,0.020167,0.019136
8.540000,8.540000,step,1.570800,0.000000,1.570849,0.000000,-0.000035,-0.000000,-0.004843,-0.000000,0.773336,-1.452472,-10.853194,0.172773,-0.363294,-0.827138,0.392441,0.004428,-0.239332,-0.317212,0.000061,0.019998,0.019081
8.560000,8.560000,step,1.570800,0.000000,1.570849,0.000000,-0.000036,-0.000000,-0.004840,-0.000000,0.774383,-1.453459,-10.861007,0.172867,-0.363249,-0.827030,0.392668,0.004400,-0.239331,-0.317213,0.000058,0.019834,0.019024
8.580000,8.580000,step,1.570800,0.000000,1.570849,0.000000,-0.000037,-0.000000,-0.004837,-0.000000,0.775431,-1.454444,-10.868819,0.172960,-0.363206,-0.826922,0.392894,0.004370,-0.239331,-0.317214,0.000055,0.019675,0.018964
8.600000,8.600000,step,1.570800,0.000000,1.570849,0.000000,-0.000038,-0.000000,-0.004833,-0.000000,0.776480,-1.455429,-10.876632,0.173052,-0.363162,-0.826815,0.393120,0.004341,-0.239329,-0.317216,0.000052,0.019522,0.018900
8.620000,8.620000,step,1.570800,0.000000,1.570849,0.000000,-0.000040,-0.000000,-0.004829,-0.000000,0.777530,-1.456413,-10.884444,0.173144,-0.363119,-0.826707,0.393347,0.004310,-0.239328,-0.317217,0.000050,0.019374,0.018832
8.640000,8.640000,step,1.570800,0.000000,1.570849,0.000000,-0.000041,-0.000000,-0.004825,-0.000000,0.778581,-1.457395,-10.892257,0.173234,-0.363076,-0.826601,0.393569,0.004279,-0.239327,-0.317219,0.000048,0.019233,0.018760
8.660000,8.660000,step,1.570800,0.000000,1.570849,0.000000,-0.000043,-0.000000,-0.004821,-0.000000,0.779633,-1.458376,-10.900070,0.173323,-0.363034,-0.826496,0.393789,0.004248,-0.239326,-0.317220,0.000046,0.019096,0.018685
8.680000,8.680000,step,1.570800,0.000000,1.570849,0.000000,-0.000042,-0.000000,-0.004772,-0.000000,0.780686,-1.459357,-10.907881,0.173411,-0.362991,-0.826391,0.394010,0.004216,-0.239325,-0.317222,0.000044,0.018966,0.018604
8.700000,8.700000,step,1.570800,0.000000,1.570848,0.000000,-0.000042,-0.000000,-0.004724,-0.000000,0.781740,-1.460336,-10.915694,0.173499,-0.362949,-0.826286,0.394231,0.004184,-0.239323,-0.317223,0.000043,0.018841,0.018518
8.720000,8.720000,step,1.570800,0.000000,1.570848,0.000000,-0.000042,-0.000000,-0.004677,-0.000000,0.782795,-1.461315,-10.923508,0.173586,-0.362907,-0.826182,0.394448,0.004151,-0.239322,-0.317225,0.000042,0.018722,0.018429
8.740000,8.740000,step,1.570800,0.000000,1.570847,0.000000,-0.000042,-0.000000,-0.004629,-0.000000,0.783851,-1.462292,-10.931318,0.173672,-0.362867,-0.826079,0.394665,0.004117,-0.239321,-0.317226,0.000042,0.018607,0.018334
8.760000,8.760000,step,1.570800,0.000000,1.570847,0.000000,-0.000043,-0.000000,-0.004581,-0.000000,0.784907,-1.463268,-10.939132,0.173758,-0.362826,-0.825975,0.394881,0.004084,-0.239320,-0.317228,0.000041,0.018498,0.018236
8.780000,8.780000,step,1.570800,0.000000,1.570846,0.000000,-0.000043,-0.000000,-0.004533,-0.000000,0.785965,-1.464244,-10.946945,0.173843,-0.362785,-0.825872,0.395096,0.004050,-0.239319,-0.317229,0.000041,0.018395,0.018133
8.800000,8.800000,step,1.570800,0.000000,1.570846,0.000000,-0.000043,-0.000000,-0.004485,-0.000000,0.787023,-1.465218,-10.954756,0.173928,-0.362744,-0.825770,0.395310,0.004016,-0.239318,-0.317231,0.000040,0.018296,0.018025
8.820000,8.820000,step,1.570800,0.000000,1.570845,0.000000,-0.000043,-0.000000,-0.004437,-0.000000,0.788083,-1.466192,-10.962569,0.174012,-0.362704,-0.825669,0.395522,0.003982,-0.239317,-0.317232,0.000040,0.018201,0.017914
8.840000,8.840000,step,1.570800,0.000000,1.570845,0.000000,-0.000043,-0.000000,-0.004389,-0.000000,0.789143,-1.467164,-10.970382,0.174095,-0.362663,-0.825567,0.395734,0.003948,-0.239316,-0.317234,0.000041,0.018112,0.017798
8.860000,8.860000,step,1.570800,0.000000,1.570845,0.000000,-0.000043,-0.000000,-0.004340,-0.000000,0.790204,-1.468135,-10.978194,0.174179,-0.362622,-0.825466,0.395945,0.003914,-0.239314,-0.317236,0.000042,0.018026,0.017677
8.880000,8.880000,step,1.570800,0.000000,1.570844,0.000000,-0.000043,-0.000000,-0.004280,-0.000000,0.791267,-1.469106,-10.986006,0.174262,-0.362582,-0.825366,0.396153,0.003880,-0.239313,-0.317237,0.000043,0.017945,0.017553
8.900000,8.900000,step,1.570800,0.000000,1.570843,0.000000,-0.000043,-0.000000,-0.004234,-0.000000,0.792330,-1.470075,-10.993819,0.174345,-0.362543,-0.825267,0.396359,0.003847,-0.239312,-0.317239,0.000045,0.017867,0.017426
8.920000,8.920000,step,1.570800,0.000000,1.570843,0.000000,-0.000043,-0.000000,-0.004186,-0.000000,0.793394,-1.471043,-11.001632,0.174428,-0.362502,-0.825169,0.396565,0.003814,-0.239311,-0.317240,0.000046,0.017792,0.017295
8.940000,8.940000,step,1.570800,0.000000,1.570843,0.000000,-0.000043,-0.000000,-0.004139,-0.000000,0.794459,-1.472011,-11.009444,0.174512,-0.362462,-0.825070,0.396770,0.003782,-0.239310,-0.317242,0.000048,0.017720,0.017162
8.960000,8.960000,step,1.570800,0.000000,1.570842,0.000000,-0.000043,-0.000000,-0.004091,-0.000000,0.795524,-1.472978,-11.017258,0.174595,-0.362422,-0.824972,0.396973,0.003750,-0.239309,-0.317243,0.000050,0.017650,0.017027
8.980000,8.980000,step,1.570800,0.000000,1.570842,0.000000,-0.000043,-0.000000,-0.004044,-0.000000,0.796591,-1.473943,-11.025068,0.174677,-0.362383,-0.824876,0.397173,0.003718,-0.239308,-0.317244,0.000052,0.017581,0.016889
9.000000,9.000000,step,1.570800,0.000000,1.570841,0.000000,-0.000043,-0.000000,-0.003997,-0.000000,0.797659,-1.474908,-11.032880,0.174760,-0.362344,-0.824779,0.397372,0.003686,-0.239308,-0.317245,0.000053,0.017514,0.016750
9.020000,9.020000,step,1.570800,0.000000,1.570841,0.000000,-0.000042,-0.000000,-0.003950,-0.000000,0.798727,-1.475871,-11.040693,0.174843,-0.362305,-0.824683,0.397572,0.003656,-0.239307,-0.317246,0.000053,0.017449,0.016609
9.040000,9.040000,step,1.570800,0.000000,1.570840,0.000000,-0.000042,-0.000000,-0.003914,-0.000000,0.799796,-1.476834,-11.048505,0.174926,-0.362265,-0.824587,0.397771,0.003626,-0.239307,-0.317247,0.000053,0.017384,0.016467
9.060000,9.060000,step,1.570800,0.000000,1.570840,0.000000,-0.000042,-0.000000,-0.003879,-0.000000,0.800866,-1.477795,-11.056319,0.175008,-0.362226,-0.824492,0.397966,0.003596,-0.239306,-0.317248,0.000052,0.017320,0.016325
9.080000,9.080000,step,1.570800,0.000000,1.570840,0.000000,-0.000042,-0.000000,-0.003843,-0.000000,0.801937,-1.478756,-11.064132,0.175091,-0.362186,-0.824399,0.398160,0.003568,-0.239305,-0.317250,0.000052,0.017257,0.016182
9.100000,9.100000,step,1.570800,0.000000,1.570839,0.000000,-0.000042,-0.000000,-0.003807,-0.000000,0.803009,-1.479716,-11.071944,0.175173,-0.362146,-0.824305,0.398354,0.003539,-0.239304,-0.317251,0.000052,0.017193,0.016040
9.120000,9.120000,step,1.570800,0.000000,1.570839,0.000000,-0.000042,-0.000000,-0.003784,-0.000000,0.804081,-1.480675,-11.079755,0.175256,-0.362106,-0.824211,0.398547,0.003512,-0.239303,-0.317252,0.000052,0.017129,0.015898
9.140000,9.140000,step,1.570800,0.000000,1.570839,0.000000,-0.000042,-0.000000,-0.003760,-0.000000,0.805155,-1.481633,-11.087565,0.175337,-0.362067,-0.824120,0.398735,0.003486,-0.239302,-0.317253,0.000052,0.017064,0.015757
9.160000,9.160000,step,1.570800,0.000000,1.570838,0.000000,-0.000042,-0.000000,-0.003736,-0.000000,0.806229,-1.482589,-11.095379,0.175419,-0.362027,-0.824029,0.398924,0.003460,-0.239302,-0.317254,0.000053,0.016997,0.015617
9.180000,9.180000,step,1.570800,0.000000,1.570838,0.000000,-0.000042,-0.000000,-0.003712,-0.000000,0.807304,-1.483545,-11.103191,0.175502,-0.361987,-0.823938,0.399112,0.003436,-0.239301,-0.317255,0.000053,0.016930,0.015479
9.200000,9.200000,step,1.570800,0.000000,1.570838,0.000000,-0.000042,-0.000000,-0.003689,-0.000000,0.808380,-1.484501,-11.111003,0.175585,-0.361947,-0.823847,0.399300,0.003412,-0.239300,-0.317257,0.000054,0.016860,0.015342
9.220000,9.220000,step,1.570800,0.000000,1.570838,0.000000,-0.000042,-0.000000,-0.003676,-0.000000,0.809456,-1.485455,-11.118815,0.175666,-0.361907,-0.823758,0.399484,0.003388,-0.239298,-0.317258,0.000055,0.016789,0.015208
9.240000,9.240000,step,1.570800,0.000000,1.570838,0.000000,-0.000042,-0.000000,-0.003664,-0.000000,0.810534,-1.486408,-11.126627,0.175748,-0.361867,-0.823670,0.399666,0.003366,-0.239297,-0.317259,0.000056,0.016716,0.015077
9.260000,9.260000,step,1.570800,0.000000,1.570838,0.000000,-0.000042,-0.000000,-0.003653,-0.000000,0.811612,-1.487360,-11.134439,0.175830,-0.361827,-0.823582,0.399847,0.003345,-0.239296,-0.317260,0.000057,0.016641,0.014948
9.280000,9.280000,step,1.570800,0.000000,1.570838,0.000000,-0.000042,-0.000000,-0.003641,-0.000000,0.812691,-1.488311,-11.142251,0.175911,-0.361788,-0.823494,0.400028,0.003324,-0.239296,-0.317261,0.000059,0.016562,0.014823
9.300000,9.300000,step,1.570800,0.000000,1.570837,0.000000,-0.000042,-0.000000,-0.003629,-0.000000,0.813771,-1.489262,-11.150063,0.175993,-0.361749,-0.823407,0.400207,0.003304,-0.239295,-0.317262,0.000060,0.016482,0.014701
9.320000,9.320000,step,1.570800,0.000000,1.570837,0.000000,-0.000042,-0.000000,-0.003629,-0.000000,0.814851,-1.490211,-11.157876,0.176074,-0.361709,-0.823321,0.400383,0.003284,-0.239294,-0.317263,0.000061,0.016398,0.014582
9.340000,9.340000,step,1.570800,0.000000,1.570837,0.000000,-0.000042,-0.000000,-0.003628,-0.000000,0.815933,-1.491160,-11.165687,0.176155,-0.361670,-0.823235,0.400559,0.003266,-0.239294,-0.317264,0.000061,0.016312,0.014468
9.360000,9.360000,step,1.570800,0.000000,1.570837,0.000000,-0.000042,-0.000000,-0.003628,-0.000000,0.817014,-1.492108,-11.173499,0.176237,-0.361631,-0.823149,0.400736,0.003248,-0.239293,-0.317264,0.000061,0.016223,0.014357
9.380000,9.380000,step,1.570800,0.000000,1.570837,0.000000,-0.000042,-0.000000,-0.003618,-0.000000,0.818097,-1.493056,-11.181312,0.176318,-0.361592,-0.823064,0.400911,0.003231,-0.239293,-0.317265,0.000061,0.016131,0.014250
9.400000,9.400000,step,1.570800,0.000000,1.570837,0.000000,-0.000042,-0.000000,-0.003618,-0.000000,0.819180,-1.494002,-11.189124,0.176397,-0.361553,-0.822980,0.401082,0.003214,-0.239292,-0.317266,0.000061,0.016037,0.014147
9.420000,9.420000,step,1.570800,0.000000,1.570837,0.000000,-0.000042,-0.000000,-0.003618,-0.000000,0.820265,-1.494948,-11.196937,0.176475,-0.361514,-0.822897,0.401253,0.003197,-0.239290,-0.317267,0.000061,0.015940,0.014048
9.440000,9.440000,step,1.570800,0.000000,1.570837,0.000000,-0.000042,-0.000000,-0.003618,-0.000000,0.821349,-1.495893,-11.204748,0.176554,-0.361475,-0.822814,0.401425,0.003181,-0.239289,-0.317269,0.000062,0.015841,0.013952
9.460000,9.460000,step,1.570800,0.000000,1.570837,0.000000,-0.000042,-0.000000,-0.003618,-0.000000,0.822435,-1.496837,-11.212562,0.176633,-0.361436,-0.822730,0.401596,0.003166,-0.239288,-0.317270,0.000064,0.015739,0.013861
9.480000,9.480000,step,1.570800,0.000000,1.570837,0.000000,-0.000042,-0.000000,-0.003618,-0.000000,0.823521,-1.497780,-11.220374,0.176710,-0.361399,-0.822649,0.401762,0.003150,-0.239287,-0.317271,0.000065,0.015636,0.013773
9.500000,9.500000,step,1.570800,0.000000,1.570837,0.000000,-0.000041,-0.000000,-0.003619,-0.000000,0.824608,-1.498723,-11.228187,0.176786,-0.361362,-0.822568,0.401928,0.003134,-0.239287,-0.317272,0.000067,0.015530,0.013689
9.520000,9.520000,step,1.570800,0.000000,1.570837,0.000000,-0.000041,-0.000000,-0.003619,-0.000000,0.825696,-1.499664,-11.235999,0.176863,-0.361325,-0.822486,0.402095,0.003119,-0.239286,-0.317272,0.000068,0.015423,0.013608
9.540000,9.540000,step,1.570800,0.000000,1.570837,0.000000,-0.000041,-0.000000,-0.003619,-0.000000,0.826784,-1.500606,-11.243811,0.176940,-0.361287,-0.822404,0.402262,0.003105,-0.239286,-0.317273,0.000069,0.015314,0.013530
9.560000,9.560000,step,1.570800,0.000000,1.570837,0.000000,-0.000041,-0.000000,-0.003619,-0.000000,0.827873,-1.501546,-11.251624,0.177016,-0.361251,-0.822324,0.402426,0.003090,-0.239285,-0.317274,0.000069,0.015204,0.013456
9.580000,9.580000,step,1.570800,0.000000,1.570837,0.000000,-0.000041,-0.000000,-0.003620,-0.000000,0.828963,-1.502485,-11.259437,0.177090,-0.361215,-0.822244,0.402588,0.003076,-0.239285,-0.317274,0.000069,0.015093,0.013385
9.600000,9.600000,step,1.570800,0.000000,1.570837,0.000000,-0.000041,-0.000000,-0.003620,-0.000000,0.830054,-1.503423,-11.267248,0.177165,-0.361179,-0.822165,0.402749,0.003062,-0.239285,-0.317275,0.000069,0.014980,0.013317
9.620000,9.620000,step,1.570800,0.000000,1.570837,0.000000,-0.000041,-0.000000,-0.003620,-0.000000,0.831145,-1.504360,-11.275061,0.177239,-0.361143,-0.822086,0.402911,0.003048,-0.239284,-0.317275,0.000068,0.014866,0.013252
9.640000,9.640000,step,1.570800,0.000000,1.570837,0.000000,-0.000041,-0.000000,-0.003621,-0.000000,0.832236,-1.505297,-11.282872,0.177313,-0.361108,-0.822006,0.403072,0.003034,-0.239284,-0.317275,0.000066,0.014752,0.013190
9.660000,9.660000,step,1.570800,0.000000,1.570837,0.000000,-0.000041,-0.000000,-0.003621,-0.000000,0.833329,-1.506233,-11.290686,0.177385,-0.361074,-0.821928,0.403230,0.003019,-0.239284,-0.317276,0.000064,0.014637,0.013130
9.680000,9.680000,step,1.570800,0.000000,1.570837,0.000000,-0.000041,-0.000000,-0.003621,-0.000000,0.834422,-1.507169,-11.298498,0.177456,-0.361039,-0.821851,0.403387,0.003004,-0.239284,-0.317276,0.000061,0.014522,0.013073
9.700000,9.700000,step,1.570800,0.000000,1.570837,0.000000,-0.000041,-0.000000,-0.003621,-0.000000,0.835516,-1.508103,-11.306311,0.177527,-0.361005,-0.821774,0.403544,0.002990,-0.239284,-0.317276,0.000058,0.014406,0.013017
9.720000,9.720000,step,1.570800,0.000000,1.570837,0.000000,-0.000041,-0.000000,-0.003620,-0.000000,0.836610,-1.509037,-11.314124,0.177597,-0.360971,-0.821696,0.403701,0.002975,-0.239284,-0.317277,0.000055,0.014291,0.012963
9.740000,9.740000,step,1.570800,0.000000,1.570837,0.000000,-0.000041,-0.000000,-0.003620,-0.000000,0.837704,-1.509971,-11.321934,0.177667,-0.360937,-0.821618,0.403859,0.002960,-0.239284,-0.317277,0.000052,0.014177,0.012910
9.760000,9.760000,step,1.570800,0.000000,1.570837,0.000000,-0.000041,-0.000000,-0.003619,-0.000000,0.838800,-1.510903,-11.329746,0.177734,-0.360903,-0.821544,0.404011,0.002945,-0.239283,-0.317278,0.000049,0.014063,0.012858
9.780000,9.780000,step,1.570800,0.000000,1.570837,0.000000,-0.000041,-0.000000,-0.003619,-0.000000,0.839896,-1.511834,-11.337559,0.177802,-0.360869,-0.821469,0.404164,0.002930,-0.239282,-0.317279,0.000046,0.013950,0.012808
9.800000,9.800000,step,1.570800,0.000000,1.570837,0.000000,-0.000042,-0.000000,-0.003618,-0.000000,0.840993,-1.512765,-11.345372,0.177868,-0.360836,-0.821394,0.404316,0.002914,-0.239281,-0.317280,0.000045,0.013838,0.012758
9.820000,9.820000,step,1.570800,0.000000,1.570837,0.000000,-0.000042,-0.000000,-0.003618,-0.000000,0.842090,-1.513695,-11.353186,0.177935,-0.360803,-0.821319,0.404469,0.002899,-0.239280,-0.317281,0.000044,0.013727,0.012709
9.840000,9.840000,step,1.570800,0.000000,1.570837,0.000000,-0.000042,-0.000000,-0.003617,-0.000000,0.843188,-1.514625,-11.360997,0.178001,-0.360770,-0.821244,0.404621,0.002883,-0.239279,-0.317282,0.000044,0.013617,0.012661
9.860000,9.860000,step,1.570800,0.000000,1.570837,0.000000,-0.000042,-0.000000,-0.003605,-0.000000,0.844286,-1.515554,-11.368811,0.178065,-0.360738,-0.821171,0.404770,0.002867,-0.239278,-0.317283,0.000044,0.013508,0.012612
9.880000,9.880000,step,1.570800,0.000000,1.570837,0.000000,-0.000042,-0.000000,-0.003593,-0.000000,0.845386,-1.516482,-11.376623,0.178128,-0.360707,-0.821098,0.404918,0.002850,-0.239278,-0.317284,0.000044,0.013402,0.012563
9.900000,9.900000,step,1.570800,0.000000,1.570837,0.000000,-0.000042,-0.000000,-0.003581,-0.000000,0.846485,-1.517410,-11.384436,0.178191,-0.360675,-0.821025,0.405067,0.002832,-0.239277,-0.317284,0.000045,0.013297,0.012514
9.920000,9.920000,step,1.570800,0.000000,1.570837,0.000000,-0.000042,-0.000000,-0.003557,-0.000000,0.847586,-1.518337,-11.392248,0.178254,-0.360644,-0.820952,0.405215,0.002815,-0.239276,-0.317285,0.000046,0.013195,0.012464
9.940000,9.940000,step,1.570800,0.000000,1.570837,0.000000,-0.000042,-0.000000,-0.003545,-0.000000,0.848686,-1.519263,-11.400060,0.178316,-0.360612,-0.820879,0.405365,0.002798,-0.239275,-0.317287,0.000047,0.013095,0.012413
9.960000,9.960000,step,1.570800,0.000000,1.570836,0.000000,-0.000042,-0.000000,-0.003521,-0.000000,0.849787,-1.520189,-11.407873,0.178378,-0.360581,-0.820805,0.405514,0.002780,-0.239274,-0.317288,0.000050,0.012997,0.012360
9.980000,9.980000,step,1.570800,0.000000,1.570836,0.000000,-0.000042,-0.000000,-0.003497,-0.000000,0.850890,-1.521113,-11.415686,0.178437,-0.360551,-0.820734,0.405659,0.002760,-0.239273,-0.317289,0.000052,0.012903,0.012307
10.000000,10.000000,step,1.570800,0.000000,1.570836,0.000000,-0.000042,-0.000000,-0.003473,-0.000000,0.851992,-1.522037,-11.423498,0.178497,-0.360522,-0.820662,0.405804,0.002741,-0.239273,-0.317290,0.000055,0.012811,0.012251
10.020000,10.020000,step,1.570800,0.000000,1.570836,0.000000,-0.000042,-0.000000,-0.003449,-0.000000,0.853096,-1.522961,-11.431311,0.178556,-0.360492,-0.820590,0.405949,0.002722,-0.239272,-0.317291,0.000057,0.012723,0.012193
10.040000,10.040000,step,1.570800,0.000000,1.570835,0.000000,-0.000042,-0.000000,-0.003426,-0.000000,0.854199,-1.523883,-11.439122,0.178616,-0.360462,-0.820519,0.406094,0.002703,-0.239271,-0.317291,0.000060,0.012637,0.012134
10.060000,10.060000,step,1.570800,0.000000,1.570835,0.000000,-0.000042,-0.000000,-0.003402,-0.000000,0.855304,-1.524805,-11.446935,0.178675,-0.360432,-0.820448,0.406238,0.002684,-0.239271,-0.317292,0.000063,0.012554,0.012073
10.080000,10.080000,step,1.570800,0.000000,1.570835,0.000000,-0.000042,-0.000000,-0.003378,-0.000000,0.856409,-1.525726,-11.454747,0.178733,-0.360404,-0.820377,0.406380,0.002665,-0.239270,-0.317293,0.000066,0.012473,0.012011
10.100000,10.100000,step,1.570800,0.000000,1.570835,0.000000,-0.000042,-0.000000,-0.003354,-0.000000,0.857515,-1.526646,-11.462560,0.178791,-0.360376,-0.820308,0.406520,0.002645,-0.239270,-0.317294,0.000069,0.012396,0.011946
10.120000,10.120000,step,1.570800,0.000000,1.570834,0.000000,-0.000042,-0.000000,-0.003331,-0.000000,0.858621,-1.527566,-11.470372,0.178848,-0.360348,-0.820238,0.406660,0.002625,-0.239270,-0.317294,0.000071,0.012320,0.011880
10.140000,10.140000,step,1.570800,0.000000,1.570834,0.000000,-0.000042,-0.000000,-0.003307,-0.000000,0.859728,-1.528485,-11.478184,0.178905,-0.360320,-0.820168,0.406800,0.002605,-0.239270,-0.317294,0.000072,0.012247,0.011812
10.160000,10.160000,step,1.570800,0.000000,1.570834,0.000000,-0.000042,-0.000000,-0.003271,-0.000000,0.860835,-1.529403,-11.485997,0.178963,-0.360292,-0.820099,0.406939,0.002585,-0.239270,-0.317295,0.000073,0.012177,0.011742
10.180000,10.180000,step,1.570800,0.000000,1.570834,0.000000,-0.000042,-0.000000,-0.003247,-0.000000,0.861943,-1.530321,-11.493810,0.179020,-0.360264,-0.820029,0.407079,0.002566,-0.239270,-0.317295,0.000073,0.012109,0.011670
10.200000,10.200000,step,1.570800,0.000000,1.570833,0.000000,-0.000042,-0.000000,-0.003224,-0.000000,0.863051,-1.531238,-11.501623,0.179077,-0.360237,-0.819961,0.407216,0.002546,-0.239269,-0.317295,0.000073,0.012043,0.011597
10.220000,10.220000,step,1.570800,0.000000,1.570833,0.000000,-0.000042,-0.000000,-0.003187,-0.000000,0.864160,-1.532154,-11.509436,0.179132,-0.360210,-0.819893,0.407352,0.002525,-0.239269,-0.317296,0.000072,0.011979,0.011521
10.240000,10.240000,step,1.570800,0.000000,1.570833,0.000000,-0.000042,-0.000000,-0.003163,-0.000000,0.865270,-1.533070,-11.517247,0.179187,-0.360183,-0.819826,0.407487,0.002505,-0.239269,-0.317296,0.000071,0.011918,0.011444
10.260000,10.260000,step,1.570800,0.000000,1.570832,0.000000,-0.000042,-0.000000,-0.003140,-0.000000,0.866380,-1.533985,-11.525061,0.179242,-0.360156,-0.819759,0.407622,0.002485,-0.239269,-0.317296,0.000069,0.011859,0.011366
10.280000,10.280000,step,1.570800,0.000000,1.570832,0.000000,-0.000042,-0.000000,-0.003104,-0.000000,0.867491,-1.534899,-11.532873,0.179298,-0.360129,-0.819691,0.407757,0.002465,-0.239269,-0.317296,0.000068,0.011801,0.011285
10.300000,10.300000,step,1.570800,0.000000,1.570832,0.000000,-0.000042,-0.000000,-0.003080,-0.000000,0.868602,-1.535813,-11.540687,0.179353,-0.360102,-0.819624,0.407892,0.002445,-0.239269,-0.317297,0.000065,0.011746,0.011203
10.320000,10.320000,step,1.570800,0.000000,1.570832,0.000000,-0.000042,-0.000000,-0.003057,-0.000000,0.869713,-1.536726,-11.548500,0.179408,-0.360075,-0.819557,0.408025,0.002426,-0.239269,-0.317297,0.000063,0.011693,0.011120
10.340000,10.340000,step,1.570800,0.000000,1.570831,0.000000,-0.000042,-0.000000,-0.003033,-0.000000,0.870826,-1.537638,-11.556313,0.179462,-0.360048,-0.819493,0.408153,0.002407,-0.239269,-0.317297,0.000061,0.011640,0.011035
10.360000,10.360000,step,1.570800,0.000000,1.570831,0.000000,-0.000042,-0.000000,-0.003009,-0.000000,0.871939,-1.538550,-11.564124,0.179516,-0.360022,-0.819429,0.408282,0.002388,-0.239269,-0.317298,0.000058,0.011588,0.010950
10.380000,10.380000,step,1.570800,0.000000,1.570831,0.000000,-0.000042,-0.000000,-0.002984,-0.000000,0.873052,-1.539461,-11.571935,0.179570,-0.359995,-0.819365,0.408410,0.002369,-0.239269,-0.317298,0.000056,0.011537,0.010865
10.400000,10.400000,step,1.570800,0.000000,1.570831,0.000000,-0.000042,-0.000000,-0.002961,-0.000000,0.874166,-1.540371,-11.579747,0.179624,-0.359969,-0.819301,0.408538,0.002351,-0.239269,-0.317298,0.000053,0.011486,0.010779
10.420000,10.420000,step,1.570800,0.000000,1.570831,0.000000,-0.000042,-0.000000,-0.002949,-0.000000,0.875280,-1.541281,-11.587560,0.179679,-0.359942,-0.819237,0.408666,0.002333,-0.239269,-0.317298,0.000051,0.011436,0.010694
10.440000,10.440000,step,1.570800,0.000000,1.570830,0.000000,-0.000042,-0.000000,-0.002925,-0.000000,0.876395,-1.542189,-11.595371,0.179734,-0.359915,-0.819174,0.408793,0.002316,-0.239269,-0.317299,0.000048,0.011385,0.010608
10.460000,10.460000,step,1.570800,0.000000,1.570830,0.000000,-0.000042,-0.000000,-0.002914,-0.000000,0.877511,-1.543098,-11.603184,0.179787,-0.359888,-0.819112,0.408916,0.002299,-0.239268,-0.317299,0.000046,0.011334,0.010523
10.480000,10.480000,step,1.570800,0.000000,1.570830,0.000000,-0.000042,-0.000000,-0.002901,-0.000000,0.878627,-1.544005,-11.610996,0.179840,-0.359862,-0.819051,0.409039,0.002282,-0.239268,-0.317300,0.000043,0.011283,0.010438
10.500000,10.500000,step,1.570800,0.000000,1.570830,0.000000,-0.000042,-0.000000,-0.002878,-0.000000,0.879743,-1.544913,-11.618809,0.179893,-0.359836,-0.818989,0.409161,0.002266,-0.239268,-0.317300,0.000041,0.011232,0.010353
10.520000,10.520000,step,1.570800,0.000000,1.570830,0.000000,-0.000042,-0.000000,-0.002866,-0.000000,0.880860,-1.545819,-11.626622,0.179946,-0.359809,-0.818928,0.409284,0.002250,-0.239267,-0.317300,0.000039,0.011181,0.010270
10.540000,10.540000,step,1.570800,0.000000,1.570830,0.000000,-0.000042,-0.000000,-0.002854,-0.000000,0.881977,-1.546725,-11.634434,0.180000,-0.359782,-0.818867,0.409407,0.002234,-0.239267,-0.317301,0.000037,0.011129,0.010187
10.560000,10.560000,step,1.570800,0.000000,1.570830,0.000000,-0.000042,-0.000000,-0.002842,-0.000000,0.883095,-1.547631,-11.642246,0.180054,-0.359755,-0.818805,0.409530,0.002220,-0.239266,-0.317302,0.000036,0.011076,0.010105
10.580000,10.580000,step,1.570800,0.000000,1.570830,0.000000,-0.000042,-0.000000,-0.002830,-0.000000,0.884214,-1.548535,-11.650059,0.180107,-0.359728,-0.818746,0.409649,0.002205,-0.239266,-0.317302,0.000035,0.011022,0.010025
10.600000,10.600000,step,1.570800,0.000000,1.570829,0.000000,-0.000042,-0.000000,-0.002818,-0.000000,0.885333,-1.549439,-11.657871,0.180159,-0.359703,-0.818687,0.409766,0.002190,-0.239266,-0.317302,0.000034,0.010968,0.009945
10.620000,10.620000,step,1.570800,0.000000,1.570829,0.000000,-0.000042,-0.000000,-0.002818,-0.000000,0.886452,-1.550343,-11.665685,0.180211,-0.359677,-0.818628,0.409884,0.002176,-0.239266,-0.317302,0.000033,0.010913,0.009867
10.640000,10.640000,step,1.570800,0.000000,1.570829,0.000000,-0.000042,-0.000000,-0.002806,-0.000000,0.887572,-1.551246,-11.673496,0.180263,-0.359651,-0.818569,0.410001,0.002162,-0.239265,-0.317302,0.000031,0.010857,0.009791
10.660000,10.660000,step,1.570800,0.000000,1.570829,0.000000,-0.000042,-0.000000,-0.002795,-0.000000,0.888692,-1.552149,-11.681310,0.180316,-0.359624,-0.818510,0.410119,0.002149,-0.239265,-0.317303,0.000030,0.010800,0.009715
10.680000,10.680000,step,1.570800,0.000000,1.570829,0.000000,-0.000042,-0.000000,-0.002794,-0.000000,0.889813,-1.553051,-11.689121,0.180369,-0.359598,-0.818452,0.410236,0.002137,-0.239265,-0.317303,0.000029,0.010741,0.009642
10.700000,10.700000,step,1.570800,0.000000,1.570829,0.000000,-0.000042,-0.000000,-0.002794,-0.000000,0.890934,-1.553952,-11.696934,0.180421,-0.359571,-0.818393,0.410352,0.002124,-0.239264,-0.317304,0.000028,0.010682,0.009571
10.720000,10.720000,step,1.570800,0.000000,1.570829,0.000000,-0.000042,-0.000000,-0.002783,-0.000000,0.892056,-1.554852,-11.704746,0.180472,-0.359546,-0.818337,0.410465,0.002112,-0.239264,-0.317304,0.000027,0.010621,0.009502
10.740000,10.740000,step,1.570800,0.000000,1.570829,0.000000,-0.000042,-0.000000,-0.002782,-0.000000,0.893178,-1.555753,-11.712559,0.180523,-0.359520,-0.818280,0.410578,0.002100,-0.239263,-0.317304,0.000026,0.010560,0.009434
10.760000,10.760000,step,1.570800,0.000000,1.570829,0.000000,-0.000042,-0.000000,-0.002771,-0.000000,0.894301,-1.556652,-11.720372,0.180574,-0.359495,-0.818224,0.410690,0.002088,-0.239263,-0.317305,0.000026,0.010497,0.009368
10.780000,10.780000,step,1.570800,0.000000,1.570829,0.000000,-0.000042,-0.000000,-0.002771,-0.000000,0.895424,-1.557551,-11.728185,0.180624,-0.359470,-0.818167,0.410803,0.002076,-0.239263,-0.317305,0.000025,0.010434,0.009304
10.800000,10.800000,step,1.570800,0.000000,1.570829,0.000000,-0.000042,-0.000000,-0.002770,-0.000000,0.896547,-1.558450,-11.735996,0.180675,-0.359445,-0.818110,0.410916,0.002065,-0.239263,-0.317305,0.000025,0.010370,0.009242
10.820000,10.820000,step,1.570800,0.000000,1.570829,0.000000,-0.000042,-0.000000,-0.002770,-0.000000,0.897671,-1.559347,-11.743810,0.180726,-0.359419,-0.818053,0.411028,0.002053,-0.239263,-0.317305,0.000023,0.010305,0.009181
10.840000,10.840000,step,1.570800,0.000000,1.570829,0.000000,-0.000042,-0.000000,-0.002759,-0.000000,0.898795,-1.560245,-11.751621,0.180775,-0.359395,-0.817999,0.411137,0.002042,-0.239262,-0.317305,0.000022,0.010239,0.009121
10.860000,10.860000,step,1.570800,0.000000,1.570829,0.000000,-0.000042,-0.000000,-0.002759,-0.000000,0.899920,-1.561141,-11.759434,0.180823,-0.359370,-0.817945,0.411244,0.002031,-0.239262,-0.317306,0.000021,0.010173,0.009064
10.880000,10.880000,step,1.570800,0.000000,1.570829,0.000000,-0.000042,-0.000000,-0.002758,-0.000000,0.901046,-1.562037,-11.767247,0.180872,-0.359346,-0.817891,0.411352,0.002020,-0.239261,-0.317306,0.000020,0.010106,0.009008
10.900000,10.900000,step,1.570800,0.000000,1.570829,0.000000,-0.000042,-0.000000,-0.002746,-0.000000,0.902171,-1.562932,-11.775060,0.180920,-0.359321,-0.817837,0.411459,0.002009,-0.239261,-0.317307,0.000020,0.010039,0.008953
10.920000,10.920000,step,1.570800,0.000000,1.570829,0.000000,-0.000042,-0.000000,-0.002747,-0.000000,0.903297,-1.563828,-11.782872,0.180968,-0.359296,-0.817783,0.411567,0.001999,-0.239260,-0.317308,0.000020,0.009971,0.008900
10.940000,10.940000,step,1.570800,0.000000,1.570829,0.000000,-0.000042,-0.000000,-0.002747,-0.000000,0.904423,-1.564723,-11.790684,0.181017,-0.359271,-0.817729,0.411675,0.001989,-0.239259,-0.317308,0.000021,0.009902,0.008849
10.960000,10.960000,step,1.570800,0.000000,1.570829,0.000000,-0.000042,-0.000000,-0.002747,-0.000000,0.905550,-1.565617,-11.798496,0.181065,-0.359246,-0.817676,0.411782,0.001979,-0.239258,-0.317309,0.000023,0.009833,0.008800
10.980000,10.980000,step,1.570800,0.000000,1.570829,0.000000,-0.000042,-0.000000,-0.002747,-0.000000,0.906677,-1.566510,-11.806308,0.181112,-0.359221,-0.817624,0.411886,0.001969,-0.239258,-0.317310,0.000025,0.009763,0.008752
11.000000,11.000000,step,1.570800,0.000000,1.570829,0.000000,-0.000042,-0.000000,-0.002747,-0.000000,0.907805,-1.567403,-11.814120,0.181159,-0.359197,-0.817572,0.411989,0.001959,-0.239257,-0.317311,0.000028,0.009692,0.008706
11.020000,11.020000,step,1.570800,0.000000,1.570829,0.000000,-0.000042,-0.000000,-0.002747,-0.000000,0.908933,-1.568295,-11.821935,0.181205,-0.359172,-0.817521,0.412092,0.001949,-0.239256,-0.317312,0.000031,0.009621,0.008661
11.040000,11.040000,step,1.570800,0.000000,1.570829,0.000000,-0.000042,-0.000000,-0.002747,-0.000000,0.910062,-1.569187,-11.829747,0.181251,-0.359149,-0.817469,0.412195,0.001939,-0.239255,-0.317313,0.000035,0.009550,0.008618
11.060000,11.060000,step,1.570800,0.000000,1.570829,0.000000,-0.000042,-0.000000,-0.002747,-0.000000,0.911191,-1.570078,-11.837560,0.181296,-0.359125,-0.817417,0.412298,0.001929,-0.239255,-0.317313,0.000039,0.009478,0.008576
11.080000,11.080000,step,1.570800,0.000000,1.570829,0.000000,-0.000042,-0.000000,-0.002734,-0.000000,0.912320,-1.570969,-11.845373,0.181342,-0.359102,-0.817366,0.412401,0.001919,-0.239254,-0.317314,0.000043,0.009407,0.008534
11.100000,11.100000,step,1.570800,0.000000,1.570829,0.000000,-0.000042,-0.000000,-0.002735,-0.000000,0.913449,-1.571860,-11.853187,0.181387,-0.359079,-0.817314,0.412504,0.001910,-0.239254,-0.317315,0.000048,0.009336,0.008494
11.120000,11.120000,step,1.570800,0.000000,1.570829,0.000000,-0.000042,-0.000000,-0.002735,-0.000000,0.914580,-1.572750,-11.860999,0.181432,-0.359056,-0.817263,0.412604,0.001900,-0.239253,-0.317316,0.000052,0.009265,0.008455
11.140000,11.140000,step,1.570800,0.000000,1.570829,0.000000,-0.000042,-0.000000,-0.002735,-0.000000,0.915710,-1.573640,-11.868811,0.181475,-0.359034,-0.817214,0.412703,0.001889,-0.239253,-0.317316,0.000056,0.009194,0.008417
11.160000,11.160000,step,1.570800,0.000000,1.570828,0.000000,-0.000042,-0.000000,-0.002723,-0.000000,0.916841,-1.574529,-11.876625,0.181518,-0.359012,-0.817164,0.412801,0.001879,-0.239253,-0.317317,0.000060,0.009124,0.008378
11.180000,11.180000,step,1.570800,0.000000,1.570828,0.000000,-0.000042,-0.000000,-0.002723,-0.000000,0.917973,-1.575418,-11.884438,0.181561,-0.358991,-0.817114,0.412899,0.001868,-0.239253,-0.317317,0.000064,0.009054,0.008341
11.200000,11.200000,step,1.570800,0.000000,1.570828,0.000000,-0.000042,-0.000000,-0.002711,-0.000000,0.919104,-1.576306,-11.892250,0.181603,-0.358970,-0.817064,0.412997,0.001857,-0.239253,-0.317317,0.000066,0.008986,0.008303
11.220000,11.220000,step,1.570800,0.000000,1.570828,0.000000,-0.000042,-0.000000,-0.002700,-0.000000,0.920236,-1.577193,-11.900061,0.181646,-0.358949,-0.817015,0.413095,0.001846,-0.239253,-0.317317,0.000069,0.008918,0.008266
11.240000,11.240000,step,1.570800,0.000000,1.570828,0.000000,-0.000042,-0.000000,-0.002699,-0.000000,0.921368,-1.578081,-11.907873,0.181688,-0.358928,-0.816965,0.413193,0.001836,-0.239253,-0.317318,0.000070,0.008851,0.008228
11.260000,11.260000,step,1.570800,0.000000,1.570828,0.000000,-0.000042,-0.000000,-0.002687,-0.000000,0.922501,-1.578968,-11.915687,0.181731,-0.358907,-0.816915,0.413291,0.001825,-0.239253,-0.317318,0.000072,0.008785,0.008191
11.280000,11.280000,step,1.570800,0.000000,1.570828,0.000000,-0.000042,-0.000000,-0.002676,-0.000000,0.923634,-1.579854,-11.923500,0.181772,-0.358886,-0.816866,0.413387,0.001814,-0.239253,-0.317318,0.000072,0.008721,0.008153
11.300000,11.300000,step,1.570800,0.000000,1.570828,0.000000,-0.000042,-0.000000,-0.002675,-0.000000,0.924768,-1.580739,-11.931312,0.181812,-0.358866,-0.816819,0.413481,0.001803,-0.239252,-0.317318,0.000073,0.008657,0.008116
11.320000,11.320000,step,1.570800,0.000000,1.570828,0.000000,-0.000042,-0.000000,-0.002663,-0.000000,0.925902,-1.581624,-11.939124,0.181852,-0.358845,-0.816772,0.413575,0.001792,-0.239252,-0.317318,0.000074,0.008594,0.008078
11.340000,11.340000,step,1.570800,0.000000,1.570828,0.000000,-0.000042,-0.000000,-0.002651,-0.000000,0.927036,-1.582509,-11.946937,0.181892,-0.358825,-0.816724,0.413668,0.001780,-0.239252,-0.317319,0.000075,0.008531,0.008039
11.360000,11.360000,step,1.570800,0.000000,1.570828,0.000000,-0.000042,-0.000000,-0.002640,-0.000000,0.928171,-1.583393,-11.954748,0.181931,-0.358806,-0.816677,0.413762,0.001768,-0.239252,-0.317319,0.000075,0.008471,0.008001
11.380000,11.380000,step,1.570800,0.000000,1.570827,0.000000,-0.000042,-0.000000,-0.002628,-0.000000,0.929306,-1.584277,-11.962559,0.181971,-0.358786,-0.816629,0.413855,0.001756,-0.239252,-0.317319,0.000075,0.008411,0.007961
11.400000,11.400000,step,1.570800,0.000000,1.570827,0.000000,-0.000042,-0.000000,-0.002615,-0.000000,0.930441,-1.585160,-11.970371,0.182010,-0.358767,-0.816581,0.413949,0.001745,-0.239252,-0.317319,0.000075,0.008354,0.007921
11.420000,11.420000,step,1.570800,0.000000,1.570827,0.000000,-0.000042,-0.000000,-0.002603,-0.000000,0.931577,-1.586043,-11.978185,0.182049,-0.358747,-0.816534,0.414042,0.001733,-0.239252,-0.317319,0.000074,0.008297,0.007880
11.440000,11.440000,step,1.570800,0.000000,1.570827,0.000000,-0.000042,-0.000000,-0.002591,-0.000000,0.932713,-1.586926,-11.985996,0.182089,-0.358728,-0.816486,0.414135,0.001721,-0.239252,-0.317319,0.000073,0.008242,0.007839
11.460000,11.460000,step,1.570800,0.000000,1.570827,0.000000,-0.000042,-0.000000,-0.002568,-0.000000,0.933849,-1.587807,-11.993809,0.182126,-0.358709,-0.816442,0.414223,0.001709,-0.239253,-0.317319,0.000072,0.008188,0.007797
11.480000,11.480000,step,1.570800,0.000000,1.570827,0.000000,-0.000042,-0.000000,-0.002556,-0.000000,0.934987,-1.588688,-12.001621,0.182163,-0.358691,-0.816397,0.414310,0.001697,-0.239253,-0.317319,0.000071,0.008135,0.007754
11.500000,11.500000,step,1.570800,0.000000,1.570827,0.000000,-0.000042,-0.000000,-0.002544,-0.000000,0.936124,-1.589569,-12.009434,0.182200,-0.358673,-0.816353,0.414398,0.001685,-0.239253,-0.317319,0.000069,0.008082,0.007711
11.520000,11.520000,step,1.570800,0.000000,1.570827,0.000000,-0.000042,-0.000000,-0.002532,-0.000000,0.937261,-1.590449,-12.017247,0.182237,-0.358655,-0.816308,0.414485,0.001673,-0.239253,-0.317319,0.000066,0.008031,0.007668
11.540000,11.540000,step,1.570800,0.000000,1.570826,0.000000,-0.000042,-0.000000,-0.002532,-0.000000,0.938399,-1.591329,-12.025059,0.182274,-0.358636,-0.816263,0.414572,0.001661,-0.239253,-0.317319,0.000064,0.007980,0.007624
11.560000,11.560000,step,1.570800,0.000000,1.570826,0.000000,-0.000042,-0.000000,-0.002509,-0.000000,0.939538,-1.592209,-12.032871,0.182311,-0.358618,-0.816219,0.414660,0.001649,-0.239253,-0.317319,0.000062,0.007930,0.007579
11.580000,11.580000,step,1.570800,0.000000,1.570826,0.000000,-0.000042,-0.000000,-0.002497,-0.000000,0.940676,-1.593088,-12.040686,0.182347,-0.358600,-0.816174,0.414747,0.001637,-0.239254,-0.317319,0.000059,0.007882,0.007534
11.600000,11.600000,step,1.570800,0.000000,1.570826,0.000000,-0.000042,-0.000000,-0.002485,-0.000000,0.941815,-1.593967,-12.048499,0.182384,-0.358581,-0.816130,0.414834,0.001626,-0.239254,-0.317319,0.000056,0.007834,0.007488
11.620000,11.620000,step,1.570800,0.000000,1.570826,0.000000,-0.000042,-0.000000,-0.002473,-0.000000,0.942954,-1.594845,-12.056313,0.182421,-0.358563,-0.816085,0.414922,0.001614,-0.239254,-0.317319,0.000053,0.007787,0.007441
11.640000,11.640000,step,1.570800,0.000000,1.570826,0.000000,-0.000042,-0.000000,-0.002460,-0.000000,0.944094,-1.595723,-12.064125,0.182455,-0.358547,-0.816043,0.415004,0.001601,-0.239255,-0.317319,0.000050,0.007742,0.007394
11.660000,11.660000,step,1.570800,0.000000,1.570826,0.000000,-0.000042,-0.000000,-0.002436,-0.000000,0.945234,-1.596600,-12.071938,0.182490,-0.358530,-0.816000,0.415087,0.001589,-0.239256,-0.317318,0.000046,0.007697,0.007346
11.680000,11.680000,step,1.570800,0.000000,1.570825,0.000000,-0.000042,-0.000000,-0.002425,-0.000000,0.946374,-1.597477,-12.079751,0.182525,-0.358514,-0.815957,0.415169,0.001576,-0.239256,-0.317318,0.000041,0.007654,0.007298
11.700000,11.700000,step,1.570800,0.000000,1.570825,0.000000,-0.000042,-0.000000,-0.002413,-0.000000,0.947515,-1.598353,-12.087564,0.182560,-0.358498,-0.815915,0.415252,0.001564,-0.239257,-0.317317,0.000035,0.007611,0.007249
11.720000,11.720000,step,1.570800,0.000000,1.570825,0.000000,-0.000042,-0.000000,-0.002389,-0.000000,0.948656,-1.599229,-12.095378,0.182595,-0.358481,-0.815872,0.415335,0.001552,-0.239258,-0.317316,0.000029,0.007569,0.007198
11.740000,11.740000,step,1.570800,0.000000,1.570825,0.000000,-0.000042,-0.000000,-0.002377,-0.000000,0.949797,-1.600105,-12.103189,0.182630,-0.358464,-0.815830,0.415418,0.001540,-0.239258,-0.317316,0.000023,0.007529,0.007148
11.760000,11.760000,step,1.570800,0.000000,1.570825,0.000000,-0.000042,-0.000000,-0.002365,-0.000000,0.950938,-1.600980,-12.111004,0.182665,-0.358445,-0.815788,0.415500,0.001529,-0.239258,-0.317317,0.000017,0.007488,0.007097
11.780000,11.780000,step,1.570800,0.000000,1.570825,0.000000,-0.000042,-0.000000,-0.002354,-0.000000,0.952080,-1.601856,-12.118816,0.182700,-0.358427,-0.815746,0.415583,0.001518,-0.239258,-0.317317,0.000011,0.007448,0.007046
11.800000,11.800000,step,1.570800,0.000000,1.570825,0.000000,-0.000042,-0.000000,-0.002341,-0.000000,0.953222,-1.602730,-12.126630,0.182736,-0.358409,-0.815703,0.415666,0.001507,-0.239258,-0.317317,0.000007,0.007408,0.006995
11.820000,11.820000,step,1.570800,0.000000,1.570825,0.000000,-0.000042,-0.000000,-0.002341,-0.000000,0.954365,-1.603604,-12.134441,0.182769,-0.358393,-0.815663,0.415745,0.001496,-0.239258,-0.317317,0.000002,0.007369,0.006945
11.840000,11.840000,step,1.570800,0.000000,1.570824,0.000000,-0.000042,-0.000000,-0.002317,-0.000000,0.955508,-1.604477,-12.142252,0.182802,-0.358376,-0.815623,0.415823,0.001484,-0.239258,-0.317317,-0.000002,0.007330,0.006893
11.860000,11.860000,step,1.570800,0.000000,1.570824,0.000000,-0.000042,-0.000000,-0.002317,-0.000000,0.956651,-1.605350,-12.150066,0.182836,-0.358360,-0.815583,0.415902,0.001473,-0.239259,-0.317316,-0.000007,0.007292,0.006842
11.880000,11.880000,step,1.570800,0.000000,1.570824,0.000000,-0.000042,-0.000000,-0.002305,-0.000000,0.957795,-1.606223,-12.157880,0.182869,-0.358344,-0.815542,0.415980,0.001462,-0.239259,-0.317316,-0.000012,0.007254,0.006791
11.900000,11.900000,step,1.570800,0.000000,1.570824,0.000000,-0.000042,-0.000000,-0.002281,-0.000000,0.958938,-1.607095,-12.165693,0.182903,-0.358328,-0.815502,0.416058,0.001451,-0.239260,-0.317316,-0.000018,0.007216,0.006739
11.920000,11.920000,step,1.570800,0.000000,1.570824,0.000000,-0.000042,-0.000000,-0.002281,-0.000000,0.960082,-1.607967,-12.173505,0.182936,-0.358311,-0.815462,0.416136,0.001440,-0.239260,-0.317316,-0.000023,0.007179,0.006687
11.940000,11.940000,step,1.570800,0.000000,1.570824,0.000000,-0.000042,-0.000000,-0.002257,-0.000000,0.961227,-1.608839,-12.181315,0.182970,-0.358294,-0.815422,0.416214,0.001429,-0.239261,-0.317316,-0.000029,0.007142,0.006635
11.960000,11.960000,step,1.570800,0.000000,1.570824,0.000000,-0.000042,-0.000000,-0.002258,-0.000000,0.962371,-1.609710,-12.189129,0.183003,-0.358277,-0.815382,0.416292,0.001419,-0.239261,-0.317316,-0.000034,0.007106,0.006584
11.980000,11.980000,step,1.570800,0.000000,1.570824,0.000000,-0.000042,-0.000000,-0.002246,-0.000000,0.963516,-1.610581,-12.196941,0.183037,-0.358260,-0.815342,0.416371,0.001409,-0.239261,-0.317316,-0.000039,0.007069,0.006533
12.000000,12.000000,step,1.570800,0.000000,1.570824,0.000000,-0.000042,-0.000000,-0.002234,-0.000000,0.964661,-1.611452,-12.204755,0.183071,-0.358243,-0.815303,0.416448,0.001400,-0.239261,-0.317316,-0.000044,0.007032,0.006482
12.020000,12.020000,step,1.570800,0.000000,1.570823,0.000000,-0.000042,-0.000000,-0.002222,-0.000000,0.965807,-1.612322,-12.212568,0.183102,-0.358227,-0.815265,0.416521,0.001390,-0.239261,-0.317316,-0.000048,0.006996,0.006431
12.040000,12.040000,step,1.570800,0.000000,1.570823,0.000000,-0.000042,-0.000000,-0.002222,-0.000000,0.966953,-1.613191,-12.220380,0.183134,-0.358210,-0.815227,0.416595,0.001380,-0.239260,-0.317316,-0.000051,0.006959,0.006381
12.060000,12.060000,step,1.570800,0.000000,1.570823,0.000000,-0.000042,-0.000000,-0.002210,-0.000000,0.968099,-1.614060,-12.228191,0.183166,-0.358193,-0.815190,0.416669,0.001370,-0.239260,-0.317317,-0.000054,0.006923,0.006332
12.080000,12.080000,step,1.570800,0.000000,1.570823,0.000000,-0.000042,-0.000000,-0.002199,-0.000000,0.969246,-1.614929,-12.236004,0.183198,-0.358177,-0.815152,0.416743,0.001360,-0.239260,-0.317317,-0.000057,0.006886,0.006282
12.100000,12.100000,step,1.570800,0.000000,1.570823,0.000000,-0.000042,-0.000000,-0.002186,-0.000000,0.970393,-1.615797,-12.243816,0.183230,-0.358160,-0.815115,0.416816,0.001351,-0.239260,-0.317317,-0.000059,0.006849,0.006233
12.120000,12.120000,step,1.570800,0.000000,1.570823,0.000000,-0.000042,-0.000000,-0.002186,-0.000000,0.971540,-1.616666,-12.251630,0.183262,-0.358144,-0.815077,0.416890,0.001342,-0.239259,-0.317317,-0.000061,0.006813,0.006185
12.140000,12.140000,step,1.570800,0.000000,1.570823,0.000000,-0.000042,-0.000000,-0.002175,-0.000000,0.972687,-1.617533,-12.259441,0.183294,-0.358127,-0.815040,0.416964,0.001333,-0.239259,-0.317318,-0.000062,0.006776,0.006137
12.160000,12.160000,step,1.570800,0.000000,1.570823,0.000000,-0.000042,-0.000000,-0.002175,-0.000000,0.973835,-1.618401,-12.267255,0.183326,-0.358109,-0.815002,0.417038,0.001325,-0.239258,-0.317318,-0.000062,0.006739,0.006090
12.180000,12.180000,step,1.570800,0.000000,1.570823,0.000000,-0.000042,-0.000000,-0.002174,-0.000000,0.974982,-1.619268,-12.275067,0.183359,-0.358092,-0.814965,0.417111,0.001318,-0.239258,-0.317319,-0.000062,0.006701,0.006044
12.200000,12.200000,step,1.570800,0.000000,1.570823,0.000000,-0.000042,-0.000000,-0.002163,-0.000000,0.976130,-1.620134,-12.282876,0.183391,-0.358075,-0.814928,0.417184,0.001310,-0.239257,-0.317319,-0.000061,0.006663,0.005999
12.220000,12.220000,step,1.570800,0.000000,1.570823,0.000000,-0.000042,-0.000000,-0.002163,-0.000000,0.977279,-1.621001,-12.290688,0.183421,-0.358058,-0.814894,0.417252,0.001302,-0.239256,-0.317320,-0.000059,0.006624,0.005955
12.240000,12.240000,step,1.570800,0.000000,1.570823,0.000000,-0.000042,-0.000000,-0.002162,-0.000000,0.978427,-1.621866,-12.298499,0.183451,-0.358041,-0.814859,0.417321,0.001294,-0.239255,-0.317321,-0.000057,0.006585,0.005912
12.260000,12.260000,step,1.570800,0.000000,1.570823,0.000000,-0.000042,-0.000000,-0.002150,-0.000000,0.979576,-1.622732,-12.306313,0.183482,-0.358024,-0.814825,0.417390,0.001286,-0.239254,-0.317322,-0.000053,0.006545,0.005870
12.280000,12.280000,step,1.570800,0.000000,1.570823,0.000000,-0.000042,-0.000000,-0.002151,-0.000000,0.980726,-1.623597,-12.314126,0.183512,-0.358008,-0.814790,0.417458,0.001279,-0.239253,-0.317323,-0.000048,0.006505,0.005829
12.300000,12.300000,step,1.570800,0.000000,1.570823,0.000000,-0.000042,-0.000000,-0.002151,-0.000000,0.981875,-1.624462,-12.321939,0.183542,-0.357991,-0.814755,0.417527,0.001271,-0.239252,-0.317324,-0.000043,0.006464,0.005790
12.320000,12.320000,step,1.570800,0.000000,1.570823,0.000000,-0.000042,-0.000000,-0.002151,-0.000000,0.983025,-1.625327,-12.329751,0.183572,-0.357974,-0.814721,0.417595,0.001264,-0.239251,-0.317325,-0.000038,0.006423,0.005751
12.340000,12.340000,step,1.570800,0.000000,1.570823,0.000000,-0.000042,-0.000000,-0.002150,-0.000000,0.984175,-1.626191,-12.337564,0.183603,-0.357957,-0.814686,0.417664,0.001257,-0.239250,-0.317326,-0.000031,0.006381,0.005713
12.360000,12.360000,step,1.570800,0.000000,1.570823,0.000000,-0.000042,-0.000000,-0.002150,-0.000000,0.985325,-1.627055,-12.345377,0.183633,-0.357941,-0.814652,0.417732,0.001251,-0.239249,-0.317327,-0.000024,0.006339,0.005676
12.380000,12.380000,step,1.570800,0.000000,1.570823,0.000000,-0.000042,-0.000000,-0.002140,-0.000000,0.986475,-1.627919,-12.353190,0.183663,-0.357924,-0.814617,0.417801,0.001244,-0.239248,-0.317328,-0.000016,0.006296,0.005641
12.400000,12.400000,step,1.570800,0.000000,1.570823,0.000000,-0.000042,-0.000000,-0.002140,-0.000000,0.987626,-1.628782,-12.361003,0.183694,-0.357907,-0.814582,0.417869,0.001238,-0.239247,-0.317329,-0.000008,0.006253,0.005606
12.420000,12.420000,step,1.570800,0.000000,1.570823,0.000000,-0.000042,-0.000000,-0.002140,-0.000000,0.988777,-1.629644,-12.368816,0.183723,-0.357892,-0.814549,0.417935,0.001231,-0.239246,-0.317329,-0.000000,0.006210,0.005573
12.440000,12.440000,step,1.570800,0.000000,1.570823,0.000000,-0.000042,-0.000000,-0.002139,-0.000000,0.989928,-1.630507,-12.376628,0.183751,-0.357877,-0.814516,0.417998,0.001224,-0.239246,-0.317330,0.000008,0.006166,0.005540
12.460000,12.460000,step,1.570800,0.000000,1.570823,0.000000,-0.000042,-0.000000,-0.002139,-0.000000,0.991080,-1.631369,-12.384439,0.183779,-0.357862,-0.814484,0.418062,0.001217,-0.239246,-0.317331,0.000016,0.006123,0.005508
12.480000,12.480000,step,1.570800,0.000000,1.570822,0.000000,-0.000042,-0.000000,-0.002126,-0.000000,0.992232,-1.632231,-12.392251,0.183807,-0.357847,-0.814451,0.418126,0.001210,-0.239245,-0.317332,0.000023,0.006080,0.005476
12.500000,12.500000,step,1.570800,0.000000,1.570822,0.000000,-0.000042,-0.000000,-0.002127,-0.000000,0.993384,-1.633092,-12.400063,0.183835,-0.357832,-0.814419,0.418190,0.001203,-0.239244,-0.317332,0.000031,0.006036,0.005445
12.520000,12.520000,step,1.570800,0.000000,1.570822,0.000000,-0.000042,-0.000000,-0.002127,-0.000000,0.994536,-1.633952,-12.407875,0.183863,-0.357817,-0.814386,0.418254,0.001196,-0.239244,-0.317333,0.000038,0.005993,0.005415
12.540000,12.540000,step,1.570800,0.000000,1.570822,0.000000,-0.000042,-0.000000,-0.002126,-0.000000,0.995688,-1.634814,-12.415687,0.183890,-0.357803,-0.814354,0.418318,0.001189,-0.239243,-0.317334,0.000046,0.005950,0.005385
12.560000,12.560000,step,1.570800,0.000000,1.570822,0.000000,-0.000042,-0.000000,-0.002115,-0.000000,0.996841,-1.635674,-12.423501,0.183918,-0.357788,-0.814321,0.418381,0.001183,-0.239243,-0.317334,0.000053,0.005908,0.005355
12.580000,12.580000,step,1.570800,0.000000,1.570822,0.000000,-0.000042,-0.000000,-0.002115,-0.000000,0.997994,-1.636534,-12.431313,0.183946,-0.357773,-0.814288,0.418445,0.001176,-0.239242,-0.317335,0.000060,0.005865,0.005326
12.600000,12.600000,step,1.570800,0.000000,1.570822,0.000000,-0.000042,-0.000000,-0.002115,-0.000000,0.999148,-1.637394,-12.439125,0.183974,-0.357758,-0.814256,0.418509,0.001170,-0.239242,-0.317336,0.000067,0.005823,0.005297
12.620000,12.620000,step,1.570800,0.000000,1.570822,0.000000,-0.000042,-0.000000,-0.002104,-0.000000,1.000301,-1.638254,-12.446938,0.184002,-0.357743,-0.814223,0.418573,0.001164,-0.239241,-0.317336,0.000074,0.005781,0.005268
12.640000,12.640000,step,1.570800,0.000000,1.570822,0.000000,-0.000042,-0.000000,-0.002103,-0.000000,1.001454,-1.639113,-12.454749,0.184030,-0.357729,-0.814191,0.418636,0.001157,-0.239241,-0.317337,0.000081,0.005739,0.005241
12.660000,12.660000,step,1.570800,0.000000,1.570822,0.000000,-0.000042,-0.000000,-0.002103,-0.000000,1.002609,-1.639972,-12.462563,0.184056,-0.357716,-0.814161,0.418694,0.001151,-0.239241,-0.317337,0.000087,0.005698,0.005213
12.680000,12.680000,step,1.570800,0.000000,1.570822,0.000000,-0.000042,-0.000000,-0.002103,-0.000000,1.003763,-1.640831,-12.470375,0.184082,-0.357703,-0.814131,0.418753,0.001144,-0.239241,-0.317337,0.000093,0.005656,0.005186
12.700000,12.700000,step,1.570800,0.000000,1.570822,0.000000,-0.000042,-0.000000,-0.002091,-0.000000,1.004918,-1.641689,-12.478185,0.184107,-0.357691,-0.814100,0.418811,0.001137,-0.239242,-0.317337,0.000097,0.005615,0.005160
12.720000,12.720000,step,1.570800,0.000000,1.570822,0.000000,-0.000042,-0.000000,-0.002091,-0.000000,1.006072,-1.642547,-12.485998,0.184133,-0.357678,-0.814070,0.418869,0.001130,-0.239242,-0.317337,0.000100,0.005573,0.005133
12.740000,12.740000,step,1.570800,0.000000,1.570822,0.000000,-0.000042,-0.000000,-0.002091,-0.000000,1.007227,-1.643404,-12.493811,0.184159,-0.357666,-0.814040,0.418927,0.001123,-0.239243,-0.317337,0.000103,0.005532,0.005107
12.760000,12.760000,step,1.570800,0.000000,1.570822,0.000000,-0.000042,-0.000000,-0.002080,-0.000000,1.008382,-1.644260,-12.501624,0.184185,-0.357653,-0.814009,0.418986,0.001116,-0.239243,-0.317336,0.000104,0.005492,0.005081
12.780000,12.780000,step,1.570800,0.000000,1.570822,0.000000,-0.000042,-0.000000,-0.002079,-0.000000,1.009537,-1.645118,-12.509437,0.184210,-0.357641,-0.813979,0.419044,0.001109,-0.239244,-0.317336,0.000105,0.005451,0.005055
12.800000,12.800000,step,1.570800,0.000000,1.570822,0.000000,-0.000042,-0.000000,-0.002067,-0.000000,1.010693,-1.645974,-12.517248,0.184236,-0.357629,-0.813948,0.419102,0.001103,-0.239244,-0.317336,0.000104,0.005411,0.005029
12.820000,12.820000,step,1.570800,0.000000,1.570822,0.000000,-0.000042,-0.000000,-0.002067,-0.000000,1.011848,-1.646831,-12.525062,0.184262,-0.357616,-0.813918,0.419160,0.001096,-0.239244,-0.317335,0.000103,0.005372,0.005004
12.840000,12.840000,step,1.570800,0.000000,1.570822,0.000000,-0.000042,-0.000000,-0.002067,-0.000000,1.013004,-1.647687,-12.532872,0.184288,-0.357604,-0.813888,0.419219,0.001090,-0.239245,-0.317335,0.000102,0.005333,0.004978
12.860000,12.860000,step,1.570800,0.000000,1.570822,0.000000,-0.000042,-0.000000,-0.002056,-0.000000,1.014160,-1.648543,-12.540687,0.184313,-0.357592,-0.813857,0.419277,0.001083,-0.239245,-0.317335,0.000099,0.005294,0.004953
12.880000,12.880000,step,1.570800,0.000000,1.570822,0.000000,-0.000042,-0.000000,-0.002055,-0.000000,1.015317,-1.649399,-12.548500,0.184339,-0.357579,-0.813827,0.419335,0.001077,-0.239246,-0.317334,0.000097,0.005256,0.004928
12.900000,12.900000,step,1.570800,0.000000,1.570822,0.000000,-0.000042,-0.000000,-0.002044,-0.000000,1.016473,-1.650253,-12.556314,0.184363,-0.357567,-0.813798,0.419391,0.001070,-0.239246,-0.317334,0.000094,0.005218,0.004903
12.920000,12.920000,step,1.570800,0.000000,1.570822,0.000000,-0.000042,-0.000000,-0.002043,-0.000000,1.017630,-1.651108,-12.564127,0.184385,-0.357555,-0.813771,0.419444,0.001063,-0.239246,-0.317334,0.000091,0.005181,0.004877
12.940000,12.940000,step,1.570800,0.000000,1.570822,0.000000,-0.000042,-0.000000,-0.002032,-0.000000,1.018787,-1.651962,-12.571939,0.184408,-0.357543,-0.813743,0.419497,0.001056,-0.239245,-0.317335,0.000089,0.005144,0.004852
12.960000,12.960000,step,1.570800,0.000000,1.570822,0.000000,-0.000042,-0.000000,-0.002032,-0.000000,1.019945,-1.652816,-12.579751,0.184431,-0.357531,-0.813716,0.419551,0.001049,-0.239245,-0.317335,0.000087,0.005107,0.004827
12.980000,12.980000,step,1.570800,0.000000,1.570821,0.000000,-0.000042,-0.000000,-0.002019,-0.000000,1.021102,-1.653670,-12.587564,0.184453,-0.357519,-0.813689,0.419604,0.001042,-0.239245,-0.317335,0.000086,0.005071,0.004801
13.000000,13.000000,step,1.570800,0.000000,1.570821,0.000000,-0.000042,-0.000000,-0.002020,-0.000000,1.022260,-1.654524,-12.595377,0.184476,-0.357507,-0.813662,0.419657,0.001035,-0.239244,-0.317335,0.000085,0.005035,0.004775
13.020000,13.020000,step,1.570800,0.000000,1.570821,0.000000,-0.000042,-0.000000,-0.002008,-0.000000,1.023418,-1.655377,-12.603190,0.184498,-0.357495,-0.813634,0.419710,0.001028,-0.239244,-0.317335,0.000085,0.004999,0.004749
13.040000,13.040000,step,1.570800,0.000000,1.570821,0.000000,-0.000042,-0.000000,-0.002008,-0.000000,1.024577,-1.656231,-12.611004,0.184521,-0.357483,-0.813607,0.419764,0.001021,-0.239244,-0.317335,0.000084,0.004964,0.004724
13.060000,13.060000,step,1.570800,0.000000,1.570821,0.000000,-0.000042,-0.000000,-0.001996,-0.000000,1.025735,-1.657083,-12.618817,0.184544,-0.357471,-0.813579,0.419818,0.001014,-0.239244,-0.317335,0.000084,0.004930,0.004697
13.080000,13.080000,step,1.570800,0.000000,1.570821,0.000000,-0.000042,-0.000000,-0.001995,-0.000000,1.026893,-1.657936,-12.626628,0.184566,-0.357460,-0.813551,0.419872,0.001007,-0.239244,-0.317335,0.000084,0.004896,0.004671
13.100000,13.100000,step,1.570800,0.000000,1.570821,0.000000,-0.000042,-0.000000,-0.001984,-0.000000,1.028052,-1.658788,-12.634440,0.184589,-0.357448,-0.813523,0.419926,0.000999,-0.239244,-0.317335,0.000084,0.004864,0.004644
13.120000,13.120000,step,1.570800,0.000000,1.570821,0.000000,-0.000042,-0.000000,-0.001972,-0.000000,1.029211,-1.659640,-12.642252,0.184611,-0.357437,-0.813495,0.419980,0.000992,-0.239244,-0.317335,0.000083,0.004832,0.004617
13.140000,13.140000,step,1.570800,0.000000,1.570821,0.000000,-0.000042,-0.000000,-0.001960,-0.000000,1.030370,-1.660493,-12.650065,0.184633,-0.357426,-0.813467,0.420034,0.000985,-0.239244,-0.317335,0.000083,0.004801,0.004589
13.160000,13.160000,step,1.570800,0.000000,1.570821,0.000000,-0.000042,-0.000000,-0.001960,-0.000000,1.031529,-1.661344,-12.657879,0.184656,-0.357414,-0.813439,0.420088,0.000978,-0.239244,-0.317335,0.000082,0.004771,0.004560
13.180000,13.180000,step,1.570800,0.000000,1.570821,0.000000,-0.000042,-0.000000,-0.001948,-0.000000,1.032689,-1.662196,-12.665692,0.184677,-0.357404,-0.813412,0.420140,0.000970,-0.239244,-0.317335,0.000081,0.004743,0.004531
13.200000,13.200000,step,1.570800,0.000000,1.570821,0.000000,-0.000042,-0.000000,-0.001936,-0.000000,1.033848,-1.663046,-12.673503,0.184698,-0.357393,-0.813387,0.420188,0.000963,-0.239244,-0.317335,0.000080,0.004714,0.004502
13.220000,13.220000,step,1.570800,0.000000,1.570821,0.000000,-0.000042,-0.000000,-0.001936,-0.000000,1.035008,-1.663897,-12.681316,0.184719,-0.357382,-0.813362,0.420236,0.000956,-0.239244,-0.317335,0.000079,0.004685,0.004473
13.240000,13.240000,step,1.570800,0.000000,1.570820,0.000000,-0.000042,-0.000000,-0.001924,-0.000000,1.036168,-1.664748,-12.689130,0.184740,-0.357372,-0.813337,0.420285,0.000949,-0.239244,-0.317335,0.000078,0.004657,0.004443
13.260000,13.260000,step,1.570800,0.000000,1.570820,0.000000,-0.000042,-0.000000,-0.001924,-0.000000,1.037329,-1.665597,-12.696943,0.184761,-0.357361,-0.813312,0.420333,0.000942,-0.239244,-0.317335,0.000076,0.004628,0.004414
13.280000,13.280000,step,1.570800,0.000000,1.570820,0.000000,-0.000042,-0.000000,-0.001913,-0.000000,1.038490,-1.666447,-12.704757,0.184782,-0.357351,-0.813287,0.420382,0.000935,-0.239244,-0.317335,0.000075,0.004600,0.004385
13.300000,13.300000,step,1.570800,0.000000,1.570820,0.000000,-0.000042,-0.000000,-0.001912,-0.000000,1.039650,-1.667297,-12.712570,0.184803,-0.357340,-0.813261,0.420430,0.000929,-0.239245,-0.317334,0.000073,0.004572,0.004356
13.320000,13.320000,step,1.570800,0.000000,1.570820,0.000000,-0.000042,-0.000000,-0.001901,-0.000000,1.040811,-1.668146,-12.720384,0.184824,-0.357330,-0.813236,0.420479,0.000922,-0.239245,-0.317334,0.000072,0.004544,0.004327
13.340000,13.340000,step,1.570800,0.000000,1.570820,0.000000,-0.000042,-0.000000,-0.001900,-0.000000,1.041972,-1.668996,-12.728197,0.184845,-0.357319,-0.813211,0.420527,0.000916,-0.239245,-0.317334,0.000070,0.004516,0.004298
13.360000,13.360000,step,1.570800,0.000000,1.570820,0.000000,-0.000042,-0.000000,-0.001889,-0.000000,1.043133,-1.669844,-12.736011,0.184866,-0.357308,-0.813186,0.420576,0.000909,-0.239245,-0.317334,0.000068,0.004488,0.004269
13.380000,13.380000,step,1.570800,0.000000,1.570820,0.000000,-0.000042,-0.000000,-0.001888,-0.000000,1.044295,-1.670693,-12.743823,0.184887,-0.357298,-0.813161,0.420624,0.000903,-0.239245,-0.317334,0.000066,0.004460,0.004240
13.400000,13.400000,step,1.570800,0.000000,1.570820,0.000000,-0.000042,-0.000000,-0.001877,-0.000000,1.045457,-1.671542,-12.751635,0.184908,-0.357287,-0.813136,0.420673,0.000897,-0.239245,-0.317334,0.000064,0.004433,0.004211
13.420000,13.420000,step,1.570800,0.000000,1.570820,0.000000,-0.000042,-0.000000,-0.001876,-0.000000,1.046618,-1.672390,-12.759448,0.184929,-0.357277,-0.813110,0.420721,0.000891,-0.239245,-0.317334,0.000062,0.004406,0.004182
13.440000,13.440000,step,1.570800,0.000000,1.570820,0.000000,-0.000042,-0.000000,-0.001865,-0.000000,1.047780,-1.673238,-12.767262,0.184949,-0.357266,-0.813085,0.420769,0.000885,-0.239245,-0.317334,0.000060,0.004379,0.004154
13.460000,13.460000,step,1.570800,0.000000,1.570820,0.000000,-0.000042,-0.000000,-0.001864,-0.000000,1.048942,-1.674086,-12.775075,0.184970,-0.357255,-0.813060,0.420818,0.000879,-0.239245,-0.317333,0.000058,0.004352,0.004125
13.480000,13.480000,step,1.570800,0.000000,1.570820,0.000000,-0.000042,-0.000000,-0.001853,-0.000000,1.050105,-1.674933,-12.782886,0.184990,-0.357246,-0.813036,0.420864,0.000872,-0.239246,-0.317333,0.000056,0.004326,0.004097
13.500000,13.500000,step,1.570800,0.000000,1.570820,0.000000,-0.000042,-0.000000,-0.001840,-0.000000,1.051267,-1.675780,-12.790698,0.185009,-0.357237,-0.813013,0.420907,0.000865,-0.239246,-0.317333,0.000053,0.004300,0.004068
13.520000,13.520000,step,1.570800,0.000000,1.570820,0.000000,-0.000042,-0.000000,-0.001841,-0.000000,1.052430,-1.676626,-12.798512,0.185027,-0.357229,-0.812990,0.420951,0.000858,-0.239247,-0.317332,0.000050,0.004275,0.004039
13.540000,13.540000,step,1.570800,0.000000,1.570819,0.000000,-0.000042,-0.000000,-0.001829,-0.000000,1.053593,-1.677473,-12.806327,0.185046,-0.357220,-0.812967,0.420995,0.000851,-0.239248,-0.317332,0.000046,0.004250,0.004009
13.560000,13.560000,step,1.570800,0.000000,1.570819,0.000000,-0.000042,-0.000000,-0.001828,-0.000000,1.054756,-1.678320,-12.814139,0.185064,-0.357211,-0.812944,0.421039,0.000844,-0.239249,-0.317331,0.000041,0.004226,0.003980
13.580000,13.580000,step,1.570800,0.000000,1.570819,0.000000,-0.000042,-0.000000,-0.001817,-0.000000,1.055920,-1.679166,-12.821949,0.185083,-0.357203,-0.812921,0.421082,0.000837,-0.239249,-0.317331,0.000036,0.004202,0.003949
13.600000,13.600000,step,1.570800,0.000000,1.570819,0.000000,-0.000042,-0.000000,-0.001805,-0.000000,1.057083,-1.680012,-12.829761,0.185101,-0.357194,-0.812898,0.421126,0.000830,-0.239250,-0.317330,0.000031,0.004179,0.003919
13.620000,13.620000,step,1.570800,0.000000,1.570819,0.000000,-0.000042,-0.000000,-0.001793,-0.000000,1.058247,-1.680857,-12.837576,0.185120,-0.357186,-0.812874,0.421170,0.000823,-0.239251,-0.317330,0.000025,0.004156,0.003888
13.640000,13.640000,step,1.570800,0.000000,1.570819,0.000000,-0.000042,-0.000000,-0.001793,-0.000000,1.059411,-1.681702,-12.845389,0.185139,-0.357177,-0.812851,0.421214,0.000816,-0.239251,-0.317329,0.000019,0.004134,0.003857
13.660000,13.660000,step,1.570800,0.000000,1.570819,0.000000,-0.000042,-0.000000,-0.001781,-0.000000,1.060575,-1.682548,-12.853202,0.185157,-0.357168,-0.812828,0.421258,0.000810,-0.239252,-0.317329,0.000012,0.004112,0.003825
13.680000,13.680000,step,1.570800,0.000000,1.570819,0.000000,-0.000042,-0.000000,-0.001770,-0.000000,1.061739,-1.683393,-12.861013,0.185176,-0.357158,-0.812805,0.421301,0.000804,-0.239252,-0.317329,0.000006,0.004091,0.003794
13.700000,13.700000,step,1.570800,0.000000,1.570819,0.000000,-0.000042,-0.000000,-0.001769,-0.000000,1.062903,-1.684238,-12.868825,0.185195,-0.357149,-0.812783,0.421345,0.000798,-0.239253,-0.317328,-0.000000,0.004070,0.003763
13.720000,13.720000,step,1.570800,0.000000,1.570819,0.000000,-0.000042,-0.000000,-0.001758,-0.000000,1.064067,-1.685083,-12.876637,0.185214,-0.357139,-0.812760,0.421389,0.000792,-0.239253,-0.317328,-0.000006,0.004048,0.003732
13.740000,13.740000,step,1.570800,0.000000,1.570819,0.000000,-0.000042,-0.000000,-0.001757,-0.000000,1.065232,-1.685927,-12.884450,0.185233,-0.357130,-0.812737,0.421433,0.000787,-0.239253,-0.317328,-0.000012,0.004027,0.003701
13.760000,13.760000,step,1.570800,0.000000,1.570819,0.000000,-0.000042,-0.000000,-0.001746,-0.000000,1.066397,-1.686771,-12.892263,0.185252,-0.357120,-0.812714,0.421477,0.000781,-0.239254,-0.317328,-0.000017,0.004006,0.003670
13.780000,13.780000,step,1.570800,0.000000,1.570819,0.000000,-0.000042,-0.000000,-0.001746,-0.000000,1.067562,-1.687615,-12.900078,0.185271,-0.357111,-0.812691,0.421521,0.000776,-0.239254,-0.317328,-0.000022,0.003986,0.003640
13.800000,13.800000,step,1.570800,0.000000,1.570819,0.000000,-0.000042,-0.000000,-0.001745,-0.000000,1.068727,-1.688459,-12.907889,0.185289,-0.357102,-0.812669,0.421562,0.000770,-0.239254,-0.317327,-0.000028,0.003965,0.003610
13.820000,13.820000,step,1.570800,0.000000,1.570819,0.000000,-0.000042,-0.000000,-0.001734,-0.000000,1.069892,-1.689302,-12.915703,0.185306,-0.357093,-0.812649,0.421601,0.000764,-0.239255,-0.317327,-0.000033,0.003944,0.003579
13.840000,13.840000,step,1.570800,0.000000,1.570819,0.000000,-0.000042,-0.000000,-0.001733,-0.000000,1.071058,-1.690146,-12.923517,0.185323,-0.357085,-0.812628,0.421641,0.000758,-0.239255,-0.317327,-0.000038,0.003924,0.003550
13.860000,13.860000,step,1.570800,0.000000,1.570818,0.000000,-0.000042,-0.000000,-0.001722,-0.000000,1.072224,-1.690988,-12.931331,0.185341,-0.357076,-0.812608,0.421680,0.000753,-0.239256,-0.317327,-0.000043,0.003903,0.003520
13.880000,13.880000,step,1.570800,0.000000,1.570818,0.000000,-0.000042,-0.000000,-0.001722,-0.000000,1.073389,-1.691831,-12.939142,0.185358,-0.357068,-0.812587,0.421719,0.000747,-0.239256,-0.317326,-0.000048,0.003882,0.003491
13.900000,13.900000,step,1.570800,0.000000,1.570818,0.000000,-0.000042,-0.000000,-0.001709,-0.000000,1.074555,-1.692674,-12.946953,0.185375,-0.357059,-0.812567,0.421759,0.000742,-0.239256,-0.317326,-0.000053,0.003861,0.003461
13.920000,13.920000,step,1.570800,0.000000,1.570818,0.000000,-0.000042,-0.000000,-0.001710,-0.000000,1.075721,-1.693516,-12.954765,0.185393,-0.357050,-0.812546,0.421798,0.000737,-0.239256,-0.317326,-0.000058,0.003840,0.003433
13.940000,13.940000,step,1.570800,0.000000,1.570818,0.000000,-0.000042,-0.000000,-0.001710,-0.000000,1.076887,-1.694358,-12.962578,0.185410,-0.357041,-0.812526,0.421837,0.000732,-0.239256,-0.317326,-0.000062,0.003818,0.003405
13.960000,13.960000,step,1.570800,0.000000,1.570818,0.000000,-0.000042,-0.000000,-0.001710,-0.000000,1.078054,-1.695200,-12.970392,0.185428,-0.357032,-0.812505,0.421877,0.000728,-0.239256,-0.317326,-0.000066,0.003796,0.003377
13.980000,13.980000,step,1.570800,0.000000,1.570818,0.000000,-0.000042,-0.000000,-0.001709,-0.000000,1.079221,-1.696041,-12.978203,0.185446,-0.357022,-0.812485,0.421916,0.000723,-0.239256,-0.317326,-0.000070,0.003774,0.003350
14.000000,14.000000,step,1.570800,0.000000,1.570818,0.000000,-0.000042,-0.000000,-0.001709,-0.000000,1.080387,-1.696883,-12.986015,0.185464,-0.357013,-0.812465,0.421956,0.000719,-0.239256,-0.317326,-0.000073,0.003752,0.003324
14.020000,14.020000,step,1.570800,0.000000,1.570818,0.000000,-0.000042,-0.000000,-0.001698,-0.000000,1.081554,-1.697724,-12.993829,0.185481,-0.357003,-0.812444,0.421995,0.000715,-0.239256,-0.317326,-0.000076,0.003729,0.003299
14.040000,14.040000,step,1.570800,0.000000,1.570818,0.000000,-0.000042,-0.000000,-0.001698,-0.000000,1.082721,-1.698565,-13.001640,0.185499,-0.356994,-0.812424,0.422034,0.000711,-0.239256,-0.317326,-0.000078,0.003705,0.003274
14.060000,14.060000,step,1.570800,0.000000,1.570818,0.000000,-0.000042,-0.000000,-0.001698,-0.000000,1.083887,-1.699406,-13.009452,0.185517,-0.356985,-0.812403,0.422074,0.000707,-0.239256,-0.317326,-0.000080,0.003682,0.003250
14.080000,14.080000,step,1.570800,0.000000,1.570818,0.000000,-0.000042,-0.000000,-0.001698,-0.000000,1.085055,-1.700247,-13.017262,0.185534,-0.356975,-0.812383,0.422113,0.000704,-0.239256,-0.317327,-0.000082,0.003658,0.003227
14.100000,14.100000,step,1.570800,0.000000,1.570818,0.000000,-0.000042,-0.000000,-0.001698,-0.000000,1.086222,-1.701087,-13.025074,0.185552,-0.356966,-0.812363,0.422153,0.000700,-0.239255,-0.317327,-0.000083,0.003635,0.003204
14.120000,14.120000,step,1.570800,0.000000,1.570818,0.000000,-0.000042,-0.000000,-0.001698,-0.000000,1.087389,-1.701928,-13.032887,0.185570,-0.356957,-0.812342,0.422192,0.000696,-0.239255,-0.317327,-0.000084,0.003611,0.003182
14.140000,14.140000,step,1.570800,0.000000,1.570818,0.000000,-0.000042,-0.000000,-0.001698,-0.000000,1.088557,-1.702768,-13.040698,0.185587,-0.356947,-0.812322,0.422231,0.000693,-0.239255,-0.317327,-0.000085,0.003587,0.003161
14.160000,14.160000,step,1.570800,0.000000,1.570818,0.000000,-0.000042,-0.000000,-0.001698,-0.000000,1.089725,-1.703609,-13.048511,0.185602,-0.356938,-0.812305,0.422265,0.000689,-0.239254,-0.317327,-0.000085,0.003562,0.003140
14.180000,14.180000,step,1.570800,0.000000,1.570818,0.000000,-0.000042,-0.000000,-0.001698,-0.000000,1.090893,-1.704448,-13.056326,0.185617,-0.356929,-0.812288,0.422300,0.000685,-0.239253,-0.317328,-0.000084,0.003538,0.003120
14.200000,14.200000,step,1.570800,0.000000,1.570818,0.000000,-0.000042,-0.000000,-0.001697,-0.000000,1.092062,-1.705287,-13.064137,0.185632,-0.356920,-0.812270,0.422334,0.000681,-0.239252,-0.317329,-0.000081,0.003513,0.003100
14.220000,14.220000,step,1.570800,0.000000,1.570818,0.000000,-0.000042,-0.000000,-0.001697,-0.000000,1.093230,-1.706127,-13.071948,0.185647,-0.356911,-0.812253,0.422368,0.000677,-0.239251,-0.317330,-0.000078,0.003488,0.003081
14.240000,14.240000,step,1.570800,0.000000,1.570818,0.000000,-0.000042,-0.000000,-0.001687,-0.000000,1.094398,-1.706965,-13.079762,0.185662,-0.356902,-0.812236,0.422402,0.000673,-0.239250,-0.317331,-0.000074,0.003463,0.003062
14.260000,14.260000,step,1.570800,0.000000,1.570818,0.000000,-0.000042,-0.000000,-0.001687,-0.000000,1.095567,-1.707804,-13.087574,0.185677,-0.356893,-0.812218,0.422437,0.000669,-0.239249,-0.317331,-0.000069,0.003437,0.003044
14.280000,14.280000,step,1.570800,0.000000,1.570818,0.000000,-0.000042,-0.000000,-0.001687,-0.000000,1.096735,-1.708643,-13.095387,0.185692,-0.356884,-0.812201,0.422471,0.000666,-0.239248,-0.317332,-0.000064,0.003411,0.003027
14.300000,14.300000,step,1.570800,0.000000,1.570818,0.000000,-0.000042,-0.000000,-0.001687,-0.000000,1.097904,-1.709481,-13.103201,0.185707,-0.356875,-0.812184,0.422505,0.000662,-0.239248,-0.317333,-0.000057,0.003384,0.003010
14.320000,14.320000,step,1.570800,0.000000,1.570818,0.000000,-0.000042,-0.000000,-0.001687,-0.000000,1.099073,-1.710319,-13.111013,0.185721,-0.356866,-0.812167,0.422540,0.000659,-0.239247,-0.317334,-0.000051,0.003358,0.002994
14.340000,14.340000,step,1.570800,0.000000,1.570818,0.000000,-0.000042,-0.000000,-0.001687,-0.000000,1.100242,-1.711157,-13.118823,0.185736,-0.356857,-0.812149,0.422574,0.000655,-0.239246,-0.317335,-0.000044,0.003332,0.002978
14.360000,14.360000,step,1.570800,0.000000,1.570818,0.000000,-0.000042,-0.000000,-0.001686,-0.000000,1.101411,-1.711995,-13.126637,0.185751,-0.356849,-0.812132,0.422608,0.000651,-0.239246,-0.317335,-0.000037,0.003306,0.002963
14.380000,14.380000,step,1.570800,0.000000,1.570818,0.000000,-0.000042,-0.000000,-0.001686,-0.000000,1.102581,-1.712833,-13.134449,0.185765,-0.356841,-0.812114,0.422642,0.000648,-0.239245,-0.317336,-0.000029,0.003280,0.002947
14.400000,14.400000,step,1.570800,0.000000,1.570818,0.000000,-0.000042,-0.000000,-0.001686,-0.000000,1.103750,-1.713670,-13.142262,0.185780,-0.356833,-0.812097,0.422676,0.000644,-0.239244,-0.317337,-0.000022,0.003254,0.002932
14.420000,14.420000,step,1.570800,0.000000,1.570818,0.000000,-0.000042,-0.000000,-0.001685,-0.000000,1.104920,-1.714508,-13.150076,0.185794,-0.356825,-0.812079,0.422710,0.000640,-0.239244,-0.317337,-0.000015,0.003229,0.002917
14.440000,14.440000,step,1.570800,0.000000,1.570818,0.000000,-0.000042,-0.000000,-0.001675,-0.000000,1.106089,-1.715345,-13.157888,0.185809,-0.356816,-0.812062,0.422745,0.000636,-0.239243,-0.317338,-0.000008,0.003204,0.002901
14.460000,14.460000,step,1.570800,0.000000,1.570818,0.000000,-0.000042,-0.000000,-0.001674,-0.000000,1.107259,-1.716182,-13.165701,0.185823,-0.356808,-0.812044,0.422779,0.000633,-0.239243,-0.317338,-0.000001,0.003180,0.002886
14.480000,14.480000,step,1.570800,0.000000,1.570818,0.000000,-0.000042,-0.000000,-0.001674,-0.000000,1.108429,-1.717018,-13.173512,0.185838,-0.356800,-0.812027,0.422813,0.000629,-0.239242,-0.317339,0.000007,0.003155,0.002871
14.500000,14.500000,step,1.570800,0.000000,1.570818,0.000000,-0.000042,-0.000000,-0.001674,-0.000000,1.109599,-1.717855,-13.181324,0.185852,-0.356792,-0.812009,0.422847,0.000626,-0.239242,-0.317340,0.000014,0.003132,0.002856
14.520000,14.520000,step,1.570800,0.000000,1.570818,0.000000,-0.000042,-0.000000,-0.001663,-0.000000,1.110769,-1.718692,-13.189137,0.185867,-0.356784,-0.811992,0.422881,0.000622,-0.239241,-0.317340,0.000021,0.003108,0.002841
14.540000,14.540000,step,1.570800,0.000000,1.570818,0.000000,-0.000042,-0.000000,-0.001662,-0.000000,1.111940,-1.719529,-13.196953,0.185881,-0.356776,-0.811974,0.422915,0.000619,-0.239241,-0.317341,0.000028,0.003085,0.002827
14.560000,14.560000,step,1.570800,0.000000,1.570818,0.000000,-0.000042,-0.000000,-0.001662,-0.000000,1.113110,-1.720365,-13.204764,0.185894,-0.356769,-0.811959,0.422945,0.000615,-0.239241,-0.317341,0.000035,0.003062,0.002812
14.580000,14.580000,step,1.570800,0.000000,1.570818,0.000000,-0.000042,-0.000000,-0.001662,-0.000000,1.114280,-1.721202,-13.212577,0.185907,-0.356762,-0.811943,0.422975,0.000611,-0.239241,-0.317342,0.000042,0.003039,0.002798
14.600000,14.600000,step,1.570800,0.000000,1.570818,0.000000,-0.000042,-0.000000,-0.001662,-0.000000,1.115451,-1.722037,-13.220388,0.185920,-0.356755,-0.811928,0.423004,0.000607,-0.239240,-0.317342,0.000048,0.003016,0.002783
14.620000,14.620000,step,1.570800,0.000000,1.570818,0.000000,-0.000042,-0.000000,-0.001650,-0.000000,1.116622,-1.722872,-13.228203,0.185933,-0.356749,-0.811913,0.423034,0.000602,-0.239240,-0.317342,0.000053,0.002993,0.002769
14.640000,14.640000,step,1.570800,0.000000,1.570818,0.000000,-0.000042,-0.000000,-0.001650,-0.000000,1.117793,-1.723708,-13.236015,0.185945,-0.356743,-0.811897,0.423063,0.000598,-0.239241,-0.317342,0.000058,0.002971,0.002754
14.660000,14.660000,step,1.570800,0.000000,1.570818,0.000000,-0.000042,-0.000000,-0.001650,-0.000000,1.118964,-1.724544,-13.243827,0.185957,-0.356737,-0.811881,0.423092,0.000594,-0.239241,-0.317342,0.000062,0.002949,0.002740
14.680000,14.680000,step,1.570800,0.000000,1.570818,0.000000,-0.000042,-0.000000,-0.001639,-0.000000,1.120136,-1.725379,-13.251642,0.185970,-0.356731,-0.811866,0.423122,0.000589,-0.239241,-0.317342,0.000066,0.002927,0.002725
14.700000,14.700000,step,1.570800,0.000000,1.570818,0.000000,-0.000042,-0.000000,-0.001638,-0.000000,1.121307,-1.726214,-13.259456,0.185982,-0.356725,-0.811850,0.423151,0.000585,-0.239241,-0.317342,0.000069,0.002906,0.002709
14.720000,14.720000,step,1.570800,0.000000,1.570817,0.000000,-0.000042,-0.000000,-0.001626,-0.000000,1.122479,-1.727049,-13.267268,0.185995,-0.356719,-0.811835,0.423181,0.000580,-0.239242,-0.317342,0.000070,0.002886,0.002693
14.740000,14.740000,step,1.570800,0.000000,1.570817,0.000000,-0.000042,-0.000000,-0.001626,-0.000000,1.123650,-1.727884,-13.275082,0.186007,-0.356713,-0.811819,0.423210,0.000576,-0.239242,-0.317341,0.000072,0.002866,0.002678
14.760000,14.760000,step,1.570800,0.000000,1.570817,0.000000,-0.000042,-0.000000,-0.001626,-0.000000,1.124822,-1.728718,-13.282895,0.186020,-0.356707,-0.811804,0.423239,0.000571,-0.239243,-0.317341,0.000072,0.002846,0.002661
14.780000,14.780000,step,1.570800,0.000000,1.570817,0.000000,-0.000042,-0.000000,-0.001615,-0.000000,1.125993,-1.729553,-13.290709,0.186032,-0.356702,-0.811788,0.423269,0.000567,-0.239243,-0.317341,0.000072,0.002828,0.002645
14.800000,14.800000,step,1.570800,0.000000,1.570817,0.000000,-0.000042,-0.000000,-0.001614,-0.000000,1.127165,-1.730387,-13.298520,0.186044,-0.356696,-0.811772,0.423298,0.000563,-0.239243,-0.317341,0.000071,0.002809,0.002628
14.820000,14.820000,step,1.570800,0.000000,1.570817,0.000000,-0.000042,-0.000000,-0.001603,-0.000000,1.128337,-1.731221,-13.306333,0.186057,-0.356690,-0.811757,0.423328,0.000558,-0.239244,-0.317340,0.000070,0.002791,0.002611
14.840000,14.840000,step,1.570800,0.000000,1.570817,0.000000,-0.000042,-0.000000,-0.001602,-0.000000,1.129509,-1.732055,-13.314146,0.186069,-0.356684,-0.811741,0.423357,0.000554,-0.239244,-0.317340,0.000069,0.002774,0.002593
14.860000,14.860000,step,1.570800,0.000000,1.570817,0.000000,-0.000042,-0.000000,-0.001591,-0.000000,1.130681,-1.732889,-13.321959,0.186082,-0.356678,-0.811725,0.423386,0.000550,-0.239245,-0.317339,0.000067,0.002757,0.002575
14.880000,14.880000,step,1.570800,0.000000,1.570817,0.000000,-0.000042,-0.000000,-0.001590,-0.000000,1.131853,-1.733722,-13.329774,0.186094,-0.356673,-0.811710,0.423416,0.000546,-0.239245,-0.317339,0.000064,0.002741,0.002558
14.900000,14.900000,step,1.570800,0.000000,1.570817,0.000000,-0.000042,-0.000000,-0.001579,-0.000000,1.133025,-1.734555,-13.337584,0.186106,-0.356667,-0.811694,0.423445,0.000541,-0.239246,-0.317339,0.000061,0.002725,0.002539
14.920000,14.920000,step,1.570800,0.000000,1.570817,0.000000,-0.000042,-0.000000,-0.001578,-0.000000,1.134198,-1.735389,-13.345395,0.186119,-0.356661,-0.811679,0.423474,0.000537,-0.239246,-0.317338,0.000058,0.002710,0.002521
14.940000,14.940000,step,1.570800,0.000000,1.570817,0.000000,-0.000042,-0.000000,-0.001567,-0.000000,1.135369,-1.736222,-13.353206,0.186131,-0.356655,-0.811663,0.423504,0.000533,-0.239246,-0.317338,0.000055,0.002695,0.002502
14.960000,14.960000,step,1.570800,0.000000,1.570817,0.000000,-0.000042,-0.000000,-0.001567,-0.000000,1.136542,-1.737055,-13.361014,0.186144,-0.356649,-0.811647,0.423533,0.000529,-0.239247,-0.317338,0.000051,0.002680,0.002483
14.980000,14.980000,step,1.570800,0.000000,1.570817,0.000000,-0.000042,-0.000000,-0.001555,-0.000000,1.137714,-1.737889,-13.368827,0.186156,-0.356643,-0.811632,0.423563,0.000525,-0.239247,-0.317337,0.000048,0.002666,0.002464
15.000000,15.000000,step,1.570800,0.000000,1.570817,0.000000,-0.000042,-0.000000,-0.001555,-0.000000,1.138887,-1.738721,-13.376639,0.186169,-0.356636,-0.811616,0.423592,0.000522,-0.239247,-0.317337,0.000044,0.002652,0.002445
15.020000,15.020000,step,1.570800,0.000000,1.570817,0.000000,-0.000042,-0.000000,-0.001555,-0.000000,1.140060,-1.739554,-13.384453,0.186181,-0.356630,-0.811601,0.423621,0.000518,-0.239247,-0.317337,0.000040,0.002639,0.002426
15.040000,15.040000,step,1.570800,0.000000,1.570817,0.000000,-0.000042,-0.000000,-0.001554,-0.000000,1.141233,-1.740386,-13.392265,0.186192,-0.356624,-0.811588,0.423646,0.000514,-0.239247,-0.317337,0.000037,0.002625,0.002407
15.060000,15.060000,step,1.570800,0.000000,1.570817,0.000000,-0.000042,-0.000000,-0.001543,-0.000000,1.142406,-1.741219,-13.400080,0.186203,-0.356619,-0.811576,0.423670,0.000510,-0.239247,-0.317337,0.000034,0.002611,0.002388
15.080000,15.080000,step,1.570800,0.000000,1.570817,0.000000,-0.000042,-0.000000,-0.001543,-0.000000,1.143580,-1.742051,-13.407892,0.186213,-0.356613,-0.811563,0.423695,0.000506,-0.239247,-0.317337,0.000032,0.002597,0.002369
15.100000,15.100000,step,1.570800,0.000000,1.570817,0.000000,-0.000042,-0.000000,-0.001543,-0.000000,1.144753,-1.742882,-13.415701,0.186224,-0.356607,-0.811550,0.423719,0.000502,-0.239247,-0.317337,0.000029,0.002582,0.002351
15.120000,15.120000,step,1.570800,0.000000,1.570817,0.000000,-0.000042,-0.000000,-0.001542,-0.000000,1.145927,-1.743714,-13.423514,0.186235,-0.356602,-0.811538,0.423743,0.000498,-0.239247,-0.317337,0.000027,0.002567,0.002333
15.140000,15.140000,step,1.570800,0.000000,1.570817,0.000000,-0.000042,-0.000000,-0.001531,-0.000000,1.147101,-1.744545,-13.431327,0.186245,-0.356596,-0.811525,0.423767,0.000494,-0.239247,-0.317336,0.000025,0.002553,0.002314
15.160000,15.160000,step,1.570800,0.000000,1.570817,0.000000,-0.000042,-0.000000,-0.001531,-0.000000,1.148274,-1.745377,-13.439140,0.186256,-0.356591,-0.811513,0.423791,0.000491,-0.239247,-0.317336,0.000023,0.002537,0.002296
15.180000,15.180000,step,1.570800,0.000000,1.570817,0.000000,-0.000042,-0.000000,-0.001531,-0.000000,1.149448,-1.746208,-13.446956,0.186266,-0.356585,-0.811500,0.423816,0.000487,-0.239247,-0.317336,0.000021,0.002522,0.002279
15.200000,15.200000,step,1.570800,0.000000,1.570817,0.000000,-0.000042,-0.000000,-0.001531,-0.000000,1.150622,-1.747040,-13.454767,0.186277,-0.356580,-0.811487,0.423840,0.000484,-0.239247,-0.317336,0.000020,0.002507,0.002261
15.220000,15.220000,step,1.570800,0.000000,1.570817,0.000000,-0.000042,-0.000000,-0.001530,-0.000000,1.151797,-1.747871,-13.462576,0.186287,-0.356574,-0.811475,0.423864,0.000480,-0.239247,-0.317336,0.000018,0.002492,0.002244
15.240000,15.240000,step,1.570800,0.000000,1.570816,0.000000,-0.000042,-0.000000,-0.001519,-0.000000,1.152971,-1.748701,-13.470389,0.186298,-0.356569,-0.811462,0.423888,0.000477,-0.239247,-0.317336,0.000017,0.002476,0.002226
15.260000,15.260000,step,1.570800,0.000000,1.570816,0.000000,-0.000042,-0.000000,-0.001519,-0.000000,1.154145,-1.749533,-13.478201,0.186309,-0.356563,-0.811449,0.423912,0.000473,-0.239247,-0.317336,0.000016,0.002461,0.002209
15.280000,15.280000,step,1.570800,0.000000,1.570816,0.000000,-0.000042,-0.000000,-0.001519,-0.000000,1.155319,-1.750364,-13.486013,0.186319,-0.356558,-0.811437,0.423937,0.000470,-0.239247,-0.317336,0.000015,0.002446,0.002193
15.300000,15.300000,step,1.570800,0.000000,1.570816,0.000000,-0.000042,-0.000000,-0.001519,-0.000000,1.156494,-1.751194,-13.493825,0.186330,-0.356552,-0.811424,0.423961,0.000467,-0.239247,-0.317336,0.000014,0.002430,0.002176
15.320000,15.320000,step,1.570800,0.000000,1.570816,0.000000,-0.000042,-0.000000,-0.001519,-0.000000,1.157668,-1.752024,-13.501637,0.186340,-0.356546,-0.811411,0.423985,0.000464,-0.239247,-0.317336,0.000013,0.002415,0.002160
15.340000,15.340000,step,1.570800,0.000000,1.570816,0.000000,-0.000042,-0.000000,-0.001507,-0.000000,1.158843,-1.752854,-13.509448,0.186351,-0.356541,-0.811399,0.424009,0.000460,-0.239247,-0.317336,0.000012,0.002399,0.002143
15.360000,15.360000,step,1.570800,0.000000,1.570816,0.000000,-0.000042,-0.000000,-0.001507,-0.000000,1.160018,-1.753685,-13.517263,0.186362,-0.356535,-0.811386,0.424033,0.000457,-0.239247,-0.317336,0.000011,0.002384,0.002127
15.380000,15.380000,step,1.570800,0.000000,1.570816,0.000000,-0.000042,-0.000000,-0.001507,-0.000000,1.161192,-1.754515,-13.525076,0.186372,-0.356530,-0.811374,0.424058,0.000454,-0.239247,-0.317336,0.000010,0.002369,0.002111
15.400000,15.400000,step,1.570800,0.000000,1.570816,0.000000,-0.000042,-0.000000,-0.001507,-0.000000,1.162367,-1.755346,-13.532888,0.186383,-0.356524,-0.811361,0.424082,0.000452,-0.239247,-0.317336,0.000010,0.002353,0.002096
15.420000,15.420000,step,1.570800,0.000000,1.570816,0.000000,-0.000042,-0.000000,-0.001507,-0.000000,1.163542,-1.756176,-13.540700,0.186393,-0.356519,-0.811348,0.424106,0.000449,-0.239247,-0.317336,0.000009,0.002338,0.002080
15.440000,15.440000,step,1.570800,0.000000,1.570816,0.000000,-0.000042,-0.000000,-0.001495,-0.000000,1.164718,-1.757006,-13.548512,0.186404,-0.356513,-0.811336,0.424130,0.000446,-0.239247,-0.317336,0.000009,0.002323,0.002065
15.460000,15.460000,step,1.570800,0.000000,1.570816,0.000000,-0.000042,-0.000000,-0.001496,-0.000000,1.165893,-1.757835,-13.556325,0.186414,-0.356508,-0.811323,0.424154,0.000443,-0.239246,-0.317336,0.000008,0.002308,0.002050
15.480000,15.480000,step,1.570800,0.000000,1.570816,0.000000,-0.000042,-0.000000,-0.001495,-0.000000,1.167068,-1.758665,-13.564138,0.186425,-0.356502,-0.811310,0.424179,0.000441,-0.239246,-0.317336,0.000008,0.002293,0.002036
15.500000,15.500000,step,1.570800,0.000000,1.570816,0.000000,-0.000042,-0.000000,-0.001495,-0.000000,1.168243,-1.759494,-13.571950,0.186436,-0.356497,-0.811298,0.424203,0.000438,-0.239246,-0.317336,0.000007,0.002277,0.002021
15.520000,15.520000,step,1.570800,0.000000,1.570816,0.000000,-0.000042,-0.000000,-0.001495,-0.000000,1.169418,-1.760323,-13.579762,0.186446,-0.356491,-0.811285,0.424227,0.000435,-0.239246,-0.317336,0.000007,0.002262,0.002007
15.540000,15.540000,step,1.570800,0.000000,1.570816,0.000000,-0.000042,-0.000000,-0.001495,-0.000000,1.170594,-1.761153,-13.587575,0.186457,-0.356485,-0.811272,0.424251,0.000433,-0.239246,-0.317336,0.000006,0.002248,0.001993
15.560000,15.560000,step,1.570800,0.000000,1.570816,0.000000,-0.000042,-0.000000,-0.001483,-0.000000,1.171769,-1.761982,-13.595387,0.186467,-0.356480,-0.811260,0.424275,0.000430,-0.239246,-0.317336,0.000006,0.002233,0.001979
15.580000,15.580000,step,1.570800,0.000000,1.570816,0.000000,-0.000042,-0.000000,-0.001484,-0.000000,1.172945,-1.762810,-13.603201,0.186476,-0.356475,-0.811250,0.424294,0.000428,-0.239246,-0.317336,0.000006,0.002218,0.001966
15.600000,15.600000,step,1.570800,0.000000,1.570816,0.000000,-0.000042,-0.000000,-0.001484,-0.000000,1.174121,-1.763638,-13.611012,0.186485,-0.356470,-0.811240,0.424313,0.000425,-0.239246,-0.317336,0.000006,0.002203,0.001953
15.620000,15.620000,step,1.570800,0.000000,1.570816,0.000000,-0.000042,-0.000000,-0.001484,-0.000000,1.175297,-1.764466,-13.618823,0.186493,-0.356465,-0.811230,0.424332,0.000422,-0.239245,-0.317336,0.000006,0.002187,0.001940
15.640000,15.640000,step,1.570800,0.000000,1.570816,0.000000,-0.000042,-0.000000,-0.001484,-0.000000,1.176473,-1.765295,-13.626636,0.186502,-0.356461,-0.811221,0.424351,0.000419,-0.239245,-0.317336,0.000007,0.002171,0.001928
15.660000,15.660000,step,1.570800,0.000000,1.570816,0.000000,-0.000042,-0.000000,-0.001484,-0.000000,1.177649,-1.766123,-13.634451,0.186510,-0.356456,-0.811211,0.424370,0.000416,-0.239245,-0.317337,0.000007,0.002155,0.001916
15.680000,15.680000,step,1.570800,0.000000,1.570816,0.000000,-0.000042,-0.000000,-0.001484,-0.000000,1.178826,-1.766951,-13.642262,0.186519,-0.356451,-0.811201,0.424389,0.000414,-0.239245,-0.317337,0.000009,0.002138,0.001904
15.700000,15.700000,step,1.570800,0.000000,1.570816,0.000000,-0.000042,-0.000000,-0.001484,-0.000000,1.180002,-1.767779,-13.650074,0.186528,-0.356446,-0.811191,0.424408,0.000411,-0.239244,-0.317337,0.000010,0.002121,0.001892
15.720000,15.720000,step,1.570800,0.000000,1.570816,0.000000,-0.000042,-0.000000,-0.001484,-0.000000,1.181179,-1.768607,-13.657887,0.186536,-0.356441,-0.811182,0.424427,0.000409,-0.239244,-0.317337,0.000011,0.002104,0.001881
15.740000,15.740000,step,1.570800,0.000000,1.570816,0.000000,-0.000042,-0.000000,-0.001484,-0.000000,1.182355,-1.769434,-13.665700,0.186545,-0.356436,-0.811172,0.424446,0.000406,-0.239244,-0.317338,0.000013,0.002087,0.001871
15.760000,15.760000,step,1.570800,0.000000,1.570816,0.000000,-0.000042,-0.000000,-0.001484,-0.000000,1.183532,-1.770262,-13.673513,0.186553,-0.356432,-0.811162,0.424465,0.000404,-0.239244,-0.317338,0.000015,0.002069,0.001861
15.780000,15.780000,step,1.570800,0.000000,1.570816,0.000000,-0.000042,-0.000000,-0.001484,-0.000000,1.184708,-1.771090,-13.681326,0.186562,-0.356427,-0.811152,0.424484,0.000402,-0.239244,-0.317338,0.000017,0.002052,0.001851
15.800000,15.800000,step,1.570800,0.000000,1.570816,0.000000,-0.000042,-0.000000,-0.001484,-0.000000,1.185884,-1.771917,-13.689137,0.186570,-0.356422,-0.811143,0.424503,0.000400,-0.239244,-0.317339,0.000019,0.002034,0.001841
15.820000,15.820000,step,1.570800,0.000000,1.570816,0.000000,-0.000042,-0.000000,-0.001484,-0.000000,1.187061,-1.772744,-13.696949,0.186579,-0.356417,-0.811133,0.424522,0.000397,-0.239243,-0.317339,0.000022,0.002016,0.001832
15.840000,15.840000,step,1.570800,0.000000,1.570816,0.000000,-0.000042,-0.000000,-0.001484,-0.000000,1.188238,-1.773572,-13.704762,0.186587,-0.356412,-0.811123,0.424541,0.000395,-0.239243,-0.317339,0.000024,0.001997,0.001823
15.860000,15.860000,step,1.570800,0.000000,1.570816,0.000000,-0.000042,-0.000000,-0.001484,-0.000000,1.189415,-1.774399,-13.712576,0.186596,-0.356408,-0.811113,0.424560,0.000393,-0.239243,-0.317340,0.000027,0.001979,0.001815
15.880000,15.880000,step,1.570800,0.000000,1.570816,0.000000,-0.000042,-0.000000,-0.001484,-0.000000,1.190592,-1.775226,-13.720387,0.186605,-0.356403,-0.811103,0.424579,0.000391,-0.239243,-0.317340,0.000029,0.001961,0.001806
15.900000,15.900000,step,1.570800,0.000000,1.570816,0.000000,-0.000042,-0.000000,-0.001484,-0.000000,1.191769,-1.776052,-13.728201,0.186613,-0.356398,-0.811094,0.424598,0.000389,-0.239242,-0.317340,0.000032,0.001942,0.001799
15.920000,15.920000,step,1.570800,0.000000,1.570816,0.000000,-0.000042,-0.000000,-0.001484,-0.000000,1.192946,-1.776879,-13.736011,0.186622,-0.356393,-0.811084,0.424617,0.000387,-0.239242,-0.317341,0.000035,0.001924,0.001791
15.940000,15.940000,step,1.570800,0.000000,1.570816,0.000000,-0.000042,-0.000000,-0.001484,-0.000000,1.194123,-1.777706,-13.743824,0.186630,-0.356389,-0.811074,0.424636,0.000385,-0.239242,-0.317341,0.000038,0.001905,0.001784
15.960000,15.960000,step,1.570800,0.000000,1.570816,0.000000,-0.000042,-0.000000,-0.001484,-0.000000,1.195300,-1.778533,-13.751637,0.186638,-0.356384,-0.811064,0.424654,0.000383,-0.239242,-0.317341,0.000041,0.001886,0.001777
15.980000,15.980000,step,1.570800,0.000000,1.570816,0.000000,-0.000042,-0.000000,-0.001484,-0.000000,1.196477,-1.779360,-13.759451,0.186646,-0.356380,-0.811054,0.424673,0.000381,-0.239242,-0.317341,0.000044,0.001868,0.001770
16.000000,16.000000,step,1.570800,0.000000,1.570816,0.000000,-0.000042,-0.000000,-0.001484,-0.000000,1.197654,-1.780186,-13.767262,0.186654,-0.356376,-0.811044,0.424692,0.000378,-0.239242,-0.317341,0.000046,0.001851,0.001762
16.020000,16.020000,step,1.570800,0.000000,1.570816,0.000000,-0.000042,-0.000000,-0.001483,-0.000000,1.198832,-1.781013,-13.775074,0.186662,-0.356372,-0.811034,0.424711,0.000376,-0.239242,-0.317341,0.000047,0.001833,0.001755
16.040000,16.040000,step,1.570800,0.000000,1.570816,0.000000,-0.000042,-0.000000,-0.001483,-0.000000,1.200009,-1.781839,-13.782887,0.186670,-0.356368,-0.811024,0.424730,0.000373,-0.239243,-0.317341,0.000049,0.001817,0.001748
16.060000,16.060000,step,1.570800,0.000000,1.570816,0.000000,-0.000042,-0.000000,-0.001483,-0.000000,1.201187,-1.782665,-13.790700,0.186678,-0.356365,-0.811014,0.424749,0.000371,-0.239243,-0.317341,0.000050,0.001800,0.001740
16.080000,16.080000,step,1.570800,0.000000,1.570816,0.000000,-0.000042,-0.000000,-0.001472,-0.000000,1.202364,-1.783491,-13.798513,0.186686,-0.356361,-0.811004,0.424767,0.000368,-0.239243,-0.317341,0.000051,0.001784,0.001732
16.100000,16.100000,step,1.570800,0.000000,1.570816,0.000000,-0.000042,-0.000000,-0.001472,-0.000000,1.203542,-1.784317,-13.806324,0.186694,-0.356357,-0.810994,0.424786,0.000366,-0.239243,-0.317341,0.000051,0.001768,0.001724
16.120000,16.120000,step,1.570800,0.000000,1.570816,0.000000,-0.000042,-0.000000,-0.001472,-0.000000,1.204720,-1.785143,-13.814137,0.186702,-0.356353,-0.810984,0.424805,0.000363,-0.239243,-0.317341,0.000051,0.001753,0.001716
16.140000,16.140000,step,1.570800,0.000000,1.570816,0.000000,-0.000042,-0.000000,-0.001471,-0.000000,1.205898,-1.785969,-13.821948,0.186711,-0.356349,-0.810974,0.424824,0.000361,-0.239243,-0.317340,0.000051,0.001738,0.001708
16.160000,16.160000,step,1.570800,0.000000,1.570816,0.000000,-0.000042,-0.000000,-0.001471,-0.000000,1.207076,-1.786795,-13.829763,0.186719,-0.356345,-0.810964,0.424843,0.000359,-0.239244,-0.317340,0.000051,0.001723,0.001700
16.180000,16.180000,step,1.570800,0.000000,1.570816,0.000000,-0.000042,-0.000000,-0.001460,-0.000000,1.208254,-1.787621,-13.837575,0.186727,-0.356341,-0.810954,0.424862,0.000356,-0.239244,-0.317340,0.000050,0.001709,0.001691
16.200000,16.200000,step,1.570800,0.000000,1.570816,0.000000,-0.000042,-0.000000,-0.001460,-0.000000,1.209432,-1.788446,-13.845387,0.186734,-0.356337,-0.810944,0.424880,0.000354,-0.239244,-0.317340,0.000049,0.001695,0.001683
16.220000,16.220000,step,1.570800,0.000000,1.570816,0.000000,-0.000042,-0.000000,-0.001459,-0.000000,1.210610,-1.789271,-13.853199,0.186741,-0.356334,-0.810936,0.424897,0.000351,-0.239244,-0.317340,0.000049,0.001681,0.001675
16.240000,16.240000,step,1.570800,0.000000,1.570816,0.000000,-0.000042,-0.000000,-0.001447,-0.000000,1.211788,-1.790096,-13.861012,0.186747,-0.356331,-0.810928,0.424911,0.000347,-0.239244,-0.317340,0.000048,0.001668,0.001665
16.260000,16.260000,step,1.570800,0.000000,1.570816,0.000000,-0.000042,-0.000000,-0.001448,-0.000000,1.212967,-1.790921,-13.868826,0.186752,-0.356328,-0.810921,0.424925,0.000344,-0.239244,-0.317340,0.000047,0.001655,0.001656
16.280000,16.280000,step,1.570800,0.000000,1.570816,0.000000,-0.000042,-0.000000,-0.001447,-0.000000,1.214146,-1.791746,-13.876638,0.186758,-0.356325,-0.810913,0.424940,0.000340,-0.239244,-0.317340,0.000046,0.001642,0.001646
16.300000,16.300000,step,1.570800,0.000000,1.570816,0.000000,-0.000042,-0.000000,-0.001435,-0.000000,1.215325,-1.792570,-13.884450,0.186764,-0.356322,-0.810906,0.424954,0.000337,-0.239244,-0.317340,0.000045,0.001630,0.001636
16.320000,16.320000,step,1.570800,0.000000,1.570816,0.000000,-0.000042,-0.000000,-0.001436,-0.000000,1.216504,-1.793395,-13.892262,0.186769,-0.356320,-0.810898,0.424968,0.000333,-0.239244,-0.317340,0.000044,0.001618,0.001625
16.340000,16.340000,step,1.570800,0.000000,1.570816,0.000000,-0.000042,-0.000000,-0.001435,-0.000000,1.217682,-1.794219,-13.900074,0.186775,-0.356317,-0.810890,0.424983,0.000330,-0.239244,-0.317340,0.000043,0.001607,0.001614
16.360000,16.360000,step,1.570800,0.000000,1.570815,0.000000,-0.000042,-0.000000,-0.001424,-0.000000,1.218861,-1.795044,-13.907888,0.186780,-0.356314,-0.810883,0.424997,0.000326,-0.239244,-0.317340,0.000042,0.001596,0.001603
16.380000,16.380000,step,1.570800,0.000000,1.570815,0.000000,-0.000042,-0.000000,-0.001424,-0.000000,1.220039,-1.795869,-13.915702,0.186785,-0.356311,-0.810875,0.425011,0.000323,-0.239244,-0.317339,0.000041,0.001585,0.001591
16.400000,16.400000,step,1.570800,0.000000,1.570815,0.000000,-0.000042,-0.000000,-0.001412,-0.000000,1.221218,-1.796693,-13.923516,0.186791,-0.356308,-0.810868,0.425026,0.000319,-0.239244,-0.317339,0.000040,0.001575,0.001579
16.420000,16.420000,step,1.570800,0.000000,1.570815,0.000000,-0.000042,-0.000000,-0.001412,-0.000000,1.222397,-1.797517,-13.931328,0.186796,-0.356305,-0.810860,0.425040,0.000316,-0.239244,-0.317339,0.000039,0.001565,0.001566
16.440000,16.440000,step,1.570800,0.000000,1.570815,0.000000,-0.000042,-0.000000,-0.001411,-0.000000,1.223576,-1.798341,-13.939140,0.186802,-0.356303,-0.810853,0.425054,0.000312,-0.239244,-0.317339,0.000039,0.001555,0.001553
16.460000,16.460000,step,1.570800,0.000000,1.570815,0.000000,-0.000042,-0.000000,-0.001400,-0.000000,1.224755,-1.799165,-13.946955,0.186807,-0.356300,-0.810845,0.425069,0.000309,-0.239244,-0.317339,0.000038,0.001546,0.001539
16.480000,16.480000,step,1.570800,0.000000,1.570815,0.000000,-0.000042,-0.000000,-0.001399,-0.000000,1.225935,-1.799989,-13.954767,0.186813,-0.356297,-0.810838,0.425083,0.000305,-0.239244,-0.317339,0.000037,0.001538,0.001525
16.500000,16.500000,step,1.570800,0.000000,1.570815,0.000000,-0.000042,-0.000000,-0.001388,-0.000000,1.227114,-1.800812,-13.962581,0.186819,-0.356294,-0.810830,0.425097,0.000302,-0.239244,-0.317339,0.000036,0.001529,0.001511
16.520000,16.520000,step,1.570800,0.000000,1.570815,0.000000,-0.000042,-0.000000,-0.001388,-0.000000,1.228293,-1.801636,-13.970393,0.186824,-0.356291,-0.810823,0.425112,0.000299,-0.239244,-0.317339,0.000035,0.001521,0.001496
16.540000,16.540000,step,1.570800,0.000000,1.570815,0.000000,-0.000042,-0.000000,-0.001387,-0.000000,1.229473,-1.802459,-13.978207,0.186830,-0.356288,-0.810815,0.425126,0.000296,-0.239245,-0.317339,0.000035,0.001513,0.001482
16.560000,16.560000,step,1.570800,0.000000,1.570815,0.000000,-0.000042,-0.000000,-0.001376,-0.000000,1.230652,-1.803282,-13.986020,0.186836,-0.356285,-0.810807,0.425140,0.000292,-0.239245,-0.317339,0.000034,0.001505,0.001467
16.580000,16.580000,step,1.570800,0.000000,1.570815,0.000000,-0.000042,-0.000000,-0.001376,-0.000000,1.231831,-1.804106,-13.993833,0.186842,-0.356283,-0.810800,0.425155,0.000289,-0.239245,-0.317338,0.000032,0.001497,0.001452
16.600000,16.600000,step,1.570800,0.000000,1.570815,0.000000,-0.000042,-0.000000,-0.001363,0.000000,1.233011,-1.804929,-14.001643,0.186847,-0.356280,-0.810792,0.425169,0.000286,-0.239245,-0.317338,0.000031,0.001490,0.001436
16.620000,16.620000,step,1.570800,0.000000,1.570815,0.000000,-0.000042,-0.000000,-0.001364,-0.000000,1.234190,-1.805753,-14.009457,0.186853,-0.356277,-0.810785,0.425183,0.000283,-0.239245,-0.317338,0.000030,0.001483,0.001421
16.640000,16.640000,step,1.570800,0.000000,1.570815,0.000000,-0.000042,-0.000000,-0.001364,-0.000000,1.235370,-1.806576,-14.017271,0.186859,-0.356274,-0.810777,0.425198,0.000280,-0.239245,-0.317338,0.000029,0.001476,0.001406
16.660000,16.660000,step,1.570800,0.000000,1.570815,0.000000,-0.000042,-0.000000,-0.001352,-0.000000,1.236550,-1.807400,-14.025084,0.186865,-0.356270,-0.810770,0.425212,0.000278,-0.239244,-0.317338,0.000028,0.001469,0.001390
16.680000,16.680000,step,1.570800,0.000000,1.570815,0.000000,-0.000042,-0.000000,-0.001352,-0.000000,1.237729,-1.808223,-14.032894,0.186871,-0.356267,-0.810762,0.425227,0.000275,-0.239244,-0.317338,0.000028,0.001462,0.001374
16.700000,16.700000,step,1.570800,0.000000,1.570815,0.000000,-0.000042,-0.000000,-0.001352,0.000000,1.238909,-1.809046,-14.040706,0.186877,-0.356263,-0.810755,0.425241,0.000273,-0.239244,-0.317339,0.000028,0.001455,0.001359
16.720000,16.720000,step,1.570800,0.000000,1.570815,0.000000,-0.000042,-0.000000,-0.001352,-0.000000,1.240088,-1.809869,-14.048518,0.186883,-0.356259,-0.810748,0.425255,0.000271,-0.239243,-0.317339,0.000028,0.001448,0.001344
16.740000,16.740000,step,1.570800,0.000000,1.570815,0.000000,-0.000042,-0.000000,-0.001352,-0.000000,1.241268,-1.810693,-14.056332,0.186890,-0.356255,-0.810740,0.425270,0.000269,-0.239243,-0.317339,0.000029,0.001441,0.001330
16.760000,16.760000,step,1.570800,0.000000,1.570815,0.000000,-0.000042,-0.000000,-0.001352,-0.000000,1.242448,-1.811515,-14.064147,0.186896,-0.356252,-0.810733,0.425284,0.000267,-0.239243,-0.317339,0.000030,0.001433,0.001315
16.780000,16.780000,step,1.570800,0.000000,1.570815,0.000000,-0.000042,-0.000000,-0.001352,-0.000000,1.243627,-1.812338,-14.071959,0.186902,-0.356248,-0.810726,0.425299,0.000265,-0.239243,-0.317340,0.000031,0.001425,0.001301
16.800000,16.800000,step,1.570800,0.000000,1.570815,0.000000,-0.000042,-0.000000,-0.001352,-0.000000,1.244807,-1.813161,-14.079767,0.186908,-0.356244,-0.810718,0.425313,0.000263,-0.239242,-0.317340,0.000033,0.001417,0.001288
16.820000,16.820000,step,1.570800,0.000000,1.570815,0.000000,-0.000042,-0.000000,-0.001341,-0.000000,1.245988,-1.813983,-14.087578,0.186915,-0.356240,-0.810711,0.425328,0.000261,-0.239242,-0.317340,0.000035,0.001409,0.001274
16.840000,16.840000,step,1.570800,0.000000,1.570815,0.000000,-0.000042,-0.000000,-0.001341,-0.000000,1.247168,-1.814806,-14.095390,0.186921,-0.356237,-0.810703,0.425342,0.000259,-0.239242,-0.317341,0.000037,0.001401,0.001261
16.860000,16.860000,step,1.570800,0.000000,1.570815,0.000000,-0.000042,-0.000000,-0.001341,-0.000000,1.248348,-1.815629,-14.103206,0.186927,-0.356233,-0.810696,0.425357,0.000257,-0.239241,-0.317341,0.000040,0.001393,0.001248
16.880000,16.880000,step,1.570800,0.000000,1.570815,0.000000,-0.000042,-0.000000,-0.001341,-0.000000,1.249528,-1.816452,-14.111019,0.186934,-0.356229,-0.810689,0.425371,0.000256,-0.239241,-0.317341,0.000042,0.001384,0.001236
16.900000,16.900000,step,1.570800,0.000000,1.570815,0.000000,-0.000042,-0.000000,-0.001341,0.000000,1.250708,-1.817275,-14.118831,0.186941,-0.356225,-0.810681,0.425385,0.000255,-0.239241,-0.317342,0.000045,0.001375,0.001224
16.920000,16.920000,step,1.570800,0.000000,1.570815,0.000000,-0.000042,-0.000000,-0.001341,0.000000,1.251888,-1.818098,-14.126644,0.186947,-0.356222,-0.810674,0.425400,0.000253,-0.239241,-0.317342,0.000048,0.001366,0.001212
16.940000,16.940000,step,1.570800,0.000000,1.570815,0.000000,-0.000042,-0.000000,-0.001341,-0.000000,1.253068,-1.818920,-14.134456,0.186954,-0.356218,-0.810666,0.425414,0.000252,-0.239241,-0.317342,0.000051,0.001357,0.001202
16.960000,16.960000,step,1.570800,0.000000,1.570815,0.000000,-0.000042,-0.000000,-0.001341,0.000000,1.254248,-1.819742,-14.142270,0.186961,-0.356214,-0.810659,0.425429,0.000251,-0.239241,-0.317343,0.000053,0.001347,0.001191
16.980000,16.980000,step,1.570800,0.000000,1.570815,0.000000,-0.000042,-0.000000,-0.001341,0.000000,1.255428,-1.820564,-14.150083,0.186967,-0.356210,-0.810652,0.425442,0.000250,-0.239241,-0.317343,0.000056,0.001337,0.001181
17.000000,17.000000,step,1.570800,0.000000,1.570815,0.000000,-0.000042,-0.000000,-0.001341,-0.000000,1.256609,-1.821386,-14.157895,0.186972,-0.356208,-0.810646,0.425453,0.000248,-0.239241,-0.317343,0.000059,0.001327,0.001172
17.020000,17.020000,step,1.570800,0.000000,1.570815,0.000000,-0.000042,-0.000000,-0.001341,0.000000,1.257790,-1.822208,-14.165709,0.186977,-0.356207,-0.810641,0.425462,0.000246,-0.239242,-0.317343,0.000060,0.001317,0.001163
17.040000,17.040000,step,1.570800,0.000000,1.570815,0.000000,-0.000042,-0.000000,-0.001341,0.000000,1.258971,-1.823030,-14.173522,0.186982,-0.356205,-0.810635,0.425472,0.000244,-0.239242,-0.317342,0.000061,0.001307,0.001154
17.060000,17.060000,step,1.570800,0.000000,1.570815,0.000000,-0.000042,-0.000000,-0.001341,0.000000,1.260152,-1.823851,-14.181336,0.186987,-0.356203,-0.810630,0.425482,0.000242,-0.239243,-0.317342,0.000062,0.001296,0.001145
17.080000,17.080000,step,1.570800,0.000000,1.570815,0.000000,-0.000042,-0.000000,-0.001341,0.000000,1.261332,-1.824673,-14.189150,0.186991,-0.356201,-0.810624,0.425491,0.000241,-0.239243,-0.317342,0.000061,0.001285,0.001136
17.100000,17.100000,step,1.570800,0.000000,1.570815,0.000000,-0.000042,-0.000000,-0.001341,0.000000,1.262514,-1.825495,-14.196958,0.186996,-0.356199,-0.810619,0.425501,0.000239,-0.239244,-0.317341,0.000061,0.001274,0.001128
17.120000,17.120000,step,1.570800,0.000000,1.570815,0.000000,-0.000042,-0.000000,-0.001341,0.000000,1.263695,-1.826316,-14.204770,0.187001,-0.356197,-0.810614,0.425511,0.000237,-0.239244,-0.317341,0.000059,0.001263,0.001120
17.140000,17.140000,step,1.570800,0.000000,1.570815,0.000000,-0.000042,-0.000000,-0.001341,-0.000000,1.264876,-1.827137,-14.212584,0.187006,-0.356196,-0.810608,0.425521,0.000235,-0.239244,-0.317341,0.000057,0.001252,0.001112
17.160000,17.160000,step,1.570800,0.000000,1.570815,0.000000,-0.000042,-0.000000,-0.001341,-0.000000,1.266057,-1.827958,-14.220398,0.187011,-0.356194,-0.810603,0.425530,0.000234,-0.239245,-0.317340,0.000055,0.001241,0.001104
17.180000,17.180000,step,1.570800,0.000000,1.570815,0.000000,-0.000042,-0.000000,-0.001340,0.000000,1.267237,-1.828779,-14.228211,0.187015,-0.356192,-0.810597,0.425540,0.000232,-0.239245,-0.317340,0.000052,0.001230,0.001097
17.200000,17.200000,step,1.570800,0.000000,1.570815,0.000000,-0.000042,-0.000000,-0.001341,-0.000000,1.268418,-1.829600,-14.236022,0.187020,-0.356190,-0.810592,0.425550,0.000230,-0.239246,-0.317339,0.000049,0.001218,0.001089
17.220000,17.220000,step,1.570800,0.000000,1.570815,0.000000,-0.000042,-0.000000,-0.001340,-0.000000,1.269599,-1.830422,-14.243834,0.187024,-0.356188,-0.810587,0.425559,0.000228,-0.239246,-0.317339,0.000046,0.001207,0.001082
17.240000,17.240000,step,1.570800,0.000000,1.570815,0.000000,-0.000042,-0.000000,-0.001340,0.000000,1.270780,-1.831243,-14.251648,0.187029,-0.356187,-0.810581,0.425569,0.000226,-0.239246,-0.317339,0.000043,0.001196,0.001075
17.260000,17.260000,step,1.570800,0.000000,1.570815,0.000000,-0.000042,-0.000000,-0.001340,0.000000,1.271962,-1.832064,-14.259462,0.187033,-0.356185,-0.810576,0.425579,0.000225,-0.239247,-0.317338,0.000039,0.001185,0.001067
17.280000,17.280000,step,1.570800,0.000000,1.570815,0.000000,-0.000042,-0.000000,-0.001340,0.000000,1.273143,-1.832884,-14.267275,0.187037,-0.356183,-0.810571,0.425589,0.000223,-0.239247,-0.317338,0.000035,0.001174,0.001060
17.300000,17.300000,step,1.570800,0.000000,1.570815,0.000000,-0.000042,-0.000000,-0.001340,0.000000,1.274325,-1.833705,-14.275085,0.187042,-0.356181,-0.810565,0.425598,0.000221,-0.239247,-0.317338,0.000031,0.001163,0.001053
17.320000,17.320000,step,1.570800,0.000000,1.570814,0.000000,-0.000042,-0.000000,-0.001328,0.000000,1.275506,-1.834526,-14.282900,0.187046,-0.356179,-0.810560,0.425608,0.000219,-0.239248,-0.317337,0.000027,0.001153,0.001045
17.340000,17.340000,step,1.570800,0.000000,1.570814,0.000000,-0.000042,-0.000000,-0.001329,0.000000,1.276687,-1.835346,-14.290712,0.187050,-0.356178,-0.810555,0.425618,0.000217,-0.239248,-0.317337,0.000023,0.001143,0.001038
17.360000,17.360000,step,1.570800,0.000000,1.570814,0.000000,-0.000042,-0.000000,-0.001329,0.000000,1.277869,-1.836167,-14.298524,0.187055,-0.356176,-0.810550,0.425628,0.000216,-0.239248,-0.317337,0.000019,0.001133,0.001031
17.380000,17.380000,step,1.570800,0.000000,1.570814,0.000000,-0.000042,-0.000000,-0.001328,0.000000,1.279050,-1.836987,-14.306338,0.187059,-0.356174,-0.810544,0.425637,0.000214,-0.239249,-0.317336,0.000015,0.001123,0.001023
17.400000,17.400000,step,1.570800,0.000000,1.570814,0.000000,-0.000042,-0.000000,-0.001328,0.000000,1.280232,-1.837808,-14.314148,0.187063,-0.356172,-0.810539,0.425647,0.000212,-0.239249,-0.317336,0.000011,0.001113,0.001016
17.420000,17.420000,step,1.570800,0.000000,1.570814,0.000000,-0.000042,-0.000000,-0.001328,0.000000,1.281413,-1.838628,-14.321962,0.187068,-0.356170,-0.810534,0.425657,0.000211,-0.239250,-0.317336,0.000006,0.001103,0.001009
17.440000,17.440000,step,1.570800,0.000000,1.570814,0.000000,-0.000042,-0.000000,-0.001328,0.000000,1.282595,-1.839449,-14.329776,0.187072,-0.356168,-0.810528,0.425667,0.000209,-0.239250,-0.317335,0.000002,0.001094,0.001001
17.460000,17.460000,step,1.570800,0.000000,1.570814,0.000000,-0.000042,-0.000000,-0.001328,0.000000,1.283776,-1.840269,-14.337589,0.187076,-0.356167,-0.810523,0.425676,0.000207,-0.239250,-0.317335,-0.000003,0.001084,0.000994
17.480000,17.480000,step,1.570800,0.000000,1.570814,0.000000,-0.000042,-0.000000,-0.001316,0.000000,1.284958,-1.841089,-14.345403,0.187081,-0.356165,-0.810518,0.425686,0.000206,-0.239251,-0.317335,-0.000007,0.001075,0.000987
17.500000,17.500000,step,1.570800,0.000000,1.570814,0.000000,-0.000042,-0.000000,-0.001317,0.000000,1.286139,-1.841909,-14.353213,0.187085,-0.356163,-0.810512,0.425696,0.000204,-0.239251,-0.317334,-0.000012,0.001066,0.000979
17.520000,17.520000,step,1.570800,0.000000,1.570814,0.000000,-0.000042,-0.000000,-0.001317,0.000000,1.287321,-1.842729,-14.361026,0.187089,-0.356161,-0.810507,0.425705,0.000202,-0.239251,-0.317334,-0.000017,0.001057,0.000972
17.540000,17.540000,step,1.570800,0.000000,1.570814,0.000000,-0.000042,-0.000000,-0.001316,0.000000,1.288503,-1.843550,-14.368839,0.187094,-0.356159,-0.810502,0.425715,0.000201,-0.239252,-0.317333,-0.000021,0.001048,0.000965
17.560000,17.560000,step,1.570800,0.000000,1.570814,0.000000,-0.000042,-0.000000,-0.001316,0.000000,1.289685,-1.844370,-14.376654,0.187098,-0.356158,-0.810496,0.425725,0.000199,-0.239252,-0.317333,-0.000026,0.001040,0.000957
17.580000,17.580000,step,1.570800,0.000000,1.570814,0.000000,-0.000042,-0.000000,-0.001316,0.000000,1.290867,-1.845190,-14.384467,0.187102,-0.356156,-0.810491,0.425735,0.000197,-0.239252,-0.317333,-0.000031,0.001031,0.000950
17.600000,17.600000,step,1.570800,0.000000,1.570814,0.000000,-0.000042,-0.000000,-0.001305,0.000000,1.292049,-1.846010,-14.392278,0.187106,-0.356154,-0.810486,0.425744,0.000195,-0.239253,-0.317333,-0.000035,0.001024,0.000942
17.620000,17.620000,step,1.570800,0.000000,1.570814,0.000000,-0.000042,-0.000000,-0.001305,0.000000,1.293231,-1.846829,-14.400089,0.187110,-0.356152,-0.810481,0.425754,0.000193,-0.239253,-0.317332,-0.000040,0.001016,0.000934
17.640000,17.640000,step,1.570800,0.000000,1.570814,0.000000,-0.000042,-0.000000,-0.001304,0.000000,1.294413,-1.847649,-14.407901,0.187113,-0.356150,-0.810475,0.425764,0.000192,-0.239253,-0.317332,-0.000044,0.001009,0.000926
17.660000,17.660000,step,1.570800,0.000000,1.570814,0.000000,-0.000042,-0.000000,-0.001304,0.000000,1.295594,-1.848469,-14.415715,0.187117,-0.356149,-0.810470,0.425774,0.000190,-0.239253,-0.317332,-0.000048,0.001002,0.000918
17.680000,17.680000,step,1.570800,0.000000,1.570814,0.000000,-0.000042,-0.000000,-0.001293,0.000000,1.296776,-1.849289,-14.423528,0.187121,-0.356147,-0.810465,0.425784,0.000188,-0.239254,-0.317332,-0.000052,0.000996,0.000910
17.700000,17.700000,step,1.570800,0.000000,1.570814,0.000000,-0.000042,-0.000000,-0.001293,0.000000,1.297958,-1.850109,-14.431338,0.187125,-0.356145,-0.810460,0.425793,0.000186,-0.239254,-0.317331,-0.000056,0.000990,0.000901
17.720000,17.720000,step,1.570800,0.000000,1.570814,0.000000,-0.000042,-0.000000,-0.001292,0.000000,1.299140,-1.850928,-14.439155,0.187129,-0.356143,-0.810454,0.425803,0.000184,-0.239254,-0.317331,-0.000060,0.000984,0.000892
17.740000,17.740000,step,1.570800,0.000000,1.570814,0.000000,-0.000042,-0.000000,-0.001292,0.000000,1.300321,-1.851748,-14.446966,0.187133,-0.356142,-0.810449,0.425813,0.000182,-0.239254,-0.317331,-0.000063,0.000978,0.000883
17.760000,17.760000,step,1.570800,0.000000,1.570814,0.000000,-0.000042,-0.000000,-0.001281,0.000000,1.301504,-1.852568,-14.454778,0.187137,-0.356140,-0.810444,0.425823,0.000180,-0.239254,-0.317331,-0.000067,0.000973,0.000874
17.780000,17.780000,step,1.570800,0.000000,1.570814,0.000000,-0.000042,-0.000000,-0.001281,0.000000,1.302686,-1.853388,-14.462590,0.187141,-0.356138,-0.810439,0.425832,0.000179,-0.239255,-0.317331,-0.000071,0.000969,0.000865
17.800000,17.800000,step,1.570800,0.000000,1.570814,0.000000,-0.000042,-0.000000,-0.001281,0.000000,1.303868,-1.854207,-14.470400,0.187144,-0.356136,-0.810433,0.425842,0.000177,-0.239255,-0.317330,-0.000074,0.000964,0.000855
17.820000,17.820000,step,1.570800,0.000000,1.570814,0.000000,-0.000042,-0.000000,-0.001280,0.000000,1.305050,-1.855027,-14.478214,0.187148,-0.356134,-0.810428,0.425852,0.000175,-0.239255,-0.317330,-0.000078,0.000960,0.000846
17.840000,17.840000,step,1.570800,0.000000,1.570814,0.000000,-0.000042,-0.000000,-0.001269,0.000000,1.306233,-1.855846,-14.486030,0.187152,-0.356133,-0.810423,0.425862,0.000173,-0.239255,-0.317330,-0.000081,0.000956,0.000836
17.860000,17.860000,step,1.570800,0.000000,1.570814,0.000000,-0.000042,-0.000000,-0.001269,0.000000,1.307415,-1.856665,-14.493845,0.187156,-0.356131,-0.810418,0.425872,0.000172,-0.239255,-0.317330,-0.000085,0.000953,0.000826
17.880000,17.880000,step,1.570800,0.000000,1.570814,0.000000,-0.000042,-0.000000,-0.001268,0.000000,1.308598,-1.857484,-14.501657,0.187160,-0.356129,-0.810412,0.425881,0.000170,-0.239255,-0.317330,-0.000088,0.000949,0.000816
17.900000,17.900000,step,1.570800,0.000000,1.570814,0.000000,-0.000042,-0.000000,-0.001268,0.000000,1.309780,-1.858304,-14.509467,0.187165,-0.356126,-0.810407,0.425891,0.000169,-0.239255,-0.317329,-0.000091,0.000946,0.000806
17.920000,17.920000,step,1.570800,0.000000,1.570814,0.000000,-0.000042,-0.000000,-0.001268,0.000000,1.310962,-1.859123,-14.517282,0.187169,-0.356124,-0.810402,0.425901,0.000168,-0.239255,-0.317330,-0.000093,0.000942,0.000796
17.940000,17.940000,step,1.570800,0.000000,1.570814,0.000000,-0.000042,-0.000000,-0.001258,0.000000,1.312144,-1.859942,-14.525096,0.187173,-0.356121,-0.810397,0.425911,0.000167,-0.239255,-0.317330,-0.000095,0.000938,0.000787
17.960000,17.960000,step,1.570800,0.000000,1.570814,0.000000,-0.000042,-0.000000,-0.001257,0.000000,1.313326,-1.860761,-14.532909,0.187178,-0.356118,-0.810392,0.425921,0.000166,-0.239255,-0.317330,-0.000097,0.000934,0.000777
17.980000,17.980000,step,1.570800,0.000000,1.570814,0.000000,-0.000042,-0.000000,-0.001257,0.000000,1.314509,-1.861580,-14.540718,0.187182,-0.356115,-0.810387,0.425931,0.000165,-0.239254,-0.317330,-0.000098,0.000930,0.000769
18.000000,18.000000,step,1.570800,0.000000,1.570814,0.000000,-0.000042,-0.000000,-0.001258,0.000000,1.315691,-1.862399,-14.548527,0.187187,-0.356113,-0.810382,0.425941,0.000164,-0.239254,-0.317330,-0.000099,0.000926,0.000760
18.020000,18.020000,step,1.570800,0.000000,1.570814,0.000000,-0.000042,-0.000000,-0.001257,0.000000,1.316873,-1.863218,-14.556343,0.187191,-0.356110,-0.810377,0.425951,0.000163,-0.239254,-0.317330,-0.000099,0.000921,0.000752
18.040000,18.040000,step,1.570800,0.000000,1.570814,0.000000,-0.000042,-0.000000,-0.001257,0.000000,1.318056,-1.864037,-14.564157,0.187194,-0.356108,-0.810373,0.425959,0.000162,-0.239254,-0.317330,-0.000099,0.000917,0.000744
18.060000,18.060000,step,1.570800,0.000000,1.570814,0.000000,-0.000042,-0.000000,-0.001257,0.000000,1.319239,-1.864856,-14.571972,0.187197,-0.356107,-0.810370,0.425964,0.000160,-0.239254,-0.317331,-0.000099,0.000912,0.000736
18.080000,18.080000,step,1.570800,0.000000,1.570814,0.000000,-0.000042,-0.000000,-0.001257,0.000000,1.320422,-1.865675,-14.579784,0.187199,-0.356106,-0.810368,0.425969,0.000159,-0.239254,-0.317331,-0.000098,0.000908,0.000729
18.100000,18.100000,step,1.570800,0.000000,1.570814,0.000000,-0.000042,-0.000000,-0.001257,0.000000,1.321605,-1.866493,-14.587594,0.187200,-0.356105,-0.810366,0.425973,0.000157,-0.239254,-0.317331,-0.000098,0.000903,0.000721
18.120000,18.120000,step,1.570800,0.000000,1.570814,0.000000,-0.000042,-0.000000,-0.001257,0.000000,1.322789,-1.867311,-14.595408,0.187202,-0.356103,-0.810363,0.425978,0.000155,-0.239253,-0.317331,-0.000098,0.000898,0.000713
18.140000,18.140000,step,1.570800,0.000000,1.570814,0.000000,-0.000042,-0.000000,-0.001257,0.000000,1.323972,-1.868129,-14.603220,0.187204,-0.356102,-0.810361,0.425982,0.000153,-0.239253,-0.317331,-0.000097,0.000893,0.000705
18.160000,18.160000,step,1.570800,0.000000,1.570814,0.000000,-0.000042,-0.000000,-0.001257,0.000000,1.325155,-1.868948,-14.611034,0.187206,-0.356101,-0.810359,0.425987,0.000152,-0.239253,-0.317331,-0.000096,0.000887,0.000698
18.180000,18.180000,step,1.570800,0.000000,1.570814,0.000000,-0.000042,-0.000000,-0.001257,0.000000,1.326338,-1.869766,-14.618849,0.187208,-0.356100,-0.810356,0.425991,0.000150,-0.239253,-0.317331,-0.000096,0.000882,0.000690
18.200000,18.200000,step,1.570800,0.000000,1.570814,0.000000,-0.000042,-0.000000,-0.001257,0.000000,1.327521,-1.870584,-14.626660,0.187211,-0.356098,-0.810354,0.425996,0.000149,-0.239253,-0.317331,-0.000095,0.000876,0.000683
18.220000,18.220000,step,1.570800,0.000000,1.570814,0.000000,-0.000042,-0.000000,-0.001257,0.000000,1.328704,-1.871402,-14.634475,0.187213,-0.356097,-0.810352,0.426000,0.000147,-0.239253,-0.317331,-0.000094,0.000870,0.000676
18.240000,18.240000,step,1.570800,0.000000,1.570814,0.000000,-0.000042,-0.000000,-0.001257,0.000000,1.329888,-1.872221,-14.642286,0.187215,-0.356096,-0.810349,0.426005,0.000146,-0.239253,-0.317332,-0.000093,0.000864,0.000669
18.260000,18.260000,step,1.570800,0.000000,1.570814,0.000000,-0.000042,-0.000000,-0.001257,0.000000,1.331071,-1.873040,-14.650099,0.187217,-0.356094,-0.810347,0.426010,0.000145,-0.239252,-0.317332,-0.000092,0.000857,0.000662
18.280000,18.280000,step,1.570800,0.000000,1.570814,0.000000,-0.000042,-0.000000,-0.001257,0.000000,1.332254,-1.873858,-14.657913,0.187219,-0.356093,-0.810345,0.426014,0.000144,-0.239252,-0.317332,-0.000090,0.000850,0.000656
18.300000,18.300000,step,1.570800,0.000000,1.570814,0.000000,-0.000042,-0.000000,-0.001257,0.000000,1.333437,-1.874676,-14.665725,0.187221,-0.356091,-0.810343,0.426019,0.000142,-0.239252,-0.317332,-0.000089,0.000843,0.000650
18.320000,18.320000,step,1.570800,0.000000,1.570814,0.000000,-0.000042,-0.000000,-0.001257,0.000000,1.334620,-1.875494,-14.673539,0.187223,-0.356090,-0.810340,0.426023,0.000141,-0.239252,-0.317333,-0.000087,0.000836,0.000644
18.340000,18.340000,step,1.570800,0.000000,1.570814,0.000000,-0.000042,-0.000000,-0.001257,0.000000,1.335803,-1.876313,-14.681353,0.187226,-0.356089,-0.810338,0.426028,0.000140,-0.239252,-0.317333,-0.000085,0.000829,0.000638
18.360000,18.360000,step,1.570800,0.000000,1.570814,0.000000,-0.000042,-0.000000,-0.001257,0.000000,1.336987,-1.877130,-14.689166,0.187228,-0.356087,-0.810336,0.426032,0.000139,-0.239251,-0.317333,-0.000083,0.000821,0.000632
18.380000,18.380000,step,1.570800,0.000000,1.570814,0.000000,-0.000042,-0.000000,-0.001257,0.000000,1.338170,-1.877948,-14.696979,0.187230,-0.356086,-0.810333,0.426037,0.000138,-0.239251,-0.317333,-0.000081,0.000814,0.000627
18.400000,18.400000,step,1.570800,0.000000,1.570814,0.000000,-0.000042,-0.000000,-0.001257,0.000000,1.339353,-1.878766,-14.704790,0.187232,-0.356084,-0.810331,0.426042,0.000137,-0.239251,-0.317333,-0.000079,0.000806,0.000622
18.420000,18.420000,step,1.570800,0.000000,1.570814,0.000000,-0.000042,-0.000000,-0.001257,0.000000,1.340536,-1.879584,-14.712604,0.187234,-0.356083,-0.810329,0.426046,0.000136,-0.239251,-0.317334,-0.000077,0.000798,0.000617
18.440000,18.440000,step,1.570800,0.000000,1.570814,0.000000,-0.000042,-0.000000,-0.001257,0.000000,1.341719,-1.880401,-14.720417,0.187236,-0.356082,-0.810327,0.426051,0.000135,-0.239251,-0.317334,-0.000075,0.000790,0.000612
18.460000,18.460000,step,1.570800,0.000000,1.570814,0.000000,-0.000042,-0.000000,-0.001257,0.000000,1.342903,-1.881220,-14.728230,0.187238,-0.356081,-0.810324,0.426055,0.000134,-0.239251,-0.317334,-0.000073,0.000782,0.000607
18.480000,18.480000,step,1.570800,0.000000,1.570814,0.000000,-0.000042,-0.000000,-0.001257,0.000000,1.344087,-1.882037,-14.736041,0.187240,-0.356080,-0.810322,0.426060,0.000133,-0.239251,-0.317334,-0.000071,0.000774,0.000603
18.500000,18.500000,step,1.570800,0.000000,1.570814,0.000000,-0.000042,-0.000000,-0.001257,0.000000,1.345270,-1.882854,-14.743853,0.187242,-0.356078,-0.810319,0.426064,0.000132,-0.239250,-0.317334,-0.000069,0.000766,0.000598
18.520000,18.520000,step,1.570800,0.000000,1.570814,0.000000,-0.000042,-0.000000,-0.001257,0.000000,1.346453,-1.883672,-14.751666,0.187244,-0.356077,-0.810317,0.426069,0.000130,-0.239250,-0.317334,-0.000067,0.000759,0.000594
18.540000,18.540000,step,1.570800,0.000000,1.570814,0.000000,-0.000042,-0.000000,-0.001256,0.000000,1.347637,-1.884489,-14.759477,0.187246,-0.356076,-0.810315,0.426074,0.000129,-0.239250,-0.317335,-0.000065,0.000751,0.000589
18.560000,18.560000,step,1.570800,0.000000,1.570814,0.000000,-0.000042,-0.000000,-0.001257,0.000000,1.348821,-1.885307,-14.767288,0.187247,-0.356075,-0.810312,0.426078,0.000128,-0.239250,-0.317335,-0.000063,0.000743,0.000585
18.580000,18.580000,step,1.570800,0.000000,1.570814,0.000000,-0.000042,-0.000000,-0.001256,0.000000,1.350005,-1.886125,-14.775102,0.187249,-0.356074,-0.810310,0.426083,0.000127,-0.239250,-0.317335,-0.000061,0.000736,0.000580
18.600000,18.600000,step,1.570800,0.000000,1.570814,0.000000,-0.000042,-0.000000,-0.001245,0.000000,1.351188,-1.886943,-14.782913,0.187251,-0.356073,-0.810308,0.426087,0.000126,-0.239250,-0.317335,-0.000060,0.000728,0.000576
18.620000,18.620000,step,1.570800,0.000000,1.570814,0.000000,-0.000042,-0.000000,-0.001245,0.000000,1.352372,-1.887761,-14.790727,0.187253,-0.356072,-0.810305,0.426092,0.000125,-0.239250,-0.317335,-0.000058,0.000721,0.000571
18.640000,18.640000,step,1.570800,0.000000,1.570814,0.000000,-0.000042,-0.000000,-0.001245,0.000000,1.353556,-1.888579,-14.798539,0.187255,-0.356071,-0.810303,0.426096,0.000124,-0.239250,-0.317335,-0.000056,0.000714,0.000567
18.660000,18.660000,step,1.570800,0.000000,1.570814,0.000000,-0.000042,-0.000000,-0.001245,0.000000,1.354740,-1.889396,-14.806353,0.187257,-0.356070,-0.810301,0.426101,0.000123,-0.239250,-0.317336,-0.000055,0.000707,0.000562
18.680000,18.680000,step,1.570800,0.000000,1.570814,0.000000,-0.000042,-0.000000,-0.001245,0.000000,1.355923,-1.890213,-14.814162,0.187259,-0.356069,-0.810298,0.426105,0.000122,-0.239250,-0.317336,-0.000053,0.000700,0.000558
18.700000,18.700000,step,1.570800,0.000000,1.570814,0.000000,-0.000042,-0.000000,-0.001245,0.000000,1.357107,-1.891031,-14.821974,0.187260,-0.356068,-0.810296,0.426110,0.000121,-0.239250,-0.317336,-0.000052,0.000693,0.000554
18.720000,18.720000,step,1.570800,0.000000,1.570814,0.000000,-0.000042,-0.000000,-0.001245,0.000000,1.358291,-1.891848,-14.829788,0.187262,-0.356067,-0.810294,0.426114,0.000119,-0.239250,-0.317336,-0.000050,0.000687,0.000549
18.740000,18.740000,step,1.570800,0.000000,1.570814,0.000000,-0.000042,-0.000000,-0.001245,0.000000,1.359474,-1.892665,-14.837601,0.187264,-0.356066,-0.810291,0.426119,0.000118,-0.239250,-0.317336,-0.000049,0.000680,0.000545
18.760000,18.760000,step,1.570800,0.000000,1.570814,0.000000,-0.000042,-0.000000,-0.001245,0.000000,1.360658,-1.893482,-14.845413,0.187266,-0.356065,-0.810289,0.426124,0.000117,-0.239250,-0.317336,-0.000047,0.000673,0.000540
18.780000,18.780000,step,1.570800,0.000000,1.570814,0.000000,-0.000042,-0.000000,-0.001245,0.000000,1.361842,-1.894300,-14.853228,0.187268,-0.356063,-0.810287,0.426128,0.000116,-0.239250,-0.317337,-0.000046,0.000667,0.000536
18.800000,18.800000,step,1.570800,0.000000,1.570814,0.000000,-0.000042,-0.000000,-0.001245,0.000000,1.363025,-1.895117,-14.861036,0.187270,-0.356062,-0.810284,0.426133,0.000115,-0.239250,-0.317337,-0.000044,0.000661,0.000532
18.820000,18.820000,step,1.570800,0.000000,1.570814,0.000000,-0.000042,-0.000000,-0.001244,0.000000,1.364209,-1.895934,-14.868851,0.187272,-0.356061,-0.810282,0.426137,0.000114,-0.239250,-0.317337,-0.000043,0.000655,0.000527
18.840000,18.840000,step,1.570800,0.000000,1.570814,0.000000,-0.000042,-0.000000,-0.001244,0.000000,1.365393,-1.896752,-14.876664,0.187273,-0.356060,-0.810280,0.426142,0.000113,-0.239250,-0.317337,-0.000042,0.000649,0.000523
18.860000,18.860000,step,1.570800,0.000000,1.570814,0.000000,-0.000042,-0.000000,-0.001234,0.000000,1.366577,-1.897569,-14.884478,0.187275,-0.356059,-0.810277,0.426146,0.000112,-0.239250,-0.317337,-0.000040,0.000643,0.000518
18.880000,18.880000,step,1.570800,0.000000,1.570814,0.000000,-0.000042,-0.000000,-0.001233,0.000000,1.367760,-1.898386,-14.892290,0.187277,-0.356058,-0.810275,0.426151,0.000111,-0.239250,-0.317337,-0.000039,0.000637,0.000514
18.900000,18.900000,step,1.570800,0.000000,1.570814,0.000000,-0.000042,-0.000000,-0.001233,0.000000,1.368944,-1.899204,-14.900102,0.187279,-0.356057,-0.810273,0.426155,0.000110,-0.239250,-0.317337,-0.000038,0.000631,0.000510
18.920000,18.920000,step,1.570800,0.000000,1.570814,0.000000,-0.000042,-0.000000,-0.001233,0.000000,1.370128,-1.900021,-14.907914,0.187281,-0.356056,-0.810270,0.426160,0.000110,-0.239250,-0.317338,-0.000036,0.000625,0.000506
18.940000,18.940000,step,1.570800,0.000000,1.570814,0.000000,-0.000042,-0.000000,-0.001233,0.000000,1.371312,-1.900839,-14.915726,0.187283,-0.356055,-0.810268,0.426164,0.000109,-0.239250,-0.317338,-0.000035,0.000620,0.000501
18.960000,18.960000,step,1.570800,0.000000,1.570814,0.000000,-0.000042,-0.000000,-0.001233,0.000000,1.372496,-1.901656,-14.923539,0.187284,-0.356054,-0.810265,0.426169,0.000108,-0.239250,-0.317338,-0.000033,0.000614,0.000497
18.980000,18.980000,step,1.570800,0.000000,1.570814,0.000000,-0.000042,-0.000000,-0.001233,0.000000,1.373680,-1.902474,-14.931353,0.187286,-0.356053,-0.810263,0.426174,0.000107,-0.239250,-0.317338,-0.000032,0.000609,0.000493
19.000000,19.000000,step,1.570800,0.000000,1.570814,0.000000,-0.000042,-0.000000,-0.001233,0.000000,1.374864,-1.903290,-14.939164,0.187288,-0.356052,-0.810261,0.426178,0.000106,-0.239250,-0.317338,-0.000031,0.000604,0.000489
19.020000,19.020000,step,1.570800,0.000000,1.570814,0.000000,-0.000042,-0.000000,-0.001233,0.000000,1.376049,-1.904108,-14.946978,0.187290,-0.356051,-0.810258,0.426183,0.000105,-0.239250,-0.317338,-0.000030,0.000599,0.000484
19.040000,19.040000,step,1.570800,0.000000,1.570814,0.000000,-0.000042,-0.000000,-0.001233,0.000000,1.377233,-1.904925,-14.954789,0.187292,-0.356050,-0.810256,0.426187,0.000104,-0.239250,-0.317338,-0.000028,0.000594,0.000480
19.060000,19.060000,step,1.570800,0.000000,1.570814,0.000000,-0.000042,-0.000000,-0.001233,0.000000,1.378417,-1.905741,-14.962601,0.187294,-0.356049,-0.810254,0.426192,0.000103,-0.239250,-0.317339,-0.000027,0.000589,0.000476
19.080000,19.080000,step,1.570800,0.000000,1.570814,0.000000,-0.000042,-0.000000,-0.001233,0.000000,1.379601,-1.906558,-14.970414,0.187296,-0.356048,-0.810251,0.426196,0.000102,-0.239250,-0.317339,-0.000026,0.000584,0.000472
19.100000,19.100000,step,1.570800,0.000000,1.570813,0.000000,-0.000042,-0.000000,-0.001220,0.000000,1.380785,-1.907375,-14.978226,0.187297,-0.356046,-0.810249,0.426201,0.000101,-0.239250,-0.317339,-0.000025,0.000579,0.000467
19.120000,19.120000,step,1.570800,0.000000,1.570813,0.000000,-0.000042,-0.000000,-0.001222,0.000000,1.381970,-1.908192,-14.986039,0.187299,-0.356045,-0.810247,0.426205,0.000101,-0.239250,-0.317339,-0.000023,0.000574,0.000463
19.140000,19.140000,step,1.570800,0.000000,1.570813,0.000000,-0.000042,-0.000000,-0.001222,0.000000,1.383154,-1.909009,-14.993851,0.187301,-0.356044,-0.810244,0.426210,0.000100,-0.239250,-0.317339,-0.000022,0.000570,0.000459
19.160000,19.160000,step,1.570800,0.000000,1.570813,0.000000,-0.000042,-0.000000,-0.001221,0.000000,1.384338,-1.909826,-15.001664,0.187303,-0.356043,-0.810242,0.426214,0.000099,-0.239250,-0.317339,-0.000021,0.000565,0.000455
19.180000,19.180000,step,1.570800,0.000000,1.570813,0.000000,-0.000042,-0.000000,-0.001221,0.000000,1.385522,-1.910642,-15.009475,0.187305,-0.356042,-0.810240,0.426219,0.000098,-0.239250,-0.317339,-0.000020,0.000561,0.000450
19.200000,19.200000,step,1.570800,0.000000,1.570813,0.000000,-0.000042,-0.000000,-0.001221,0.000000,1.386706,-1.911459,-15.017286,0.187307,-0.356041,-0.810237,0.426224,0.000097,-0.239250,-0.317340,-0.000019,0.000557,0.000446
19.220000,19.220000,step,1.570800,0.000000,1.570813,0.000000,-0.000042,-0.000000,-0.001221,0.000000,1.387890,-1.912276,-15.025101,0.187309,-0.356040,-0.810235,0.426228,0.000097,-0.239250,-0.317340,-0.000017,0.000552,0.000442
19.240000,19.240000,step,1.570800,0.000000,1.570813,0.000000,-0.000042,-0.000000,-0.001221,0.000000,1.389075,-1.913093,-15.032913,0.187310,-0.356039,-0.810232,0.426233,0.000096,-0.239249,-0.317340,-0.000016,0.000548,0.000438
19.260000,19.260000,step,1.570800,0.000000,1.570813,0.000000,-0.000042,-0.000000,-0.001221,0.000000,1.390259,-1.913910,-15.040726,0.187312,-0.356038,-0.810230,0.426237,0.000095,-0.239249,-0.317340,-0.000015,0.000544,0.000434
19.280000,19.280000,step,1.570800,0.000000,1.570813,0.000000,-0.000042,-0.000000,-0.001221,0.000000,1.391443,-1.914727,-15.048540,0.187314,-0.356037,-0.810228,0.426242,0.000094,-0.239249,-0.317340,-0.000014,0.000540,0.000430
19.300000,19.300000,step,1.570800,0.000000,1.570813,0.000000,-0.000042,-0.000000,-0.001221,0.000000,1.392627,-1.915543,-15.056348,0.187316,-0.356036,-0.810225,0.426246,0.000094,-0.239249,-0.317340,-0.000012,0.000537,0.000425
19.320000,19.320000,step,1.570800,0.000000,1.570813,0.000000,-0.000042,-0.000000,-0.001221,0.000000,1.393811,-1.916360,-15.064162,0.187318,-0.356035,-0.810223,0.426251,0.000093,-0.239249,-0.317340,-0.000011,0.000533,0.000421
19.340000,19.340000,step,1.570800,0.000000,1.570813,0.000000,-0.000042,-0.000000,-0.001221,0.000000,1.394995,-1.917177,-15.071976,0.187320,-0.356034,-0.810221,0.426255,0.000092,-0.239249,-0.317341,-0.000010,0.000529,0.000417
19.360000,19.360000,step,1.570800,0.000000,1.570813,0.000000,-0.000042,-0.000000,-0.001221,0.000000,1.396179,-1.917995,-15.079788,0.187322,-0.356033,-0.810218,0.426260,0.000091,-0.239249,-0.317341,-0.000009,0.000526,0.000413
19.380000,19.380000,step,1.570800,0.000000,1.570813,0.000000,-0.000042,-0.000000,-0.001221,0.000000,1.397364,-1.918812,-15.087602,0.187323,-0.356032,-0.810216,0.426264,0.000091,-0.239249,-0.317341,-0.000007,0.000522,0.000409
19.400000,19.400000,step,1.570800,0.000000,1.570813,0.000000,-0.000042,-0.000000,-0.001221,0.000000,1.398548,-1.919627,-15.095413,0.187325,-0.356030,-0.810214,0.426269,0.000090,-0.239249,-0.317341,-0.000006,0.000519,0.000405
19.420000,19.420000,step,1.570800,0.000000,1.570813,0.000000,-0.000042,-0.000000,-0.001210,0.000000,1.399732,-1.920444,-15.103226,0.187327,-0.356029,-0.810211,0.426274,0.000089,-0.239249,-0.317341,-0.000005,0.000516,0.000401
19.440000,19.440000,step,1.570800,0.000000,1.570813,0.000000,-0.000042,-0.000000,-0.001210,0.000000,1.400916,-1.921260,-15.111037,0.187329,-0.356028,-0.810209,0.426278,0.000089,-0.239249,-0.317341,-0.000004,0.000513,0.000397
19.460000,19.460000,step,1.570800,0.000000,1.570813,0.000000,-0.000042,-0.000000,-0.001209,0.000000,1.402100,-1.922076,-15.118851,0.187331,-0.356027,-0.810207,0.426283,0.000088,-0.239249,-0.317341,-0.000003,0.000510,0.000393
19.480000,19.480000,step,1.570800,0.000000,1.570813,0.000000,-0.000042,-0.000000,-0.001209,0.000000,1.403284,-1.922893,-15.126663,0.187333,-0.356026,-0.810204,0.426287,0.000087,-0.239249,-0.317341,-0.000002,0.000507,0.000389
19.500000,19.500000,step,1.570800,0.000000,1.570813,0.000000,-0.000042,-0.000000,-0.001209,0.000000,1.404468,-1.923709,-15.134475,0.187334,-0.356025,-0.810202,0.426292,0.000087,-0.239249,-0.317341,-0.000000,0.000504,0.000385
19.520000,19.520000,step,1.570800,0.000000,1.570813,0.000000,-0.000042,-0.000000,-0.001209,0.000000,1.405652,-1.924525,-15.142289,0.187336,-0.356024,-0.810200,0.426296,0.000086,-0.239249,-0.317342,0.000001,0.000501,0.000381
19.540000,19.540000,step,1.570800,0.000000,1.570813,0.000000,-0.000042,-0.000000,-0.001209,0.000000,1.406836,-1.925341,-15.150101,0.187338,-0.356023,-0.810197,0.426301,0.000086,-0.239249,-0.317342,0.000002,0.000498,0.000377
19.560000,19.560000,step,1.570800,0.000000,1.570813,0.000000,-0.000042,-0.000000,-0.001209,0.000000,1.408021,-1.926158,-15.157912,0.187340,-0.356022,-0.810195,0.426305,0.000085,-0.239249,-0.317342,0.000003,0.000496,0.000373
19.580000,19.580000,step,1.570800,0.000000,1.570813,0.000000,-0.000042,-0.000000,-0.001209,0.000000,1.409205,-1.926974,-15.165726,0.187342,-0.356021,-0.810193,0.426310,0.000084,-0.239249,-0.317342,0.000004,0.000493,0.000369
19.600000,19.600000,step,1.570800,0.000000,1.570813,0.000000,-0.000042,-0.000000,-0.001209,0.000000,1.410390,-1.927790,-15.173537,0.187344,-0.356020,-0.810190,0.426314,0.000084,-0.239249,-0.317342,0.000005,0.000491,0.000365
19.620000,19.620000,step,1.570800,0.000000,1.570813,0.000000,-0.000042,-0.000000,-0.001209,0.000000,1.411575,-1.928606,-15.181351,0.187346,-0.356019,-0.810188,0.426319,0.000083,-0.239249,-0.317342,0.000006,0.000488,0.000361
19.640000,19.640000,step,1.570800,0.000000,1.570813,0.000000,-0.000042,-0.000000,-0.001209,0.000000,1.412759,-1.929423,-15.189164,0.187348,-0.356018,-0.810185,0.426324,0.000083,-0.239249,-0.317342,0.000007,0.000486,0.000358
19.660000,19.660000,step,1.570800,0.000000,1.570813,0.000000,-0.000042,-0.000000,-0.001209,0.000000,1.413944,-1.930239,-15.196977,0.187350,-0.356017,-0.810183,0.426328,0.000082,-0.239249,-0.317342,0.000008,0.000483,0.000354
19.680000,19.680000,step,1.570800,0.000000,1.570813,0.000000,-0.000042,-0.000000,-0.001209,0.000000,1.415128,-1.931055,-15.204787,0.187352,-0.356016,-0.810181,0.426332,0.000082,-0.239249,-0.317342,0.000009,0.000481,0.000351
19.700000,19.700000,step,1.570800,0.000000,1.570813,0.000000,-0.000042,-0.000000,-0.001209,0.000000,1.416313,-1.931871,-15.212599,0.187354,-0.356015,-0.810179,0.426336,0.000082,-0.239249,-0.317342,0.000010,0.000478,0.000347
19.720000,19.720000,step,1.570800,0.000000,1.570813,0.000000,-0.000042,-0.000000,-0.001209,0.000000,1.417498,-1.932687,-15.220413,0.187355,-0.356014,-0.810177,0.426339,0.000081,-0.239249,-0.317342,0.000011,0.000475,0.000344
19.740000,19.740000,step,1.570800,0.000000,1.570813,0.000000,-0.000042,-0.000000,-0.001198,0.000000,1.418682,-1.933503,-15.228226,0.187355,-0.356014,-0.810177,0.426340,0.000080,-0.239249,-0.317342,0.000011,0.000473,0.000340
19.760000,19.760000,step,1.570800,0.000000,1.570813,0.000000,-0.000042,-0.000000,-0.001198,0.000000,1.419867,-1.934319,-15.236038,0.187355,-0.356014,-0.810177,0.426340,0.000079,-0.239249,-0.317342,0.000012,0.000470,0.000337
19.780000,19.780000,step,1.570800,0.000000,1.570813,0.000000,-0.000042,-0.000000,-0.001198,0.000000,1.421052,-1.935135,-15.243853,0.187355,-0.356014,-0.810177,0.426340,0.000077,-0.239249,-0.317343,0.000013,0.000467,0.000334
19.800000,19.800000,step,1.570800,0.000000,1.570813,0.000000,-0.000042,-0.000000,-0.001198,0.000000,1.422237,-1.935951,-15.251661,0.187355,-0.356014,-0.810177,0.426340,0.000076,-0.239249,-0.317343,0.000013,0.000463,0.000330
19.820000,19.820000,step,1.570800,0.000000,1.570813,0.000000,-0.000042,-0.000000,-0.001198,0.000000,1.423422,-1.936767,-15.259476,0.187355,-0.356014,-0.810177,0.426340,0.000075,-0.239249,-0.317343,0.000014,0.000460,0.000327
19.840000,19.840000,step,1.570800,0.000000,1.570813,0.000000,-0.000042,-0.000000,-0.001198,0.000000,1.424607,-1.937583,-15.267289,0.187355,-0.356014,-0.810177,0.426340,0.000074,-0.239249,-0.317343,0.000014,0.000457,0.000323
19.860000,19.860000,step,1.570800,0.000000,1.570813,0.000000,-0.000042,-0.000000,-0.001198,0.000000,1.425792,-1.938398,-15.275103,0.187355,-0.356014,-0.810177,0.426340,0.000073,-0.239249,-0.317343,0.000015,0.000453,0.000320
19.880000,19.880000,step,1.570800,0.000000,1.570813,0.000000,-0.000042,-0.000000,-0.001197,0.000000,1.426976,-1.939214,-15.282914,0.187355,-0.356014,-0.810177,0.426340,0.000072,-0.239249,-0.317343,0.000015,0.000449,0.000317
19.900000,19.900000,step,1.570800,0.000000,1.570813,0.000000,-0.000042,-0.000000,-0.001197,0.000000,1.428161,-1.940029,-15.290726,0.187355,-0.356014,-0.810177,0.426340,0.000071,-0.239249,-0.317343,0.000015,0.000446,0.000313
19.920000,19.920000,step,1.570800,0.000000,1.570813,0.000000,-0.000042,-0.000000,-0.001197,0.000000,1.429347,-1.940844,-15.298537,0.187355,-0.356014,-0.810177,0.426340,0.000070,-0.239249,-0.317343,0.000016,0.000442,0.000310
19.940000,19.940000,step,1.570800,0.000000,1.570813,0.000000,-0.000042,-0.000000,-0.001197,0.000000,1.430532,-1.941659,-15.306351,0.187355,-0.356014,-0.810177,0.426340,0.000069,-0.239249,-0.317343,0.000016,0.000438,0.000306
19.960000,19.960000,step,1.570800,0.000000,1.570813,0.000000,-0.000042,-0.000000,-0.001197,0.000000,1.431717,-1.942475,-15.314164,0.187355,-0.356014,-0.810177,0.426340,0.000068,-0.239249,-0.317343,0.000016,0.000434,0.000303
19.980000,19.980000,step,1.570800,0.000000,1.570813,0.000000,-0.000042,-0.000000,-0.001197,0.000000,1.432902,-1.943291,-15.321978,0.187355,-0.356014,-0.810177,0.426340,0.000067,-0.239249,-0.317343,0.000017,0.000429,0.000299
