t_wall,t_rel,label,q1_cmd,q2_cmd,q1,q2,dq1,dq2,tau1,tau2,px,py,pz,qx,qy,qz,qw,vx,vy,vz,wx,wy,wz
0.000000,0.000000,sine,0.000000,0.000000,-0.006776,-0.002554,-0.000024,0.000000,0.677696,0.255426,0.800509,-0.974649,-7.556049,-0.404388,-0.120720,-0.839327,0.342675,-0.246253,0.054830,-0.303727,-0.091049,0.008909,-0.076932
0.020000,0.020000,sine,0.000000,0.000000,-0.006776,-0.002554,-0.000024,-0.000000,0.677697,0.255426,0.799839,-0.976089,-7.563790,-0.404532,-0.120238,-0.839736,0.341673,-0.246253,0.054830,-0.303727,-0.091050,0.008910,-0.076930
0.040000,0.040000,sine,0.000000,0.000000,-0.006776,-0.002554,-0.000022,0.000000,0.677717,0.255428,0.799166,-0.977526,-7.571530,-0.404675,-0.119755,-0.840143,0.340672,-0.246253,0.054830,-0.303726,-0.091051,0.008911,-0.076930
0.060000,0.060000,sine,0.000002,0.000000,-0.006776,-0.002554,-0.000016,-0.000000,0.677802,0.255441,0.798489,-0.978962,-7.579270,-0.404817,-0.119273,-0.840549,0.339669,-0.246254,0.054830,-0.303726,-0.091051,0.008912,-0.076933
0.080000,0.080000,sine,0.000005,0.000000,-0.006775,-0.002555,0.000000,-0.000000,0.678016,0.255477,0.797809,-0.980396,-7.587010,-0.404960,-0.118790,-0.840953,0.338666,-0.246254,0.054829,-0.303726,-0.091050,0.008912,-0.076942
0.100000,0.100000,sine,0.000012,0.000000,-0.006773,-0.002556,0.000033,0.000000,0.678440,0.255555,0.797126,-0.981829,-7.594752,-0.405101,-0.118307,-0.841356,0.337662,-0.246254,0.054829,-0.303727,-0.091045,0.008913,-0.076964
0.120000,0.120000,sine,0.000025,0.000000,-0.006768,-0.002557,0.000089,0.000000,0.679163,0.255700,0.796439,-0.983260,-7.602492,-0.405241,-0.117825,-0.841759,0.336659,-0.246254,0.054827,-0.303727,-0.091037,0.008914,-0.077003
0.140000,0.140000,sine,0.000046,0.000000,-0.006760,-0.002560,0.000176,0.000000,0.680277,0.255938,0.795748,-0.984689,-7.610232,-0.405381,-0.117343,-0.842160,0.335654,-0.246255,0.054825,-0.303727,-0.091023,0.008914,-0.077064
0.160000,0.160000,sine,0.000078,0.000000,-0.006747,-0.002564,0.000304,0.000000,0.681882,0.256299,0.795054,-0.986117,-7.617974,-0.405519,-0.116863,-0.842560,0.334648,-0.246256,0.054820,-0.303728,-0.091001,0.008914,-0.077154
0.180000,0.180000,sine,0.000124,0.000000,-0.006726,-0.002569,0.000480,0.000000,0.684073,0.256815,0.794357,-0.987542,-7.625713,-0.405657,-0.116383,-0.842961,0.333639,-0.246257,0.054814,-0.303728,-0.090971,0.008914,-0.077278
0.200000,0.200000,sine,0.000187,0.000000,-0.006697,-0.002576,0.000713,0.000000,0.686944,0.257518,0.793656,-0.988967,-7.633454,-0.405794,-0.115904,-0.843361,0.332626,-0.246259,0.054805,-0.303729,-0.090932,0.008912,-0.077442
0.220000,0.220000,sine,0.000271,0.000000,-0.006656,-0.002585,0.001038,0.000000,0.690440,0.258430,0.792952,-0.990389,-7.641194,-0.405929,-0.115428,-0.843761,0.331611,-0.246261,0.054792,-0.303730,-0.090875,0.008910,-0.077670
0.240000,0.240000,sine,0.000380,0.000000,-0.006598,-0.002596,0.001732,0.000000,0.693747,0.259530,0.792244,-0.991809,-7.648936,-0.406063,-0.114956,-0.844161,0.330590,-0.246264,0.054772,-0.303730,-0.090757,0.008908,-0.078162
0.260000,0.260000,sine,0.000517,0.000000,-0.006513,-0.002607,0.003291,0.000000,0.695119,0.260650,0.791532,-0.993227,-7.656680,-0.406194,-0.114488,-0.844564,0.329562,-0.246271,0.054736,-0.303732,-0.090495,0.008909,-0.079278
0.280000,0.280000,sine,0.000687,0.000000,-0.006392,-0.002614,0.005156,0.000000,0.695120,0.261528,0.790817,-0.994643,-7.664419,-0.406322,-0.114029,-0.844969,0.328523,-0.246279,0.054685,-0.303734,-0.090179,0.008906,-0.080599
0.300000,0.300000,sine,0.000893,0.000000,-0.006232,-0.002619,0.007087,0.000000,0.694578,0.262135,0.790097,-0.996056,-7.672159,-0.406447,-0.113578,-0.845377,0.327474,-0.246290,0.054620,-0.303737,-0.089844,0.008900,-0.081948
0.320000,0.320000,sine,0.001141,0.000000,-0.006037,-0.002621,0.008729,0.000000,0.695713,0.262376,0.789374,-0.997467,-7.679898,-0.406568,-0.113135,-0.845787,0.326414,-0.246302,0.054545,-0.303740,-0.089547,0.008889,-0.083070
0.340000,0.340000,sine,0.001435,0.000000,-0.005821,-0.002619,0.009541,0.000000,0.701257,0.262194,0.788647,-0.998876,-7.687638,-0.406688,-0.112697,-0.846199,0.325349,-0.246313,0.054468,-0.303744,-0.089373,0.008872,-0.083574
0.360000,0.360000,sine,0.001779,0.000000,-0.005586,-0.002619,0.010470,0.000000,0.709689,0.262142,0.787916,-1.000282,-7.695378,-0.406805,-0.112263,-0.846611,0.324278,-0.246326,0.054385,-0.303748,-0.089169,0.008853,-0.084161
0.380000,0.380000,sine,0.002177,0.000000,-0.005326,-0.002620,0.011668,0.000000,0.720450,0.262280,0.787181,-1.001686,-7.703121,-0.406921,-0.111834,-0.847024,0.323202,-0.246339,0.054293,-0.303753,-0.088910,0.008834,-0.084942
0.400000,0.400000,sine,0.002634,0.000000,-0.005023,-0.002625,0.013720,0.000000,0.729798,0.262927,0.786442,-1.003087,-7.710862,-0.407033,-0.111414,-0.847439,0.322116,-0.246356,0.054181,-0.303758,-0.088499,0.008815,-0.086330
0.420000,0.420000,sine,0.003154,0.000000,-0.004644,-0.002637,0.017897,0.000000,0.733635,0.264235,0.785698,-1.004485,-7.718604,-0.407140,-0.111010,-0.847860,0.321009,-0.246379,0.054029,-0.303765,-0.087726,0.008802,-0.089253
0.440000,0.440000,sine,0.003742,0.000000,-0.004172,-0.002647,0.022432,0.000000,0.733123,0.265454,0.784950,-1.005879,-7.726346,-0.407240,-0.110626,-0.848290,0.319878,-0.246407,0.053844,-0.303774,-0.086872,0.008782,-0.092392
0.460000,0.460000,sine,0.004400,0.000000,-0.003610,-0.002653,0.026671,0.000000,0.731088,0.266213,0.784197,-1.007269,-7.734086,-0.407333,-0.110263,-0.848727,0.318724,-0.246438,0.053629,-0.303785,-0.086038,0.008752,-0.095269
0.480000,0.480000,sine,0.005132,0.000000,-0.002963,-0.002655,0.030540,0.000000,0.729036,0.266619,0.783438,-1.008655,-7.741826,-0.407420,-0.109918,-0.849171,0.317547,-0.246473,0.053388,-0.303796,-0.085232,0.008713,-0.097840
0.500000,0.500000,sine,0.005943,0.000000,-0.002237,-0.002656,0.034196,0.000000,0.727480,0.266881,0.782675,-1.010037,-7.749568,-0.407501,-0.109592,-0.849621,0.316350,-0.246510,0.053123,-0.303810,-0.084425,0.008667,-0.100227
0.520000,0.520000,sine,0.006836,0.000000,-0.001432,-0.002658,0.037821,0.000000,0.726408,0.267150,0.781907,-1.011415,-7.757307,-0.407575,-0.109283,-0.850076,0.315134,-0.246550,0.052833,-0.303825,-0.083584,0.008615,-0.102568
0.540000,0.540000,sine,0.007812,0.000000,-0.000548,-0.002660,0.041540,0.000000,0.725622,0.267495,0.781133,-1.012788,-7.765049,-0.407644,-0.108993,-0.850537,0.313900,-0.246592,0.052516,-0.303842,-0.082688,0.008559,-0.104956
0.560000,0.560000,sine,0.008876,0.000000,0.000419,-0.002663,0.045407,0.000000,0.724932,0.267922,0.780354,-1.014157,-7.772789,-0.407707,-0.108722,-0.851003,0.312647,-0.246637,0.052172,-0.303861,-0.081723,0.008500,-0.107431
0.580000,0.580000,sine,0.010029,0.000000,0.001471,-0.002667,0.049427,0.000000,0.724215,0.268412,0.779570,-1.015522,-7.780527,-0.407763,-0.108470,-0.851475,0.311373,-0.246684,0.051799,-0.303881,-0.080685,0.008436,-0.109998
0.600000,0.600000,sine,0.011273,0.000000,0.002611,-0.002671,0.053580,0.000000,0.723421,0.268936,0.778779,-1.016881,-7.788267,-0.407813,-0.108240,-0.851953,0.310079,-0.246734,0.051396,-0.303904,-0.079575,0.008370,-0.112640
0.620000,0.620000,sine,0.012610,0.000000,0.003842,-0.002675,0.057836,0.000000,0.722540,0.269474,0.777983,-1.018234,-7.796008,-0.407855,-0.108032,-0.852436,0.308765,-0.246786,0.050963,-0.303928,-0.078393,0.008300,-0.115338
0.640000,0.640000,sine,0.014040,0.000000,0.005165,-0.002679,0.062166,0.000000,0.721583,0.270012,0.777181,-1.019583,-7.803749,-0.407890,-0.107847,-0.852925,0.307431,-0.246841,0.050499,-0.303955,-0.077143,0.008227,-0.118069
0.660000,0.660000,sine,0.015565,0.000000,0.006582,-0.002683,0.066546,0.000000,0.720569,0.270541,0.776373,-1.020926,-7.811490,-0.407916,-0.107685,-0.853420,0.306075,-0.246898,0.050004,-0.303984,-0.075824,0.008150,-0.120816
0.680000,0.680000,sine,0.017185,0.000000,0.008093,-0.002687,0.070950,0.000000,0.719511,0.271060,0.775559,-1.022263,-7.819231,-0.407936,-0.107548,-0.853921,0.304699,-0.246956,0.049477,-0.304016,-0.074439,0.008072,-0.123563
0.700000,0.700000,sine,0.018899,0.000000,0.009699,-0.002690,0.075358,0.000000,0.718415,0.271564,0.774738,-1.023594,-7.826972,-0.407947,-0.107435,-0.854427,0.303302,-0.247015,0.048919,-0.304050,-0.072988,0.007991,-0.126295
0.720000,0.720000,sine,0.020707,0.000000,0.011400,-0.002694,0.079748,0.000000,0.717291,0.272052,0.773911,-1.024920,-7.834712,-0.407951,-0.107347,-0.854937,0.301885,-0.247076,0.048329,-0.304086,-0.071473,0.007909,-0.128996
0.740000,0.740000,sine,0.022607,0.000000,0.013193,-0.002697,0.084097,0.000000,0.716141,0.272522,0.773078,-1.026238,-7.842452,-0.407946,-0.107284,-0.855453,0.300449,-0.247138,0.047707,-0.304125,-0.069896,0.007826,-0.131653
0.760000,0.760000,sine,0.024598,0.000000,0.015080,-0.002700,0.088384,0.000000,0.714967,0.272970,0.772237,-1.027550,-7.850194,-0.407933,-0.107248,-0.855974,0.298995,-0.247200,0.047053,-0.304167,-0.068259,0.007742,-0.134250
0.780000,0.780000,sine,0.026678,0.000000,0.017057,-0.002703,0.092585,0.000000,0.713773,0.273392,0.771390,-1.028856,-7.857936,-0.407911,-0.107237,-0.856498,0.297523,-0.247262,0.046369,-0.304212,-0.066565,0.007658,-0.136771
0.800000,0.800000,sine,0.028843,0.000000,0.019123,-0.002705,0.096675,0.000000,0.712563,0.273786,0.770536,-1.030154,-7.865674,-0.407881,-0.107253,-0.857026,0.296034,-0.247323,0.045655,-0.304259,-0.064817,0.007575,-0.139200
0.820000,0.820000,sine,0.031090,0.000000,0.021275,-0.002708,0.100631,0.000000,0.711339,0.274148,0.769675,-1.031446,-7.873415,-0.407843,-0.107294,-0.857557,0.294531,-0.247385,0.044910,-0.304309,-0.063019,0.007492,-0.141521
0.840000,0.840000,sine,0.033415,0.000000,0.023509,-0.002710,0.104426,0.000000,0.710105,0.274474,0.768807,-1.032731,-7.881153,-0.407796,-0.107362,-0.858091,0.293012,-0.247444,0.044137,-0.304362,-0.061174,0.007412,-0.143718
0.860000,0.860000,sine,0.035815,0.000000,0.025822,-0.002711,0.108038,0.000000,0.708865,0.274760,0.767931,-1.034008,-7.888893,-0.407741,-0.107455,-0.858627,0.291481,-0.247503,0.043337,-0.304417,-0.059289,0.007334,-0.145774
0.880000,0.880000,sine,0.038283,0.000000,0.028210,-0.002713,0.111441,0.000000,0.707621,0.275002,0.767048,-1.035278,-7.896632,-0.407677,-0.107573,-0.859164,0.289938,-0.247559,0.042509,-0.304476,-0.057367,0.007258,-0.147673
0.900000,0.900000,sine,0.040815,0.000000,0.030668,-0.002714,0.114610,0.000000,0.706380,0.275196,0.766158,-1.036541,-7.904372,-0.407605,-0.107716,-0.859703,0.288386,-0.247613,0.041656,-0.304537,-0.055416,0.007184,-0.149398
0.920000,0.920000,sine,0.043405,0.000000,0.033190,-0.002714,0.117520,0.000000,0.705144,0.275340,0.765261,-1.037796,-7.912113,-0.407525,-0.107884,-0.860242,0.286825,-0.247665,0.040780,-0.304601,-0.053440,0.007114,-0.150934
0.940000,0.940000,sine,0.046045,0.000000,0.035770,-0.002714,0.120147,0.000000,0.703916,0.275429,0.764356,-1.039043,-7.919854,-0.407436,-0.108075,-0.860780,0.285259,-0.247712,0.039881,-0.304668,-0.051447,0.007047,-0.152266
0.960000,0.960000,sine,0.048730,0.000000,0.038403,-0.002714,0.122469,0.000000,0.702703,0.275461,0.763444,-1.040284,-7.927593,-0.407340,-0.108288,-0.861318,0.283688,-0.247756,0.038962,-0.304737,-0.049445,0.006983,-0.153378
0.980000,0.980000,sine,0.051451,0.000000,0.041080,-0.002713,0.124461,0.000000,0.701506,0.275431,0.762524,-1.041516,-7.935335,-0.407236,-0.108523,-0.861854,0.282116,-0.247796,0.038024,-0.304809,-0.047441,0.006921,-0.154254
1.000000,1.000000,sine,0.054201,0.000000,0.043796,-0.002712,0.126100,0.000000,0.700330,0.275336,0.761597,-1.042741,-7.943071,-0.407125,-0.108779,-0.862387,0.280544,-0.247832,0.037071,-0.304883,-0.045442,0.006862,-0.154881
1.020000,1.020000,sine,0.056971,0.000000,0.046541,-0.002710,0.127364,0.000000,0.699181,0.275174,0.760662,-1.043959,-7.950809,-0.407007,-0.109054,-0.862917,0.278975,-0.247863,0.036103,-0.304960,-0.043459,0.006806,-0.155244
1.040000,1.040000,sine,0.059752,0.000000,0.049308,-0.002707,0.128232,0.000000,0.698063,0.274942,0.759720,-1.045169,-7.958545,-0.406882,-0.109347,-0.863443,0.277410,-0.247889,0.035124,-0.305038,-0.041499,0.006751,-0.155329
1.060000,1.060000,sine,0.062534,0.000000,0.052088,-0.002704,0.128685,0.000000,0.696979,0.274637,0.758771,-1.046371,-7.966284,-0.406752,-0.109656,-0.863964,0.275853,-0.247910,0.034135,-0.305119,-0.039574,0.006698,-0.155125
1.080000,1.080000,sine,0.065310,0.000000,0.054871,-0.002700,0.128700,0.000000,0.695935,0.274258,0.757814,-1.047566,-7.974022,-0.406616,-0.109980,-0.864479,0.274307,-0.247925,0.033141,-0.305201,-0.037691,0.006645,-0.154618
1.100000,1.100000,sine,0.068067,0.000000,0.057648,-0.002696,0.128261,0.000000,0.694940,0.273802,0.756850,-1.048754,-7.981759,-0.406475,-0.110316,-0.864987,0.272773,-0.247934,0.032143,-0.305285,-0.035862,0.006591,-0.153797
1.120000,1.120000,sine,0.070796,0.000000,0.060409,-0.002691,0.127350,0.000000,0.693995,0.273269,0.755879,-1.049934,-7.989498,-0.406330,-0.110663,-0.865488,0.271255,-0.247938,0.031145,-0.305371,-0.034097,0.006536,-0.152650
1.140000,1.140000,sine,0.073486,0.000000,0.063143,-0.002685,0.125951,0.000000,0.693108,0.272657,0.754900,-1.051108,-7.997235,-0.406181,-0.111019,-0.865981,0.269756,-0.247935,0.030150,-0.305457,-0.032406,0.006477,-0.151169
1.160000,1.160000,sine,0.076126,0.000000,0.065841,-0.002679,0.124048,0.000000,0.692286,0.271965,0.753915,-1.052275,-8.004970,-0.406029,-0.111382,-0.866465,0.268278,-0.247927,0.029161,-0.305545,-0.030801,0.006415,-0.149343
1.180000,1.180000,sine,0.078704,0.000000,0.068490,-0.002672,0.121628,0.000000,0.691537,0.271194,0.752923,-1.053435,-8.012703,-0.405875,-0.111749,-0.866939,0.266824,-0.247913,0.028182,-0.305633,-0.029292,0.006347,-0.147163
1.200000,1.200000,sine,0.081209,0.000000,0.071079,-0.002665,0.118679,0.000000,0.690867,0.270344,0.751925,-1.054589,-8.020440,-0.405720,-0.112117,-0.867402,0.265397,-0.247893,0.027215,-0.305722,-0.027891,0.006271,-0.144623
1.220000,1.220000,sine,0.083630,0.000000,0.073598,-0.002656,0.115189,0.000000,0.690284,0.269415,0.750920,-1.055737,-8.028172,-0.405564,-0.112485,-0.867853,0.264001,-0.247867,0.026266,-0.305810,-0.026608,0.006187,-0.141714
1.240000,1.240000,sine,0.085955,0.000000,0.076034,-0.002648,0.111150,0.000000,0.689795,0.268409,0.749909,-1.056879,-8.035906,-0.405409,-0.112849,-0.868291,0.262638,-0.247835,0.025337,-0.305899,-0.025455,0.006093,-0.138431
1.260000,1.260000,sine,0.088170,0.000000,0.078375,-0.002639,0.106553,0.000000,0.689412,0.267328,0.748892,-1.058015,-8.043640,-0.405256,-0.113207,-0.868716,0.261311,-0.247798,0.024432,-0.305986,-0.024443,0.005986,-0.134768
1.280000,1.280000,sine,0.090265,0.000000,0.080610,-0.002629,0.101392,0.000000,0.689143,0.266174,0.747869,-1.059146,-8.051379,-0.405105,-0.113555,-0.869127,0.260024,-0.247756,0.023555,-0.306074,-0.023581,0.005866,-0.130722
1.300000,1.300000,sine,0.092227,0.000000,0.082726,-0.002618,0.095664,0.000000,0.688997,0.264949,0.746841,-1.060272,-8.059113,-0.404959,-0.113891,-0.869524,0.258777,-0.247709,0.022711,-0.306160,-0.022881,0.005729,-0.126287
1.320000,1.320000,sine,0.094044,0.000000,0.084710,-0.002608,0.089365,0.000000,0.688983,0.263658,0.745808,-1.061393,-8.066851,-0.404816,-0.114211,-0.869904,0.257577,-0.247656,0.021903,-0.306244,-0.022352,0.005576,-0.121463
1.340000,1.340000,sine,0.095704,0.000000,0.086552,-0.002596,0.082495,0.000000,0.689113,0.262302,0.744769,-1.062511,-8.074587,-0.404681,-0.114513,-0.870268,0.256424,-0.247600,0.021135,-0.306327,-0.022005,0.005404,-0.116245
1.360000,1.360000,sine,0.097194,0.000000,0.088238,-0.002585,0.075053,0.000000,0.689396,0.260888,0.743726,-1.063624,-8.082319,-0.404552,-0.114793,-0.870615,0.255323,-0.247540,0.020413,-0.306407,-0.021848,0.005212,-0.110634
1.380000,1.380000,sine,0.098503,0.000000,0.089757,-0.002573,0.067042,0.000000,0.689849,0.259418,0.742679,-1.064735,-8.090051,-0.404433,-0.115047,-0.870943,0.254276,-0.247476,0.019739,-0.306485,-0.021889,0.004999,-0.104629
1.400000,1.400000,sine,0.099618,0.000000,0.091095,-0.002561,0.058467,0.000000,0.690477,0.257900,0.741628,-1.065843,-8.097782,-0.404323,-0.115272,-0.871253,0.253286,-0.247409,0.019119,-0.306560,-0.022137,0.004764,-0.098231
1.420000,1.420000,sine,0.100528,0.000000,0.092242,-0.002548,0.049335,0.000000,0.691299,0.256337,0.740574,-1.066948,-8.105515,-0.404225,-0.115465,-0.871543,0.252355,-0.247339,0.018556,-0.306633,-0.022599,0.004507,-0.091441
1.440000,1.440000,sine,0.101222,0.000000,0.093185,-0.002535,0.039653,0.000000,0.692319,0.254737,0.739516,-1.068052,-8.113248,-0.404139,-0.115621,-0.871813,0.251488,-0.247266,0.018056,-0.306701,-0.023280,0.004227,-0.084261
1.460000,1.460000,sine,0.101688,0.000000,0.093912,-0.002523,0.029432,0.000000,0.693553,0.253105,0.738455,-1.069154,-8.120978,-0.404067,-0.115739,-0.872062,0.250685,-0.247191,0.017622,-0.306766,-0.024187,0.003924,-0.076695
1.480000,1.480000,sine,0.101915,0.000000,0.094413,-0.002510,0.018682,0.000000,0.695012,0.251447,0.737392,-1.070255,-8.128713,-0.404010,-0.115813,-0.872289,0.249950,-0.247114,0.017258,-0.306827,-0.025323,0.003598,-0.068745
1.500000,1.500000,sine,0.101893,0.000000,0.094691,-0.002506,0.009350,0.000000,0.694082,0.250081,0.736326,-1.071356,-8.136445,-0.403969,-0.115842,-0.872495,0.249284,-0.247038,0.016954,-0.306884,-0.026380,0.003294,-0.061847
1.520000,1.520000,sine,0.101611,0.000000,0.094814,-0.002511,0.001990,0.000000,0.671576,0.250789,0.735259,-1.072456,-8.144177,-0.403939,-0.115841,-0.872685,0.248665,-0.246962,0.016679,-0.306939,-0.027261,0.003016,-0.056312
1.540000,1.540000,sine,0.101060,0.000000,0.094723,-0.002471,-0.004962,-0.000000,0.643400,0.247403,0.734189,-1.073557,-8.151906,-0.403924,-0.115799,-0.872858,0.248103,-0.246886,0.016455,-0.306989,-0.028221,0.002736,-0.051016
1.560000,1.560000,sine,0.100229,0.000000,0.094371,-0.002412,-0.019334,-0.000000,0.631105,0.241212,0.733119,-1.074657,-8.159636,-0.403928,-0.115704,-0.873007,0.247614,-0.246803,0.016361,-0.307034,-0.030534,0.002289,-0.040236
1.580000,1.580000,sine,0.099111,0.000000,0.093689,-0.002366,-0.035932,-0.000000,0.631307,0.235675,0.732047,-1.075761,-8.167367,-0.403957,-0.115535,-0.873127,0.247224,-0.246718,0.016392,-0.307073,-0.033366,0.001795,-0.027842
1.600000,1.600000,sine,0.097697,0.000000,0.092662,-0.002336,-0.052420,-0.000000,0.637235,0.231859,0.730977,-1.076868,-8.175097,-0.404014,-0.115288,-0.873215,0.246936,-0.246631,0.016539,-0.307106,-0.036343,0.001306,-0.015541
1.620000,1.620000,sine,0.095978,0.000000,0.091300,-0.002320,-0.068102,-0.000000,0.644497,0.229521,0.729907,-1.077978,-8.182825,-0.404097,-0.114963,-0.873273,0.246745,-0.246544,0.016794,-0.307132,-0.039352,0.000841,-0.003815
1.640000,1.640000,sine,0.093948,0.000000,0.089613,-0.002311,-0.083094,-0.000000,0.651069,0.228043,0.728839,-1.079093,-8.190556,-0.404206,-0.114564,-0.873303,0.246647,-0.246455,0.017152,-0.307153,-0.042416,0.000396,0.007442
1.660000,1.660000,sine,0.091600,0.000000,0.087610,-0.002305,-0.097748,-0.000000,0.656390,0.226880,0.727772,-1.080214,-8.198286,-0.404341,-0.114088,-0.873305,0.246639,-0.246366,0.017617,-0.307167,-0.045604,-0.000033,0.018484
1.680000,1.680000,sine,0.088927,0.000000,0.085292,-0.002297,-0.112402,-0.000000,0.660658,0.225696,0.726707,-1.081339,-8.206017,-0.404501,-0.113534,-0.873280,0.246720,-0.246273,0.018190,-0.307176,-0.048981,-0.000451,0.029552
1.700000,1.700000,sine,0.085925,0.000000,0.082655,-0.002289,-0.127268,-0.000000,0.664310,0.224350,0.725644,-1.082471,-8.213746,-0.404688,-0.112901,-0.873228,0.246890,-0.246178,0.018877,-0.307178,-0.052592,-0.000858,0.040786
1.720000,1.720000,sine,0.082588,0.000000,0.079693,-0.002278,-0.142008,-0.000817,0.667709,0.222827,0.724585,-1.083610,-8.221474,-0.404901,-0.112185,-0.873147,0.247149,-0.246078,0.019681,-0.307173,-0.056443,-0.001251,0.052227
1.740000,1.740000,sine,0.078914,0.000000,0.076401,-0.002266,-0.156811,-0.002067,0.671107,0.221192,0.723528,-1.084757,-8.229197,-0.405143,-0.111383,-0.873039,0.247500,-0.245975,0.020607,-0.307162,-0.060548,-0.001622,0.063855
1.760000,1.760000,sine,0.074898,0.000000,0.072774,-0.002254,-0.171830,-0.003343,0.674566,0.219496,0.722475,-1.085912,-8.236920,-0.405412,-0.110492,-0.872902,0.247942,-0.245865,0.021657,-0.307143,-0.064910,-0.001966,0.075610
1.780000,1.780000,sine,0.070538,0.000000,0.068807,-0.002242,-0.187003,-0.004632,0.678058,0.217764,0.721427,-1.087076,-8.244647,-0.405709,-0.109508,-0.872736,0.248475,-0.245748,0.022836,-0.307116,-0.069525,-0.002275,0.087428
1.800000,1.800000,sine,0.065833,0.000000,0.064497,-0.002230,-0.202281,-0.005926,0.681356,0.216349,0.720384,-1.088251,-8.252372,-0.406035,-0.108430,-0.872541,0.249098,-0.245624,0.024144,-0.307081,-0.074387,-0.002538,0.099256
1.820000,1.820000,sine,0.060781,0.000000,0.059844,-0.002217,-0.217646,-0.007211,0.683402,0.217255,0.719346,-1.089438,-8.260097,-0.406389,-0.107256,-0.872318,0.249810,-0.245490,0.025585,-0.307038,-0.079498,-0.002749,0.111060
1.840000,1.840000,sine,0.055383,0.000000,0.054846,-0.002204,-0.233039,-0.008487,0.685398,0.218131,0.718314,-1.090636,-8.267820,-0.406771,-0.105982,-0.872066,0.250610,-0.245344,0.027159,-0.306986,-0.084844,-0.002897,0.122786
1.860000,1.860000,sine,0.049639,0.000000,0.049503,-0.002192,-0.248421,-0.009750,0.687315,0.218960,0.717288,-1.091847,-8.275541,-0.407179,-0.104608,-0.871786,0.251496,-0.245185,0.028867,-0.306925,-0.090415,-0.002971,0.134394
1.880000,1.880000,sine,0.043551,0.000000,0.043816,-0.002179,-0.263756,-0.010996,0.689142,0.219721,0.716270,-1.093071,-8.283261,-0.407615,-0.103132,-0.871478,0.252465,-0.245012,0.030709,-0.306854,-0.096202,-0.002962,0.145849
1.900000,1.900000,sine,0.037121,0.000000,0.037786,-0.002165,-0.279013,-0.012215,0.690880,0.220387,0.715258,-1.094311,-8.290980,-0.408077,-0.101553,-0.871143,0.253515,-0.244822,0.032685,-0.306773,-0.102191,-0.002859,0.157117
1.920000,1.920000,sine,0.030354,0.000000,0.031416,-0.002152,-0.294164,-0.013394,0.692549,0.220909,0.714255,-1.095565,-8.298701,-0.408564,-0.099868,-0.870780,0.254644,-0.244612,0.034795,-0.306683,-0.108370,-0.002650,0.168165
1.940000,1.940000,sine,0.023253,0.000000,0.024710,-0.002138,-0.309186,-0.014504,0.694207,0.221246,0.713259,-1.096836,-8.306423,-0.409075,-0.098078,-0.870391,0.255849,-0.244381,0.037038,-0.306581,-0.114722,-0.002325,0.178965
1.960000,1.960000,sine,0.015822,0.000000,0.017670,-0.002126,-0.324063,-0.015512,0.695953,0.221433,0.712273,-1.098124,-8.314143,-0.409608,-0.096180,-0.869975,0.257125,-0.244126,0.039412,-0.306468,-0.121233,-0.001873,0.189487
1.980000,1.980000,sine,0.008069,0.000000,0.010302,-0.002114,-0.338733,-0.016431,0.697722,0.221491,0.711295,-1.099430,-8.321858,-0.410162,-0.094176,-0.869535,0.258471,-0.243845,0.041916,-0.306343,-0.127879,-0.001283,0.199691
2.000000,2.000000,sine,0.000000,0.000000,0.002611,-0.002103,-0.353149,-0.017268,0.699487,0.221445,0.710327,-1.100753,-8.329573,-0.410736,-0.092064,-0.869069,0.259883,-0.243536,0.044545,-0.306207,-0.134642,-0.000543,0.209546
2.020000,2.020000,sine,-0.008378,0.000000,-0.005395,-0.002093,-0.367253,-0.018044,0.701168,0.221280,0.709369,-1.102096,-8.337288,-0.411327,-0.089845,-0.868580,0.261356,-0.243195,0.047298,-0.306057,-0.141498,0.000355,0.219020
2.040000,2.040000,sine,-0.017055,0.000000,-0.013709,-0.002082,-0.380992,-0.018791,0.702670,0.220970,0.708420,-1.103459,-8.345004,-0.411933,-0.087520,-0.868068,0.262886,-0.242821,0.050169,-0.305895,-0.148424,0.001421,0.228091
2.060000,2.060000,sine,-0.026023,0.000000,-0.022323,-0.002071,-0.394356,-0.019493,0.704070,0.220548,0.707482,-1.104842,-8.352716,-0.412552,-0.085090,-0.867535,0.264469,-0.242411,0.053155,-0.305719,-0.155400,0.002664,0.236753
2.080000,2.080000,sine,-0.035271,0.000000,-0.031228,-0.002059,-0.407300,-0.020161,0.705350,0.220009,0.706554,-1.106246,-8.360431,-0.413182,-0.082555,-0.866980,0.266102,-0.241964,0.056250,-0.305530,-0.162404,0.004090,0.244986
2.100000,2.100000,sine,-0.044788,0.000000,-0.040413,-0.002046,-0.419790,-0.020793,0.706519,0.219363,0.705638,-1.107671,-8.368140,-0.413820,-0.079917,-0.866406,0.267779,-0.241476,0.059448,-0.305326,-0.169409,0.005707,0.252772
2.120000,2.120000,sine,-0.054562,0.000000,-0.049867,-0.002034,-0.431797,-0.021377,0.707618,0.218628,0.704732,-1.109118,-8.375849,-0.414465,-0.077178,-0.865814,0.269496,-0.240946,0.062745,-0.305109,-0.176391,0.007519,0.260099
2.140000,2.140000,sine,-0.064581,0.000000,-0.059579,-0.002022,-0.443289,-0.021903,0.708677,0.217820,0.703836,-1.110587,-8.383561,-0.415112,-0.074339,-0.865205,0.271250,-0.240373,0.066134,-0.304876,-0.183327,0.009529,0.266949
2.160000,2.160000,sine,-0.074831,0.000000,-0.069538,-0.002010,-0.454229,-0.022364,0.709708,0.216950,0.702952,-1.112078,-8.391273,-0.415760,-0.071402,-0.864579,0.273035,-0.239753,0.069609,-0.304629,-0.190188,0.011741,0.273304
2.180000,2.180000,sine,-0.085299,0.000000,-0.079729,-0.001999,-0.464570,-0.022766,0.710674,0.216015,0.702078,-1.113592,-8.398982,-0.416405,-0.068370,-0.863939,0.274848,-0.239087,0.073162,-0.304366,-0.196950,0.014154,0.279148
2.200000,2.200000,sine,-0.095969,0.000000,-0.090138,-0.001989,-0.474278,-0.023112,0.711570,0.215021,0.701216,-1.115128,-8.406689,-0.417046,-0.065245,-0.863286,0.276683,-0.238373,0.076785,-0.304089,-0.203586,0.016767,0.284470
2.220000,2.220000,sine,-0.106825,0.000000,-0.100752,-0.001978,-0.483323,-0.023403,0.712399,0.213980,0.700364,-1.116686,-8.414398,-0.417678,-0.062031,-0.862621,0.278537,-0.237610,0.080472,-0.303797,-0.210074,0.019577,0.289263
2.240000,2.240000,sine,-0.117852,0.000000,-0.111555,-0.001969,-0.491675,-0.023640,0.713168,0.212906,0.699523,-1.118267,-8.422104,-0.418300,-0.058731,-0.861945,0.280404,-0.236797,0.084212,-0.303490,-0.216391,0.022579,0.293519
2.260000,2.260000,sine,-0.129033,0.000000,-0.122530,-0.001960,-0.499308,-0.023818,0.713889,0.211815,0.698692,-1.119870,-8.429812,-0.418908,-0.055348,-0.861261,0.282281,-0.235935,0.088000,-0.303168,-0.222514,0.025767,0.297234
2.280000,2.280000,sine,-0.140350,0.000000,-0.133662,-0.001951,-0.506188,-0.023944,0.714560,0.210719,0.697871,-1.121495,-8.437520,-0.419499,-0.051886,-0.860570,0.284162,-0.235023,0.091826,-0.302831,-0.228423,0.029131,0.300396
2.300000,2.300000,sine,-0.151785,0.000000,-0.144932,-0.001944,-0.512287,-0.024018,0.715171,0.209629,0.697060,-1.123142,-8.445227,-0.420071,-0.048351,-0.859873,0.286044,-0.234061,0.095680,-0.302481,-0.234097,0.032662,0.303001
2.320000,2.320000,sine,-0.163319,0.000000,-0.156323,-0.001937,-0.517578,-0.024045,0.715728,0.208559,0.696259,-1.124810,-8.452931,-0.420622,-0.044745,-0.859172,0.287921,-0.233052,0.099555,-0.302117,-0.239518,0.036348,0.305044
2.340000,2.340000,sine,-0.174935,0.000000,-0.167818,-0.001931,-0.522038,-0.024027,0.716226,0.207521,0.695468,-1.126498,-8.460637,-0.421148,-0.041072,-0.858469,0.289789,-0.231995,0.103443,-0.301739,-0.244669,0.040175,0.306520
2.360000,2.360000,sine,-0.186611,0.000000,-0.179396,-0.001926,-0.525641,-0.023966,0.716680,0.206533,0.694685,-1.128207,-8.468344,-0.421648,-0.037339,-0.857766,0.291645,-0.230892,0.107333,-0.301349,-0.249532,0.044128,0.307425
2.380000,2.380000,sine,-0.198329,0.000000,-0.191039,-0.001922,-0.528368,-0.023863,0.717080,0.205606,0.693910,-1.129935,-8.476048,-0.422118,-0.033550,-0.857063,0.293484,-0.229746,0.111217,-0.300947,-0.254093,0.048190,0.307753
2.400000,2.400000,sine,-0.210068,0.000000,-0.202727,-0.001918,-0.530200,-0.023720,0.717429,0.204752,0.693143,-1.131682,-8.483760,-0.422558,-0.029710,-0.856364,0.295300,-0.228559,0.115087,-0.300534,-0.258340,0.052343,0.307502
2.420000,2.420000,sine,-0.221807,0.000000,-0.214441,-0.001916,-0.531118,-0.023540,0.717731,0.203984,0.692384,-1.133446,-8.491467,-0.422965,-0.025825,-0.855670,0.297091,-0.227332,0.118934,-0.300110,-0.262259,0.056567,0.306667
2.440000,2.440000,sine,-0.233526,0.000000,-0.226158,-0.001915,-0.531107,-0.023322,0.717980,0.203309,0.691632,-1.135227,-8.499177,-0.423338,-0.021900,-0.854982,0.298851,-0.226070,0.122749,-0.299677,-0.265840,0.060844,0.305246
2.460000,2.460000,sine,-0.245203,0.000000,-0.237860,-0.001914,-0.530154,-0.023067,0.718187,0.202740,0.690886,-1.137023,-8.506884,-0.423674,-0.017941,-0.854302,0.300576,-0.224776,0.126525,-0.299236,-0.269076,0.065151,0.303234
2.480000,2.480000,sine,-0.256818,0.000000,-0.249524,-0.001915,-0.528247,-0.022779,0.718344,0.202282,0.690147,-1.138835,-8.514593,-0.423974,-0.013953,-0.853633,0.302262,-0.223454,0.130253,-0.298787,-0.271957,0.069466,0.300628
2.500000,2.500000,sine,-0.268348,0.000000,-0.261131,-0.001917,-0.525375,-0.022456,0.718455,0.201943,0.689412,-1.140659,-8.522306,-0.424236,-0.009942,-0.852975,0.303905,-0.222107,0.133926,-0.298332,-0.274475,0.073767,0.297424
2.520000,2.520000,sine,-0.279773,0.000000,-0.272657,-0.001920,-0.521534,-0.022099,0.718507,0.201728,0.688682,-1.142496,-8.530022,-0.424459,-0.005916,-0.852332,0.305501,-0.220741,0.137535,-0.297872,-0.276627,0.078033,0.293619
2.540000,2.540000,sine,-0.291070,0.000000,-0.284083,-0.001925,-0.516717,-0.021709,0.718501,0.201638,0.687956,-1.144344,-8.537737,-0.424642,-0.001880,-0.851704,0.307045,-0.219359,0.141075,-0.297408,-0.278409,0.082239,0.289211
2.560000,2.560000,sine,-0.302219,0.000000,-0.295386,-0.001930,-0.510922,-0.021286,0.718449,0.201675,0.687234,-1.146201,-8.545453,-0.424787,0.002160,-0.851093,0.308533,-0.217968,0.144539,-0.296941,-0.279817,0.086363,0.284196
2.580000,2.580000,sine,-0.313197,0.000000,-0.306545,-0.001937,-0.504151,-0.020826,0.718342,0.201842,0.686515,-1.148067,-8.553174,-0.424891,0.006198,-0.850502,0.309961,-0.216571,0.147920,-0.296473,-0.280849,0.090382,0.278571
2.600000,2.600000,sine,-0.323983,0.000000,-0.317538,-0.001945,-0.496409,-0.020324,0.718179,0.202136,0.685798,-1.149939,-8.560894,-0.424956,0.010225,-0.849932,0.311326,-0.215175,0.151211,-0.296004,-0.281507,0.094275,0.272334
2.620000,2.620000,sine,-0.334557,0.000000,-0.328344,-0.001954,-0.487684,-0.019796,0.717915,0.202536,0.685082,-1.151816,-8.568615,-0.424983,0.014236,-0.849385,0.312621,-0.213785,0.154406,-0.295537,-0.281789,0.098018,0.265478
2.640000,2.640000,sine,-0.344896,0.000000,-0.338942,-0.001964,-0.477991,-0.019237,0.717547,0.203042,0.684367,-1.153697,-8.576342,-0.424972,0.018225,-0.848863,0.313844,-0.212408,0.157501,-0.295072,-0.281698,0.101593,0.258004
2.660000,2.660000,sine,-0.354981,0.000000,-0.349311,-0.001975,-0.467340,-0.018646,0.717078,0.203646,0.683653,-1.155580,-8.584071,-0.424924,0.022184,-0.848368,0.314991,-0.211049,0.160491,-0.294610,-0.281238,0.104979,0.249912
2.680000,2.680000,sine,-0.364790,0.000000,-0.359429,-0.001987,-0.455748,-0.018015,0.716517,0.204341,0.682939,-1.157464,-8.591802,-0.424840,0.026106,-0.847902,0.316057,-0.209714,0.163370,-0.294154,-0.280412,0.108158,0.241202
2.700000,2.700000,sine,-0.374304,0.000000,-0.369276,-0.002001,-0.443237,-0.017328,0.715899,0.205135,0.682224,-1.159346,-8.599539,-0.424723,0.029986,-0.847465,0.317039,-0.208411,0.166135,-0.293705,-0.279227,0.111114,0.231872
2.720000,2.720000,sine,-0.383502,0.000000,-0.378832,-0.002016,-0.429811,-0.016588,0.715180,0.205999,0.681508,-1.161225,-8.607277,-0.424573,0.033816,-0.847062,0.317932,-0.207144,0.168781,-0.293263,-0.277688,0.113828,0.221915
2.740000,2.740000,sine,-0.392366,0.000000,-0.388076,-0.002031,-0.415473,-0.015810,0.714286,0.206898,0.680790,-1.163101,-8.615019,-0.424392,0.037589,-0.846692,0.318733,-0.205920,0.171305,-0.292830,-0.275801,0.116288,0.211327
2.760000,2.760000,sine,-0.400876,0.000000,-0.396990,-0.002047,-0.400247,-0.014997,0.713198,0.207812,0.680070,-1.164970,-8.622766,-0.424183,0.041300,-0.846359,0.319437,-0.204746,0.173703,-0.292408,-0.273573,0.118480,0.200111
2.780000,2.780000,sine,-0.409015,0.000000,-0.405553,-0.002063,-0.384162,-0.014148,0.711906,0.208723,0.679347,-1.166831,-8.630514,-0.423948,0.044941,-0.846063,0.320040,-0.203627,0.175972,-0.291997,-0.271017,0.120395,0.188273
2.800000,2.800000,sine,-0.416764,0.000000,-0.413747,-0.002079,-0.367254,-0.013244,0.710446,0.209630,0.678621,-1.168682,-8.638267,-0.423689,0.048505,-0.845807,0.320538,-0.202571,0.178110,-0.291600,-0.268143,0.122024,0.175819
2.820000,2.820000,sine,-0.424106,0.000000,-0.421555,-0.002097,-0.349560,-0.012267,0.708859,0.210530,0.677890,-1.170523,-8.646024,-0.423409,0.051987,-0.845592,0.320929,-0.201582,0.180115,-0.291217,-0.264961,0.123360,0.162749
2.840000,2.840000,sine,-0.431025,0.000000,-0.428959,-0.002117,-0.331138,-0.011162,0.707279,0.211454,0.677156,-1.172350,-8.653787,-0.423111,0.055380,-0.845421,0.321206,-0.200668,0.181983,-0.290849,-0.261485,0.124400,0.149067
2.860000,2.860000,sine,-0.437504,0.000000,-0.435942,-0.002140,-0.311976,-0.009943,0.705582,0.212347,0.676417,-1.174164,-8.661551,-0.422798,0.058678,-0.845294,0.321368,-0.199832,0.183714,-0.290497,-0.257721,0.125139,0.134755
2.880000,2.880000,sine,-0.443530,0.000000,-0.442489,-0.002164,-0.292088,-0.008627,0.703632,0.213143,0.675673,-1.175961,-8.669323,-0.422471,0.061874,-0.845213,0.321410,-0.199082,0.185305,-0.290164,-0.253684,0.125574,0.119809
2.900000,2.900000,sine,-0.449087,0.000000,-0.448583,-0.002188,-0.271503,-0.007229,0.701391,0.213814,0.674925,-1.177742,-8.677099,-0.422135,0.064963,-0.845181,0.321328,-0.198424,0.186754,-0.289849,-0.249386,0.125709,0.104238
2.920000,2.920000,sine,-0.454162,0.000000,-0.454209,-0.002213,-0.250259,-0.005755,0.698803,0.214326,0.674170,-1.179503,-8.684880,-0.421792,0.067939,-0.845198,0.321117,-0.197860,0.188059,-0.289553,-0.244845,0.125545,0.088055
2.940000,2.940000,sine,-0.458742,0.000000,-0.459354,-0.002237,-0.228421,-0.004204,0.694849,0.216613,0.673410,-1.181244,-8.692667,-0.421446,0.070796,-0.845266,0.320774,-0.197398,0.189220,-0.289279,-0.240082,0.125093,0.071286
2.960000,2.960000,sine,-0.462815,0.000000,-0.464004,-0.002261,-0.206023,-0.002579,0.689991,0.219755,0.672644,-1.182963,-8.700457,-0.421099,0.073529,-0.845388,0.320295,-0.197040,0.190234,-0.289026,-0.235114,0.124359,0.053939
2.980000,2.980000,sine,-0.466371,0.000000,-0.468148,-0.002284,-0.183093,-0.000885,0.684677,0.222851,0.671871,-1.184660,-8.708251,-0.420753,0.076132,-0.845563,0.319676,-0.196791,0.191102,-0.288796,-0.229954,0.123351,0.036013
3.000000,3.000000,sine,-0.469399,0.000000,-0.471773,-0.002306,-0.159220,-0.000001,0.678848,0.225873,0.671092,-1.186331,-8.716052,-0.420413,0.078602,-0.845794,0.318914,-0.196655,0.191819,-0.288588,-0.224605,0.122073,0.017517
3.020000,3.020000,sine,-0.471891,0.000000,-0.474869,-0.002327,-0.134415,-0.000000,0.672515,0.228817,0.670306,-1.187977,-8.723858,-0.420081,0.080934,-0.846082,0.318004,-0.196635,0.192387,-0.288405,-0.219087,0.120538,-0.001536
3.040000,3.040000,sine,-0.473837,0.000000,-0.477428,-0.002347,-0.109183,-0.000000,0.665681,0.231668,0.669514,-1.189596,-8.731671,-0.419760,0.083122,-0.846428,0.316942,-0.196733,0.192804,-0.288245,-0.213432,0.118767,-0.021119
3.060000,3.060000,sine,-0.475231,0.000000,-0.479440,-0.002366,-0.083677,-0.000000,0.658671,0.234402,0.668715,-1.191187,-8.739491,-0.419452,0.085164,-0.846832,0.315726,-0.196953,0.193068,-0.288111,-0.207642,0.116767,-0.041083
3.080000,3.080000,sine,-0.476066,0.000000,-0.480903,-0.002384,-0.057996,-0.000000,0.651942,0.237087,0.667909,-1.192749,-8.747316,-0.419159,0.087056,-0.847295,0.314353,-0.197294,0.193179,-0.288002,-0.201704,0.114537,-0.061294
3.100000,3.100000,sine,-0.476338,0.000000,-0.481810,-0.002403,-0.032161,-0.000000,0.645699,0.239820,0.667095,-1.194281,-8.755148,-0.418885,0.088795,-0.847817,0.312823,-0.197758,0.193133,-0.287919,-0.195592,0.112070,-0.081678
3.120000,3.120000,sine,-0.476042,0.000000,-0.482160,-0.002423,-0.006168,-0.000000,0.640002,0.242674,0.666275,-1.195781,-8.762982,-0.418630,0.090379,-0.848396,0.311134,-0.198345,0.192930,-0.287862,-0.189281,0.109362,-0.102180
3.140000,3.140000,sine,-0.475175,0.000000,-0.482004,-0.002448,0.011453,0.000000,0.657478,0.245939,0.665448,-1.197250,-8.770825,-0.418395,0.091818,-0.849027,0.309303,-0.198998,0.192639,-0.287831,-0.183939,0.106992,-0.116492
3.160000,3.160000,sine,-0.473735,0.000000,-0.481417,-0.002486,0.033486,0.000000,0.687716,0.249774,0.664613,-1.198688,-8.778675,-0.418177,0.093126,-0.849699,0.307354,-0.199760,0.192200,-0.287823,-0.177760,0.104130,-0.134074
3.180000,3.180000,sine,-0.471720,0.000000,-0.480252,-0.002551,0.062380,0.000000,0.698018,0.256911,0.663771,-1.200093,-8.786530,-0.417984,0.094270,-0.850427,0.305248,-0.200674,0.191555,-0.287844,-0.170395,0.100576,-0.156554
3.200000,3.200000,sine,-0.469131,0.000000,-0.478452,-0.002608,0.092806,0.000000,0.695466,0.263808,0.662922,-1.201460,-8.794393,-0.417821,0.095231,-0.851215,0.302968,-0.201731,0.190713,-0.287895,-0.162567,0.096671,-0.179891
3.220000,3.220000,sine,-0.465967,0.000000,-0.476019,-0.002650,0.122370,0.000000,0.688037,0.269261,0.662065,-1.202791,-8.802261,-0.417688,0.096009,-0.852062,0.300516,-0.202916,0.189688,-0.287977,-0.154584,0.092575,-0.202275
3.240000,3.240000,sine,-0.462233,0.000000,-0.472976,-0.002682,0.150323,0.000333,0.680387,0.273517,0.661199,-1.204083,-8.810137,-0.417586,0.096605,-0.852961,0.297903,-0.204215,0.188489,-0.288089,-0.146511,0.088341,-0.223258
3.260000,3.260000,sine,-0.457929,0.000000,-0.469347,-0.002710,0.176217,0.002387,0.674356,0.277184,0.660326,-1.205336,-8.818017,-0.417514,0.097025,-0.853908,0.295143,-0.205617,0.187123,-0.288231,-0.138316,0.083975,-0.243022
3.280000,3.280000,sine,-0.453060,0.000000,-0.465149,-0.002737,0.201473,0.004254,0.670075,0.280709,0.659445,-1.206549,-8.825905,-0.417472,0.097271,-0.854898,0.292241,-0.207114,0.185591,-0.288402,-0.129893,0.079447,-0.261889
3.300000,3.300000,sine,-0.447632,0.000000,-0.460391,-0.002766,0.226357,0.006050,0.667144,0.284377,0.658556,-1.207722,-8.833797,-0.417460,0.097343,-0.855927,0.289208,-0.208702,0.183893,-0.288603,-0.121187,0.074750,-0.280084
3.320000,3.320000,sine,-0.441649,0.000000,-0.455081,-0.002798,0.251013,0.007840,0.665468,0.287480,0.657658,-1.208854,-8.841695,-0.417478,0.097241,-0.856990,0.286050,-0.210371,0.182028,-0.288833,-0.112159,0.069886,-0.297722
3.340000,3.340000,sine,-0.435119,0.000000,-0.449222,-0.002831,0.275483,0.009647,0.665640,0.288042,0.656752,-1.209944,-8.849604,-0.417525,0.096963,-0.858086,0.282771,-0.212116,0.179995,-0.289091,-0.102788,0.064867,-0.314830
3.360000,3.360000,sine,-0.428050,0.000000,-0.442820,-0.002865,0.299708,0.011476,0.666098,0.288619,0.655837,-1.210992,-8.857513,-0.417601,0.096509,-0.859211,0.279379,-0.213929,0.177796,-0.289378,-0.093073,0.059715,-0.331356
3.380000,3.380000,sine,-0.420450,0.000000,-0.435880,-0.002900,0.323623,0.013323,0.666757,0.289168,0.654913,-1.211997,-8.865432,-0.417706,0.095878,-0.860360,0.275879,-0.215801,0.175432,-0.289693,-0.083012,0.054452,-0.347246
3.400000,3.400000,sine,-0.412328,0.000000,-0.428412,-0.002935,0.347168,0.015181,0.667589,0.289669,0.653980,-1.212958,-8.873355,-0.417838,0.095070,-0.861532,0.272280,-0.217724,0.172903,-0.290036,-0.072602,0.049103,-0.362454
3.420000,3.420000,sine,-0.403696,0.000000,-0.420422,-0.002971,0.370287,0.017044,0.668564,0.290107,0.653037,-1.213876,-8.881284,-0.417996,0.094084,-0.862722,0.268587,-0.219688,0.170211,-0.290405,-0.061842,0.043693,-0.376941
3.440000,3.440000,sine,-0.394565,0.000000,-0.411922,-0.003006,0.392935,0.018907,0.669670,0.290472,0.652085,-1.214750,-8.889217,-0.418179,0.092921,-0.863926,0.264810,-0.221685,0.167358,-0.290800,-0.050729,0.038247,-0.390682
3.460000,3.460000,sine,-0.384946,0.000000,-0.402922,-0.003041,0.415072,0.020766,0.670890,0.290756,0.651123,-1.215580,-8.897157,-0.418386,0.091580,-0.865141,0.260954,-0.223704,0.164347,-0.291220,-0.039259,0.032792,-0.403658
3.480000,3.480000,sine,-0.374852,0.000000,-0.393432,-0.003075,0.436663,0.022618,0.672186,0.290945,0.650151,-1.216365,-8.905099,-0.418613,0.090062,-0.866365,0.257029,-0.225736,0.161180,-0.291664,-0.027430,0.027356,-0.415856
3.500000,3.500000,sine,-0.364298,0.000000,-0.383467,-0.003109,0.457675,0.024457,0.673546,0.291035,0.649168,-1.217106,-8.913047,-0.418859,0.088368,-0.867593,0.253043,-0.227772,0.157860,-0.292131,-0.015240,0.021966,-0.427269
3.520000,3.520000,sine,-0.353297,0.000000,-0.373039,-0.003142,0.478079,0.026276,0.674930,0.291018,0.648174,-1.217803,-8.920995,-0.419122,0.086498,-0.868822,0.249003,-0.229803,0.154390,-0.292621,-0.002686,0.016652,-0.437892
3.540000,3.540000,sine,-0.341863,0.000000,-0.362161,-0.003173,0.497837,0.028065,0.676328,0.290898,0.647168,-1.218456,-8.928948,-0.419399,0.084452,-0.870050,0.244918,-0.231820,0.150772,-0.293131,0.010210,0.011448,-0.447726
3.560000,3.560000,sine,-0.330014,0.000000,-0.350849,-0.003204,0.516907,0.029807,0.677779,0.290704,0.646151,-1.219065,-8.936907,-0.419687,0.082232,-0.871274,0.240797,-0.233812,0.147012,-0.293661,0.023380,0.006401,-0.456793
3.580000,3.580000,sine,-0.317764,0.000000,-0.339118,-0.003233,0.535261,0.031486,0.679319,0.290473,0.645122,-1.219631,-8.944866,-0.419983,0.079839,-0.872490,0.236645,-0.235773,0.143111,-0.294209,0.036749,0.001558,-0.465132
3.600000,3.600000,sine,-0.305130,0.000000,-0.326985,-0.003260,0.552884,0.033089,0.680972,0.290244,0.644080,-1.220153,-8.952830,-0.420285,0.077275,-0.873697,0.232470,-0.237693,0.139075,-0.294774,0.050245,-0.003039,-0.472791
3.620000,3.620000,sine,-0.292129,0.000000,-0.314465,-0.003287,0.569764,0.034598,0.682730,0.290061,0.643025,-1.220634,-8.960794,-0.420589,0.074544,-0.874893,0.228278,-0.239565,0.134908,-0.295353,0.063813,-0.007356,-0.479805
3.640000,3.640000,sine,-0.278780,0.000000,-0.301578,-0.003311,0.585905,0.035986,0.684565,0.289997,0.641957,-1.221073,-8.968760,-0.420891,0.071649,-0.876075,0.224075,-0.241381,0.130613,-0.295945,0.077426,-0.011373,-0.486185
3.660000,3.660000,sine,-0.265099,0.000000,-0.288339,-0.003334,0.601324,0.037194,0.686343,0.290205,0.640874,-1.221471,-8.976728,-0.421188,0.068593,-0.877243,0.219865,-0.243134,0.126193,-0.296549,0.091047,-0.015079,-0.491925
3.680000,3.680000,sine,-0.251105,0.000000,-0.274766,-0.003355,0.616031,0.038189,0.687990,0.290766,0.639777,-1.221830,-8.984694,-0.421478,0.065380,-0.878394,0.215654,-0.244818,0.121651,-0.297162,0.104609,-0.018451,-0.497030
3.700000,3.700000,sine,-0.236816,0.000000,-0.260878,-0.003374,0.629987,0.039015,0.689541,0.291532,0.638666,-1.222150,-8.992661,-0.421756,0.062014,-0.879526,0.211447,-0.246427,0.116992,-0.297782,0.118014,-0.021456,-0.501536
3.720000,3.720000,sine,-0.222251,0.000000,-0.246692,-0.003390,0.643160,0.039705,0.691022,0.292406,0.637538,-1.222432,-9.000628,-0.422020,0.058502,-0.880639,0.207249,-0.247956,0.112221,-0.298406,0.131172,-0.024059,-0.505489
3.740000,3.740000,sine,-0.207430,0.000000,-0.232226,-0.003404,0.655530,0.040273,0.692452,0.293349,0.636395,-1.222676,-9.008597,-0.422265,0.054848,-0.881731,0.203062,-0.249398,0.107344,-0.299030,0.144010,-0.026237,-0.508930
3.760000,3.760000,sine,-0.192370,0.000000,-0.217500,-0.003417,0.667086,0.040731,0.693815,0.294340,0.635235,-1.222885,-9.016563,-0.422489,0.051059,-0.882802,0.198890,-0.250749,0.102365,-0.299653,0.156473,-0.027976,-0.511894
3.780000,3.780000,sine,-0.177092,0.000000,-0.202532,-0.003428,0.677817,0.041088,0.695102,0.295357,0.634059,-1.223059,-9.024529,-0.422688,0.047142,-0.883850,0.194734,-0.252005,0.097293,-0.300271,0.168526,-0.029268,-0.514404
3.800000,3.800000,sine,-0.161614,0.000000,-0.187340,-0.003436,0.687718,0.041354,0.696286,0.296380,0.632865,-1.223200,-9.032493,-0.422859,0.043104,-0.884876,0.190598,-0.253163,0.092131,-0.300882,0.180137,-0.030113,-0.516479
3.820000,3.820000,sine,-0.145955,0.000000,-0.171945,-0.003443,0.696786,0.041537,0.697355,0.297390,0.631654,-1.223307,-9.040455,-0.422998,0.038951,-0.885878,0.186483,-0.254219,0.086886,-0.301483,0.191286,-0.030515,-0.518130
3.840000,3.840000,sine,-0.130136,0.000000,-0.156363,-0.003449,0.705015,0.041646,0.698274,0.298363,0.630426,-1.223384,-9.048414,-0.423103,0.034691,-0.886856,0.182392,-0.255170,0.081564,-0.302071,0.201954,-0.030479,-0.519369
3.860000,3.860000,sine,-0.114173,0.000000,-0.140615,-0.003453,0.712411,0.041687,0.699039,0.299286,0.629179,-1.223429,-9.056367,-0.423170,0.030331,-0.887810,0.178325,-0.256013,0.076171,-0.302646,0.212134,-0.030014,-0.520204
3.880000,3.880000,sine,-0.098088,0.000000,-0.124718,-0.003455,0.718975,0.041670,0.699610,0.300137,0.627913,-1.223445,-9.064317,-0.423196,0.025879,-0.888740,0.174286,-0.256748,0.070711,-0.303203,0.221819,-0.029132,-0.520639
3.900000,3.900000,sine,-0.081897,0.000000,-0.108692,-0.003455,0.724709,0.041598,0.699975,0.300899,0.626629,-1.223433,-9.072262,-0.423179,0.021340,-0.889646,0.170274,-0.257372,0.065192,-0.303742,0.231008,-0.027846,-0.520679
3.920000,3.920000,sine,-0.065619,0.000000,-0.092554,-0.003454,0.729620,0.041479,0.700113,0.301560,0.625326,-1.223392,-9.080203,-0.423116,0.016724,-0.890527,0.166294,-0.257885,0.059617,-0.304262,0.239701,-0.026170,-0.520326
3.940000,3.940000,sine,-0.049273,0.000000,-0.076324,-0.003452,0.733717,0.041316,0.700010,0.302107,0.624004,-1.223325,-9.088140,-0.423005,0.012036,-0.891384,0.162346,-0.258286,0.053994,-0.304759,0.247905,-0.024118,-0.519583
3.960000,3.960000,sine,-0.032877,0.000000,-0.060017,-0.003448,0.737011,0.041113,0.699655,0.302532,0.622662,-1.223232,-9.096068,-0.422843,0.007282,-0.892216,0.158432,-0.258574,0.048325,-0.305234,0.255629,-0.021708,-0.518453
3.980000,3.980000,sine,-0.016447,0.000000,-0.043653,-0.003442,0.739514,0.040875,0.699034,0.302825,0.621302,-1.223114,-9.103994,-0.422628,0.002471,-0.893025,0.154554,-0.258751,0.042618,-0.305685,0.262884,-0.018956,-0.516939
4.000000,4.000000,sine,-0.000000,0.000000,-0.027249,-0.003435,0.741241,0.040604,0.698138,0.302980,0.619921,-1.222970,-9.111914,-0.422357,-0.002391,-0.893808,0.150714,-0.258817,0.036877,-0.306112,0.269685,-0.015880,-0.515042
4.020000,4.020000,sine,0.016447,0.000000,-0.010820,-0.003426,0.742208,0.040304,0.696965,0.302993,0.618521,-1.222803,-9.119824,-0.422030,-0.007298,-0.894569,0.146916,-0.258772,0.031106,-0.306512,0.276044,-0.012496,-0.512767
4.040000,4.040000,sine,0.032877,0.000000,0.005615,-0.003416,0.742431,0.039975,0.695500,0.302858,0.617101,-1.222611,-9.127728,-0.421645,-0.012243,-0.895305,0.143160,-0.258619,0.025311,-0.306887,0.281980,-0.008823,-0.510114
4.060000,4.060000,sine,0.049275,0.000000,0.022042,-0.003404,0.741918,0.039620,0.693725,0.302566,0.615662,-1.222396,-9.135627,-0.421199,-0.017221,-0.896018,0.139449,-0.258358,0.019495,-0.307235,0.287508,-0.004877,-0.507081
4.080000,4.080000,sine,0.065624,0.000000,0.038443,-0.003390,0.740672,0.039240,0.691625,0.302110,0.614203,-1.222157,-9.143518,-0.420692,-0.022226,-0.896709,0.135785,-0.257991,0.013663,-0.307555,0.292643,-0.000677,-0.503660
4.100000,4.100000,sine,0.081909,0.000000,0.054802,-0.003375,0.738697,0.038835,0.689187,0.301486,0.612724,-1.221896,-9.151402,-0.420122,-0.027252,-0.897377,0.132172,-0.257521,0.007817,-0.307849,0.297403,0.003760,-0.499841
4.120000,4.120000,sine,0.098113,0.000000,0.071105,-0.003358,0.735994,0.038404,0.686407,0.300689,0.611226,-1.221612,-9.159277,-0.419489,-0.032294,-0.898023,0.128611,-0.256950,0.001964,-0.308115,0.301798,0.008411,-0.495616
4.140000,4.140000,sine,0.114220,0.000000,0.087333,-0.003340,0.732562,0.037946,0.683285,0.299723,0.609708,-1.221305,-9.167140,-0.418792,-0.037346,-0.898647,0.125107,-0.256281,-0.003893,-0.308355,0.305847,0.013257,-0.490975
4.160000,4.160000,sine,0.130214,0.000000,0.103473,-0.003320,0.728398,0.037459,0.679847,0.298592,0.608171,-1.220975,-9.175000,-0.418030,-0.042401,-0.899250,0.121663,-0.255516,-0.009744,-0.308567,0.309561,0.018273,-0.485918
4.180000,4.180000,sine,0.146080,0.000000,0.119506,-0.003298,0.723502,0.036943,0.676126,0.297308,0.606614,-1.220622,-9.182852,-0.417203,-0.047457,-0.899833,0.118280,-0.254659,-0.015579,-0.308754,0.312954,0.023437,-0.480448
4.200000,4.200000,sine,0.161801,0.000000,0.135418,-0.003274,0.717879,0.036396,0.672145,0.295882,0.605039,-1.220248,-9.190697,-0.416312,-0.052507,-0.900395,0.114964,-0.253714,-0.021387,-0.308914,0.316039,0.028726,-0.474573
4.220000,4.220000,sine,0.177363,0.000000,0.151192,-0.003249,0.711535,0.035820,0.667929,0.294321,0.603445,-1.219850,-9.198534,-0.415355,-0.057547,-0.900937,0.111716,-0.252685,-0.027159,-0.309050,0.318824,0.034115,-0.468306
4.240000,4.240000,sine,0.192750,0.000000,0.166814,-0.003223,0.704477,0.035216,0.663498,0.292634,0.601833,-1.219431,-9.206365,-0.414335,-0.062573,-0.901460,0.108540,-0.251578,-0.032882,-0.309160,0.321320,0.039580,-0.461655
4.260000,4.260000,sine,0.207947,0.000000,0.182266,-0.003196,0.696714,0.034583,0.658870,0.290827,0.600203,-1.218991,-9.214188,-0.413251,-0.067580,-0.901964,0.105439,-0.250395,-0.038550,-0.309247,0.323532,0.045097,-0.454633
4.280000,4.280000,sine,0.222938,0.000000,0.197534,-0.003167,0.688252,0.033925,0.654054,0.288905,0.598555,-1.218530,-9.222004,-0.412104,-0.072564,-0.902450,0.102416,-0.249142,-0.044152,-0.309311,0.325468,0.050640,-0.447249
4.300000,4.300000,sine,0.237709,0.000000,0.212602,-0.003138,0.679102,0.033241,0.649078,0.286878,0.596891,-1.218048,-9.229812,-0.410897,-0.077520,-0.902917,0.099474,-0.247826,-0.049680,-0.309352,0.327131,0.056187,-0.439511
4.320000,4.320000,sine,0.252246,0.000000,0.227456,-0.003107,0.669272,0.032531,0.643960,0.284751,0.595210,-1.217547,-9.237616,-0.409629,-0.082445,-0.903367,0.096616,-0.246450,-0.055127,-0.309372,0.328524,0.061710,-0.431431
4.340000,4.340000,sine,0.266534,0.000000,0.242081,-0.003075,0.658773,0.031796,0.638708,0.282531,0.593513,-1.217028,-9.245414,-0.408304,-0.087336,-0.903800,0.093844,-0.245020,-0.060486,-0.309371,0.329649,0.067186,-0.423015
4.360000,4.360000,sine,0.280559,0.000000,0.256462,-0.003043,0.647615,0.031038,0.633348,0.280226,0.591802,-1.216491,-9.253208,-0.406923,-0.092187,-0.904215,0.091161,-0.243543,-0.065750,-0.309351,0.330510,0.072591,-0.414270
4.380000,4.380000,sine,0.294307,0.000000,0.270584,-0.003009,0.635809,0.030257,0.627889,0.277843,0.590076,-1.215937,-9.260996,-0.405488,-0.096997,-0.904614,0.088569,-0.242024,-0.070913,-0.309311,0.331105,0.077901,-0.405203
4.400000,4.400000,sine,0.307764,0.000000,0.284435,-0.002975,0.623368,0.029453,0.622356,0.275386,0.588336,-1.215366,-9.268783,-0.404001,-0.101759,-0.904997,0.086072,-0.240469,-0.075969,-0.309254,0.331434,0.083091,-0.395819
4.420000,4.420000,sine,0.320918,0.000000,0.298000,-0.002940,0.610300,0.028627,0.616749,0.272867,0.586584,-1.214781,-9.276566,-0.402466,-0.106472,-0.905364,0.083671,-0.238883,-0.080913,-0.309179,0.331498,0.088139,-0.386122
4.440000,4.440000,sine,0.333755,0.000000,0.311265,-0.002905,0.596624,0.027778,0.611110,0.270293,0.584819,-1.214182,-9.284345,-0.400886,-0.111132,-0.905715,0.081368,-0.237273,-0.085741,-0.309089,0.331295,0.093023,-0.376115
4.460000,4.460000,sine,0.346263,0.000000,0.324217,-0.002869,0.582351,0.026909,0.605438,0.267669,0.583044,-1.213570,-9.292123,-0.399263,-0.115736,-0.906050,0.079167,-0.235645,-0.090448,-0.308982,0.330825,0.097722,-0.365801
4.480000,4.480000,sine,0.358429,0.000000,0.336844,-0.002833,0.567502,0.026019,0.599742,0.264999,0.581258,-1.212947,-9.299900,-0.397601,-0.120278,-0.906370,0.077069,-0.234004,-0.095031,-0.308860,0.330085,0.102215,-0.355177
4.500000,4.500000,sine,0.370241,0.000000,0.349133,-0.002796,0.552095,0.025111,0.594003,0.262276,0.579462,-1.212314,-9.307672,-0.395903,-0.124758,-0.906675,0.075075,-0.232356,-0.099486,-0.308725,0.329072,0.106482,-0.344232
4.520000,4.520000,sine,0.381688,0.000000,0.361072,-0.002759,0.536146,0.024184,0.588219,0.259505,0.577658,-1.211671,-9.315444,-0.394174,-0.129170,-0.906965,0.073190,-0.230708,-0.103810,-0.308577,0.327781,0.110504,-0.332947
4.540000,4.540000,sine,0.392758,0.000000,0.372649,-0.002721,0.519669,0.023235,0.582399,0.256689,0.575846,-1.211021,-9.323219,-0.392417,-0.133512,-0.907239,0.071414,-0.229065,-0.108000,-0.308416,0.326206,0.114262,-0.321304
4.560000,4.560000,sine,0.403441,0.000000,0.383853,-0.002683,0.502676,0.022262,0.576563,0.253837,0.574027,-1.210364,-9.330997,-0.390637,-0.137778,-0.907499,0.069751,-0.227434,-0.112052,-0.308244,0.324344,0.117739,-0.309285
4.580000,4.580000,sine,0.413725,0.000000,0.394672,-0.002644,0.485180,0.021264,0.570724,0.250959,0.572202,-1.209701,-9.338774,-0.388838,-0.141967,-0.907744,0.068202,-0.225820,-0.115963,-0.308062,0.322190,0.120920,-0.296870
4.600000,4.600000,sine,0.423601,0.000000,0.405096,-0.002605,0.467197,0.020236,0.564921,0.248076,0.570372,-1.209035,-9.346548,-0.387024,-0.146074,-0.907974,0.066771,-0.224230,-0.119732,-0.307870,0.319741,0.123789,-0.284043
4.620000,4.620000,sine,0.433059,0.000000,0.415115,-0.002565,0.448747,0.019176,0.559193,0.245199,0.568539,-1.208365,-9.354325,-0.385201,-0.150094,-0.908189,0.065460,-0.222670,-0.123355,-0.307670,0.316996,0.126336,-0.270790
4.640000,4.640000,sine,0.442090,0.000000,0.424717,-0.002525,0.429846,0.018083,0.553564,0.242344,0.566703,-1.207695,-9.362104,-0.383373,-0.154025,-0.908389,0.064272,-0.221146,-0.126830,-0.307462,0.313956,0.128548,-0.257097
4.660000,4.660000,sine,0.450685,0.000000,0.433893,-0.002485,0.410511,0.016953,0.548069,0.239528,0.564864,-1.207024,-9.369885,-0.381546,-0.157862,-0.908574,0.063210,-0.219664,-0.130155,-0.307249,0.310619,0.130417,-0.242950
4.680000,4.680000,sine,0.458834,0.000000,0.442635,-0.002445,0.390759,0.015784,0.542750,0.236773,0.563025,-1.206355,-9.377668,-0.379724,-0.161602,-0.908744,0.062276,-0.218231,-0.133327,-0.307030,0.306991,0.131937,-0.228336
4.700000,4.700000,sine,0.466531,0.000000,0.450932,-0.002404,0.370610,0.014573,0.537656,0.234100,0.561185,-1.205688,-9.385455,-0.377913,-0.165239,-0.908900,0.061474,-0.216853,-0.136344,-0.306808,0.303072,0.133101,-0.213247
4.720000,4.720000,sine,0.473767,0.000000,0.458776,-0.002364,0.350087,0.013317,0.532839,0.231532,0.559347,-1.205025,-9.393245,-0.376117,-0.168772,-0.909040,0.060807,-0.215534,-0.139205,-0.306584,0.298873,0.133908,-0.197677
4.740000,4.740000,sine,0.480536,0.000000,0.466160,-0.002324,0.329205,0.012016,0.528324,0.229089,0.557510,-1.204367,-9.401037,-0.374343,-0.172195,-0.909166,0.060277,-0.214282,-0.141907,-0.306358,0.294398,0.134356,-0.181616
4.760000,4.760000,sine,0.486831,0.000000,0.473074,-0.002285,0.307989,0.010666,0.524185,0.226794,0.555676,-1.203716,-9.408831,-0.372595,-0.175505,-0.909277,0.059889,-0.213102,-0.144450,-0.306133,0.289655,0.134445,-0.165061
4.780000,4.780000,sine,0.492645,0.000000,0.479513,-0.002246,0.286458,0.009265,0.520451,0.224670,0.553846,-1.203072,-9.416631,-0.370879,-0.178700,-0.909372,0.059645,-0.211999,-0.146830,-0.305910,0.284655,0.134180,-0.148009
4.800000,4.800000,sine,0.497973,0.000000,0.485469,-0.002208,0.264633,0.007812,0.517186,0.222744,0.552021,-1.202437,-9.424437,-0.369200,-0.181774,-0.909452,0.059548,-0.210979,-0.149048,-0.305690,0.279410,0.133564,-0.130458
4.820000,4.820000,sine,0.502810,0.000000,0.490935,-0.002170,0.242539,0.006304,0.514437,0.221037,0.550201,-1.201812,-9.432243,-0.367564,-0.184724,-0.909517,0.059601,-0.210047,-0.151101,-0.305474,0.273932,0.132605,-0.112408
4.840000,4.840000,sine,0.507150,0.000000,0.495907,-0.002134,0.220196,0.004742,0.512244,0.219574,0.548388,-1.201198,-9.440056,-0.365975,-0.187547,-0.909566,0.059809,-0.209208,-0.152989,-0.305265,0.268237,0.131312,-0.093861
4.860000,4.860000,sine,0.510990,0.000000,0.500378,-0.002099,0.197657,0.003111,0.511843,0.216084,0.546582,-1.200597,-9.447873,-0.364439,-0.190240,-0.909600,0.060173,-0.208467,-0.154709,-0.305063,0.262347,0.129701,-0.074835
4.880000,4.880000,sine,0.514326,0.000000,0.504343,-0.002064,0.174936,0.001409,0.512552,0.211896,0.544784,-1.200009,-9.455697,-0.362961,-0.192801,-0.909617,0.060698,-0.207827,-0.156261,-0.304870,0.256276,0.127781,-0.055326
4.900000,4.900000,sine,0.517154,0.000000,0.507800,-0.002032,0.151859,0.000000,0.514032,0.207833,0.542996,-1.199435,-9.463526,-0.361544,-0.195226,-0.909618,0.061387,-0.207293,-0.157644,-0.304687,0.250034,0.125563,-0.035333
4.920000,4.920000,sine,0.519471,0.000000,0.510742,-0.002000,0.127879,0.000000,0.516288,0.203899,0.541217,-1.198877,-9.471357,-0.360194,-0.197513,-0.909602,0.062242,-0.206868,-0.158855,-0.304514,0.243623,0.123051,-0.014855
4.940000,4.940000,sine,0.521276,0.000000,0.513169,-0.001970,0.103748,0.000000,0.519355,0.200076,0.539449,-1.198334,-9.479197,-0.358914,-0.199659,-0.909568,0.063268,-0.206556,-0.159893,-0.304355,0.237086,0.120277,0.006091
4.960000,4.960000,sine,0.522567,0.000000,0.515076,-0.001941,0.079524,0.000000,0.523228,0.196410,0.537692,-1.197809,-9.487041,-0.357709,-0.201663,-0.909516,0.064467,-0.206359,-0.160760,-0.304209,0.230441,0.117257,0.027458
4.980000,4.980000,sine,0.523342,0.000000,0.516463,-0.001914,0.055366,0.000000,0.527385,0.192891,0.535947,-1.197302,-9.494891,-0.356582,-0.203524,-0.909446,0.065842,-0.206279,-0.161452,-0.304077,0.223686,0.114000,0.049058
5.000000,5.000000,sine,0.523600,0.000000,0.517333,-0.001888,0.031318,0.000000,0.531386,0.189443,0.534215,-1.196814,-9.502749,-0.355537,-0.205238,-0.909357,0.067392,-0.206318,-0.161967,-0.303961,0.216802,0.110502,0.070778
5.020000,5.020000,sine,0.523342,0.000000,0.517689,-0.001862,0.007845,0.000000,0.535083,0.185981,0.532496,-1.196345,-9.510610,-0.354576,-0.206806,-0.909247,0.069118,-0.206478,-0.162308,-0.303860,0.209831,0.106801,0.092194
5.040000,5.040000,sine,0.522567,0.000000,0.517651,-0.001851,-0.005162,-0.000000,0.500842,0.184645,0.530791,-1.195896,-9.518476,-0.353688,-0.208249,-0.909119,0.070987,-0.206711,-0.162566,-0.303775,0.204156,0.103774,0.106049
5.060000,5.060000,sine,0.521276,0.000000,0.517168,-0.001783,-0.028235,-0.000000,0.476920,0.177872,0.529099,-1.195467,-9.526351,-0.352879,-0.209561,-0.908973,0.073000,-0.207063,-0.162611,-0.303705,0.196821,0.099626,0.127371
5.080000,5.080000,sine,0.519471,0.000000,0.516134,-0.001712,-0.055384,-0.000000,0.471141,0.169764,0.527423,-1.195060,-9.534233,-0.352167,-0.210716,-0.908803,0.075198,-0.207555,-0.162435,-0.303652,0.188705,0.094875,0.151560
5.100000,5.100000,sine,0.517154,0.000000,0.514523,-0.001655,-0.082801,-0.000000,0.474623,0.162940,0.525764,-1.194677,-9.542119,-0.351559,-0.211705,-0.908607,0.077588,-0.208186,-0.162046,-0.303618,0.180333,0.089842,0.175723
5.120000,5.120000,sine,0.514326,0.000000,0.512347,-0.001614,-0.109004,-0.000000,0.480953,0.157748,0.524122,-1.194319,-9.550011,-0.351056,-0.212530,-0.908386,0.080161,-0.208946,-0.161456,-0.303603,0.171892,0.084659,0.198716
5.140000,5.140000,sine,0.510990,0.000000,0.509632,-0.001583,-0.133853,-0.000000,0.486908,0.153675,0.522498,-1.193986,-9.557909,-0.350656,-0.213197,-0.908138,0.082907,-0.209827,-0.160673,-0.303606,0.163384,0.079344,0.220400
5.160000,5.160000,sine,0.507150,0.000000,0.506397,-0.001556,-0.157208,-0.001004,0.491515,0.150121,0.520893,-1.193680,-9.565814,-0.350358,-0.213707,-0.907862,0.085813,-0.210819,-0.159702,-0.303628,0.154756,0.073885,0.241019
5.180000,5.180000,sine,0.502810,0.000000,0.502656,-0.001529,-0.179656,-0.002700,0.494919,0.146718,0.519308,-1.193401,-9.573724,-0.350163,-0.214064,-0.907560,0.088869,-0.211917,-0.158543,-0.303667,0.145933,0.068256,0.260853
5.200000,5.200000,sine,0.497973,0.000000,0.498418,-0.001503,-0.201857,-0.004335,0.497677,0.143378,0.517742,-1.193150,-9.581642,-0.350070,-0.214267,-0.907229,0.092069,-0.213113,-0.157195,-0.303725,0.136857,0.062442,0.280072
5.220000,5.220000,sine,0.492645,0.000000,0.493685,-0.001479,-0.223958,-0.005888,0.500291,0.140342,0.516198,-1.192927,-9.589569,-0.350081,-0.214316,-0.906868,0.095404,-0.214404,-0.155657,-0.303799,0.127499,0.056444,0.298742
5.240000,5.240000,sine,0.486831,0.000000,0.488462,-0.001458,-0.245937,-0.007382,0.502810,0.137948,0.514674,-1.192735,-9.597501,-0.350195,-0.214211,-0.906478,0.098871,-0.215782,-0.153928,-0.303890,0.117853,0.050281,0.316827
5.260000,5.260000,sine,0.480536,0.000000,0.482751,-0.001438,-0.267742,-0.008852,0.504230,0.138075,0.513172,-1.192572,-9.605438,-0.350414,-0.213951,-0.906056,0.102461,-0.217242,-0.152008,-0.303996,0.107914,0.043974,0.334276
5.280000,5.280000,sine,0.473767,0.000000,0.476558,-0.001420,-0.289316,-0.010303,0.505873,0.138350,0.511693,-1.192441,-9.613382,-0.350737,-0.213537,-0.905602,0.106165,-0.218774,-0.149900,-0.304116,0.097686,0.037549,0.351034
5.300000,5.300000,sine,0.466531,0.000000,0.469888,-0.001404,-0.310623,-0.011741,0.507693,0.138764,0.510236,-1.192342,-9.621333,-0.351163,-0.212968,-0.905115,0.109977,-0.220372,-0.147604,-0.304250,0.087168,0.031032,0.367063
5.320000,5.320000,sine,0.458834,0.000000,0.462748,-0.001388,-0.331620,-0.013188,0.509673,0.139307,0.508802,-1.192275,-9.629288,-0.351692,-0.212245,-0.904596,0.113887,-0.222026,-0.145123,-0.304396,0.076358,0.024447,0.382334
5.340000,5.340000,sine,0.450685,0.000000,0.455144,-0.001373,-0.352292,-0.014646,0.511817,0.139995,0.507392,-1.192242,-9.637250,-0.352322,-0.211368,-0.904044,0.117886,-0.223728,-0.142457,-0.304553,0.065250,0.017822,0.396832
5.360000,5.360000,sine,0.442090,0.000000,0.447083,-0.001358,-0.372600,-0.016147,0.514064,0.140801,0.506005,-1.192242,-9.645216,-0.353053,-0.210337,-0.903458,0.121968,-0.225469,-0.139609,-0.304718,0.053841,0.011182,0.410540
5.380000,5.380000,sine,0.433059,0.000000,0.438574,-0.001344,-0.392551,-0.017669,0.516535,0.141771,0.504642,-1.192276,-9.653190,-0.353882,-0.209153,-0.902838,0.126121,-0.227239,-0.136582,-0.304891,0.042122,0.004556,0.423457
5.400000,5.400000,sine,0.423601,0.000000,0.429625,-0.001330,-0.412129,-0.019201,0.519264,0.142923,0.503303,-1.192345,-9.661165,-0.354809,-0.207814,-0.902184,0.130339,-0.229030,-0.133377,-0.305069,0.030088,-0.002028,0.435571
5.420000,5.420000,sine,0.413725,0.000000,0.420244,-0.001318,-0.431303,-0.020747,0.522256,0.144254,0.501988,-1.192450,-9.669147,-0.355830,-0.206323,-0.901496,0.134611,-0.230833,-0.129997,-0.305251,0.017737,-0.008533,0.446868
5.440000,5.440000,sine,0.403441,0.000000,0.410440,-0.001307,-0.450055,-0.022294,0.525560,0.145774,0.500697,-1.192590,-9.677132,-0.356943,-0.204677,-0.900776,0.138930,-0.232639,-0.126445,-0.305434,0.005069,-0.014919,0.457343
5.460000,5.460000,sine,0.392758,0.000000,0.400223,-0.001297,-0.468364,-0.023827,0.529165,0.147476,0.499431,-1.192767,-9.685118,-0.358146,-0.202879,-0.900023,0.143285,-0.234438,-0.122725,-0.305618,-0.007901,-0.021144,0.466997
5.480000,5.480000,sine,0.381688,0.000000,0.389603,-0.001289,-0.486192,-0.025335,0.533027,0.149331,0.498187,-1.192980,-9.693109,-0.359436,-0.200927,-0.899238,0.147669,-0.236222,-0.118838,-0.305799,-0.021109,-0.027153,0.475847
5.500000,5.500000,sine,0.370241,0.000000,0.378590,-0.001283,-0.503509,-0.026817,0.537083,0.151295,0.496968,-1.193231,-9.701104,-0.360808,-0.198822,-0.898421,0.152074,-0.237981,-0.114790,-0.305978,-0.034482,-0.032893,0.483923
5.520000,5.520000,sine,0.358429,0.000000,0.367196,-0.001278,-0.520309,-0.028255,0.541283,0.153324,0.495772,-1.193519,-9.709100,-0.362258,-0.196568,-0.897575,0.156492,-0.239707,-0.110583,-0.306151,-0.047947,-0.038316,0.491269
5.540000,5.540000,sine,0.346263,0.000000,0.355433,-0.001274,-0.536586,-0.029631,0.545628,0.155351,0.494599,-1.193844,-9.717095,-0.363782,-0.194163,-0.896699,0.160918,-0.241390,-0.106223,-0.306319,-0.061432,-0.043379,0.497926
5.560000,5.560000,sine,0.333755,0.000000,0.343313,-0.001271,-0.552348,-0.030898,0.550147,0.157219,0.493448,-1.194208,-9.725094,-0.365376,-0.191612,-0.895794,0.165344,-0.243024,-0.101713,-0.306478,-0.074868,-0.048044,0.503937
5.580000,5.580000,sine,0.320918,0.000000,0.330847,-0.001269,-0.567625,-0.031977,0.554931,0.158690,0.492319,-1.194609,-9.733091,-0.367032,-0.188917,-0.894861,0.169766,-0.244599,-0.097058,-0.306628,-0.088194,-0.052276,0.509340
5.600000,5.600000,sine,0.307764,0.000000,0.318049,-0.001268,-0.582376,-0.032909,0.559916,0.159853,0.491212,-1.195047,-9.741092,-0.368747,-0.186080,-0.893902,0.174180,-0.246108,-0.092262,-0.306767,-0.101347,-0.056049,0.514167
5.620000,5.620000,sine,0.294307,0.000000,0.304932,-0.001268,-0.596570,-0.033740,0.564985,0.160850,0.490125,-1.195524,-9.749090,-0.370514,-0.183106,-0.892917,0.178580,-0.247545,-0.087332,-0.306893,-0.114274,-0.059340,0.518451
5.640000,5.640000,sine,0.280559,0.000000,0.291508,-0.001268,-0.610190,-0.034486,0.570101,0.161716,0.489058,-1.196039,-9.757084,-0.372328,-0.179996,-0.891906,0.182964,-0.248901,-0.082271,-0.307005,-0.126926,-0.062131,0.522226
5.660000,5.660000,sine,0.266534,0.000000,0.277791,-0.001269,-0.623223,-0.035150,0.575255,0.162468,0.488010,-1.196591,-9.765079,-0.374182,-0.176756,-0.890872,0.187329,-0.250173,-0.077086,-0.307100,-0.139261,-0.064412,0.525515
5.680000,5.680000,sine,0.252246,0.000000,0.263794,-0.001271,-0.635659,-0.035731,0.580438,0.163113,0.486980,-1.197182,-9.773070,-0.376070,-0.173390,-0.889814,0.191671,-0.251352,-0.071781,-0.307179,-0.151243,-0.066175,0.528340
5.700000,5.700000,sine,0.237709,0.000000,0.249532,-0.001273,-0.647484,-0.036233,0.585625,0.163653,0.485969,-1.197810,-9.781057,-0.377986,-0.169901,-0.888734,0.195989,-0.252435,-0.066363,-0.307239,-0.162841,-0.067416,0.530719
5.720000,5.720000,sine,0.222938,0.000000,0.235018,-0.001277,-0.658684,-0.036661,0.590820,0.164098,0.484975,-1.198477,-9.789042,-0.379924,-0.166294,-0.887633,0.200279,-0.253417,-0.060837,-0.307279,-0.174030,-0.068137,0.532665
5.740000,5.740000,sine,0.207947,0.000000,0.220267,-0.001280,-0.669248,-0.037015,0.596008,0.164458,0.483997,-1.199182,-9.797023,-0.381877,-0.162575,-0.886512,0.204540,-0.254292,-0.055209,-0.307298,-0.184791,-0.068342,0.534191
5.760000,5.760000,sine,0.192750,0.000000,0.205293,-0.001285,-0.679165,-0.037301,0.601175,0.164741,0.483035,-1.199924,-9.804998,-0.383839,-0.158747,-0.885371,0.208770,-0.255058,-0.049484,-0.307295,-0.195110,-0.068040,0.535308
5.780000,5.780000,sine,0.177363,0.000000,0.190111,-0.001290,-0.688423,-0.037524,0.606308,0.164960,0.482088,-1.200704,-9.812967,-0.385804,-0.154815,-0.884213,0.212966,-0.255711,-0.043669,-0.307270,-0.204977,-0.067239,0.536022
5.800000,5.800000,sine,0.161801,0.000000,0.174737,-0.001295,-0.697013,-0.037688,0.611402,0.165127,0.481156,-1.201523,-9.820931,-0.387765,-0.150786,-0.883039,0.217127,-0.256248,-0.037770,-0.307222,-0.214389,-0.065955,0.536343
5.820000,5.820000,sine,0.146080,0.000000,0.159185,-0.001301,-0.704924,-0.037797,0.616450,0.165256,0.480238,-1.202379,-9.828887,-0.389718,-0.146662,-0.881849,0.221251,-0.256667,-0.031791,-0.307150,-0.223345,-0.064200,0.536274
5.840000,5.840000,sine,0.130214,0.000000,0.143470,-0.001308,-0.712150,-0.037854,0.621450,0.165357,0.479333,-1.203274,-9.836839,-0.391656,-0.142450,-0.880646,0.225336,-0.256966,-0.025740,-0.307054,-0.231848,-0.061994,0.535819
5.860000,5.860000,sine,0.114220,0.000000,0.127609,-0.001315,-0.718680,-0.037863,0.626397,0.165444,0.478442,-1.204207,-9.844784,-0.393575,-0.138154,-0.879430,0.229380,-0.257144,-0.019621,-0.306933,-0.239903,-0.059352,0.534981
5.880000,5.880000,sine,0.098113,0.000000,0.111616,-0.001322,-0.724508,-0.037826,0.631284,0.165529,0.477564,-1.205179,-9.852720,-0.395468,-0.133778,-0.878203,0.233383,-0.257201,-0.013439,-0.306788,-0.247520,-0.056295,0.533759
5.900000,5.900000,sine,0.081909,0.000000,0.095507,-0.001330,-0.729628,-0.037747,0.636109,0.165622,0.476698,-1.206189,-9.860644,-0.397331,-0.129329,-0.876967,0.237341,-0.257136,-0.007201,-0.306618,-0.254711,-0.052841,0.532155
5.920000,5.920000,sine,0.065624,0.000000,0.079299,-0.001339,-0.734032,-0.037626,0.640865,0.165729,0.475845,-1.207239,-9.868563,-0.399159,-0.124809,-0.875724,0.241252,-0.256948,-0.000911,-0.306423,-0.261487,-0.049010,0.530167
5.940000,5.940000,sine,0.049275,0.000000,0.063007,-0.001349,-0.737714,-0.037467,0.645549,0.165861,0.475004,-1.208327,-9.876472,-0.400947,-0.120226,-0.874474,0.245115,-0.256640,0.005425,-0.306204,-0.267863,-0.044823,0.527797
5.960000,5.960000,sine,0.032877,0.000000,0.046648,-0.001359,-0.740663,-0.037269,0.650130,0.166018,0.474176,-1.209455,-9.884369,-0.402692,-0.115581,-0.873221,0.248928,-0.256212,0.011795,-0.305960,-0.273855,-0.040301,0.525046
5.980000,5.980000,sine,0.016447,0.000000,0.030237,-0.001369,-0.742871,-0.037032,0.654572,0.166197,0.473359,-1.210621,-9.892255,-0.404389,-0.110881,-0.871965,0.252688,-0.255665,0.018186,-0.305692,-0.279477,-0.035462,0.521928
6.000000,6.000000,sine,0.000000,0.000000,0.013791,-0.001380,-0.744337,-0.036758,0.658847,0.166396,0.472555,-1.211828,-9.900137,-0.406035,-0.106129,-0.870709,0.256393,-0.255002,0.024584,-0.305401,-0.284747,-0.030329,0.518456
6.020000,6.020000,sine,-0.016447,0.000000,-0.002673,-0.001392,-0.745061,-0.036449,0.662939,0.166615,0.471762,-1.213073,-9.908010,-0.407626,-0.101329,-0.869455,0.260041,-0.254226,0.030977,-0.305086,-0.289678,-0.024923,0.514647
6.040000,6.040000,sine,-0.032877,0.000000,-0.019139,-0.001403,-0.745041,-0.036109,0.666829,0.166860,0.470981,-1.214357,-9.915872,-0.409160,-0.096485,-0.868204,0.263630,-0.253340,0.037353,-0.304750,-0.294284,-0.019264,0.510513
6.060000,6.060000,sine,-0.049275,0.000000,-0.035591,-0.001416,-0.744281,-0.035739,0.670511,0.167130,0.470211,-1.215680,-9.923726,-0.410632,-0.091602,-0.866958,0.267159,-0.252347,0.043700,-0.304392,-0.298576,-0.013374,0.506069
6.080000,6.080000,sine,-0.065624,0.000000,-0.052013,-0.001428,-0.742781,-0.035341,0.673976,0.167433,0.469453,-1.217041,-9.931570,-0.412041,-0.086683,-0.865719,0.270625,-0.251252,0.050006,-0.304013,-0.302565,-0.007274,0.501326
6.100000,6.100000,sine,-0.081909,0.000000,-0.068388,-0.001441,-0.740547,-0.034914,0.677223,0.167773,0.468705,-1.218439,-9.939404,-0.413385,-0.081731,-0.864490,0.274026,-0.250059,0.056262,-0.303615,-0.306260,-0.000986,0.496296
6.120000,6.120000,sine,-0.098113,0.000000,-0.084699,-0.001454,-0.737580,-0.034461,0.680249,0.168156,0.467968,-1.219873,-9.947234,-0.414661,-0.076751,-0.863271,0.277361,-0.248772,0.062458,-0.303199,-0.309670,0.005468,0.490984
6.140000,6.140000,sine,-0.114220,0.000000,-0.100932,-0.001468,-0.733885,-0.033986,0.683059,0.168588,0.467241,-1.221343,-9.955055,-0.415868,-0.071745,-0.862064,0.280628,-0.247396,0.068583,-0.302765,-0.312796,0.012060,0.485396
6.160000,6.160000,sine,-0.130214,0.000000,-0.117070,-0.001482,-0.729467,-0.033486,0.685663,0.169079,0.466523,-1.222848,-9.962866,-0.417003,-0.066718,-0.860872,0.283825,-0.245936,0.074631,-0.302316,-0.315645,0.018761,0.479536
6.180000,6.180000,sine,-0.146080,0.000000,-0.133098,-0.001497,-0.724332,-0.032964,0.688071,0.169634,0.465815,-1.224386,-9.970671,-0.418067,-0.061673,-0.859695,0.286950,-0.244398,0.080591,-0.301853,-0.318215,0.025540,0.473406
6.200000,6.200000,sine,-0.161801,0.000000,-0.148998,-0.001512,-0.718483,-0.032420,0.690283,0.170260,0.465116,-1.225957,-9.978469,-0.419058,-0.056615,-0.858536,0.290002,-0.242786,0.086456,-0.301376,-0.320508,0.032368,0.467002
6.220000,6.220000,sine,-0.177363,0.000000,-0.164757,-0.001528,-0.711925,-0.031857,0.692303,0.170960,0.464425,-1.227559,-9.986260,-0.419975,-0.051546,-0.857395,0.292979,-0.241107,0.092220,-0.300889,-0.322519,0.039214,0.460324
6.240000,6.240000,sine,-0.192750,0.000000,-0.180358,-0.001544,-0.704658,-0.031287,0.694141,0.171741,0.463742,-1.229190,-9.994046,-0.420819,-0.046471,-0.856275,0.295879,-0.239365,0.097875,-0.300391,-0.324247,0.046047,0.453368
6.260000,6.260000,sine,-0.207947,0.000000,-0.195787,-0.001561,-0.696701,-0.030700,0.695815,0.172609,0.463066,-1.230850,-10.001825,-0.421589,-0.041394,-0.855177,0.298700,-0.237568,0.103416,-0.299885,-0.325691,0.052840,0.446131
6.280000,6.280000,sine,-0.222938,0.000000,-0.211027,-0.001578,-0.688063,-0.030092,0.697351,0.173573,0.462397,-1.232537,-10.009602,-0.422285,-0.036318,-0.854102,0.301441,-0.235721,0.108836,-0.299371,-0.326846,0.059561,0.438606
6.300000,6.300000,sine,-0.237709,0.000000,-0.226065,-0.001596,-0.678748,-0.029465,0.698750,0.174635,0.461734,-1.234249,-10.017373,-0.422908,-0.031249,-0.853051,0.304099,-0.233831,0.114132,-0.298851,-0.327706,0.066184,0.430783
6.320000,6.320000,sine,-0.252246,0.000000,-0.240885,-0.001616,-0.668763,-0.028820,0.700015,0.175792,0.461076,-1.235985,-10.025141,-0.423459,-0.026191,-0.852026,0.306673,-0.231904,0.119296,-0.298326,-0.328268,0.072679,0.422649
6.340000,6.340000,sine,-0.266534,0.000000,-0.255473,-0.001635,-0.658116,-0.028158,0.701150,0.177045,0.460424,-1.237742,-10.032904,-0.423939,-0.021149,-0.851027,0.309161,-0.229946,0.124326,-0.297798,-0.328526,0.079021,0.414196
6.360000,6.360000,sine,-0.280559,0.000000,-0.269815,-0.001656,-0.646823,-0.027479,0.702162,0.178389,0.459776,-1.239520,-10.040663,-0.424349,-0.016127,-0.850057,0.311561,-0.227964,0.129218,-0.297266,-0.328478,0.085183,0.405416
6.380000,6.380000,sine,-0.294307,0.000000,-0.283897,-0.001677,-0.634890,-0.026785,0.703075,0.179833,0.459131,-1.241317,-10.048421,-0.424691,-0.011130,-0.849116,0.313872,-0.225964,0.133967,-0.296734,-0.328119,0.091140,0.396294
6.400000,6.400000,sine,-0.307764,0.000000,-0.297704,-0.001699,-0.622319,-0.026084,0.703839,0.181352,0.458490,-1.243129,-10.056178,-0.424966,-0.006163,-0.848205,0.316091,-0.223954,0.138571,-0.296201,-0.327443,0.096869,0.386817
6.420000,6.420000,sine,-0.320918,0.000000,-0.311223,-0.001721,-0.609128,-0.025376,0.704483,0.182947,0.457851,-1.244956,-10.063931,-0.425177,-0.001232,-0.847326,0.318216,-0.221940,0.143027,-0.295669,-0.326451,0.102349,0.376976
6.440000,6.440000,sine,-0.333755,0.000000,-0.324441,-0.001743,-0.595336,-0.024654,0.705025,0.184619,0.457213,-1.246797,-10.071684,-0.425325,0.003657,-0.846480,0.320244,-0.219930,0.147331,-0.295140,-0.325138,0.107558,0.366763
6.460000,6.460000,sine,-0.346263,0.000000,-0.337345,-0.001766,-0.580958,-0.023914,0.705465,0.186356,0.456577,-1.248648,-10.079437,-0.425413,0.008501,-0.845668,0.322176,-0.217930,0.151483,-0.294614,-0.323506,0.112479,0.356166
6.480000,6.480000,sine,-0.358429,0.000000,-0.349922,-0.001790,-0.566009,-0.023146,0.705817,0.188158,0.455940,-1.250508,-10.087189,-0.425443,0.013292,-0.844891,0.324007,-0.215946,0.155479,-0.294092,-0.321553,0.117094,0.345173
6.500000,6.500000,sine,-0.370241,0.000000,-0.362160,-0.001814,-0.550491,-0.022361,0.706023,0.189989,0.455304,-1.252375,-10.094943,-0.425419,0.018026,-0.844150,0.325736,-0.213987,0.159319,-0.293575,-0.319279,0.121389,0.333770
6.520000,6.520000,sine,-0.381688,0.000000,-0.374046,-0.001837,-0.534409,-0.021581,0.706025,0.191820,0.454667,-1.254247,-10.102696,-0.425343,0.022696,-0.843447,0.327361,-0.212059,0.163000,-0.293066,-0.316687,0.125350,0.321949
6.540000,6.540000,sine,-0.392758,0.000000,-0.385569,-0.001860,-0.517790,-0.020798,0.705850,0.193649,0.454028,-1.256122,-10.110452,-0.425217,0.027296,-0.842784,0.328878,-0.210169,0.166522,-0.292564,-0.313782,0.128966,0.309710
6.560000,6.560000,sine,-0.403441,0.000000,-0.396716,-0.001883,-0.500665,-0.019994,0.705559,0.195475,0.453387,-1.257999,-10.118209,-0.425046,0.031821,-0.842160,0.330287,-0.208324,0.169883,-0.292072,-0.310571,0.132229,0.297050
6.580000,6.580000,sine,-0.413725,0.000000,-0.407478,-0.001905,-0.483038,-0.019176,0.705074,0.197271,0.452744,-1.259875,-10.125968,-0.424832,0.036266,-0.841578,0.331585,-0.206531,0.173083,-0.291591,-0.307058,0.135131,0.283959
6.600000,6.600000,sine,-0.423601,0.000000,-0.417843,-0.001927,-0.464932,-0.018335,0.704423,0.199023,0.452097,-1.261748,-10.133731,-0.424579,0.040624,-0.841039,0.332770,-0.204796,0.176122,-0.291121,-0.303249,0.137668,0.270435
6.620000,6.620000,sine,-0.433059,0.000000,-0.427800,-0.001950,-0.446382,-0.017445,0.703668,0.200743,0.451447,-1.263616,-10.141493,-0.424290,0.044891,-0.840544,0.333840,-0.203125,0.178999,-0.290665,-0.299158,0.139837,0.256476
6.640000,6.640000,sine,-0.442090,0.000000,-0.437341,-0.001974,-0.427396,-0.016499,0.702783,0.202407,0.450792,-1.265478,-10.149261,-0.423969,0.049059,-0.840094,0.334792,-0.201526,0.181715,-0.290223,-0.294791,0.141638,0.242074
6.660000,6.660000,sine,-0.450685,0.000000,-0.446455,-0.001996,-0.407971,-0.015519,0.701657,0.203961,0.450133,-1.267333,-10.157030,-0.423619,0.053125,-0.839691,0.335624,-0.200004,0.184269,-0.289796,-0.290156,0.143069,0.227223
6.680000,6.680000,sine,-0.458834,0.000000,-0.455133,-0.002018,-0.388127,-0.014513,0.700242,0.205379,0.449469,-1.269177,-10.164804,-0.423244,0.057083,-0.839336,0.336334,-0.198566,0.186662,-0.289386,-0.285268,0.144134,0.211929
6.700000,6.700000,sine,-0.466531,0.000000,-0.463366,-0.002040,-0.367907,-0.013464,0.698584,0.206659,0.448799,-1.271010,-10.172580,-0.422848,0.060926,-0.839031,0.336919,-0.197218,0.188894,-0.288995,-0.280141,0.144839,0.196206
6.720000,6.720000,sine,-0.473767,0.000000,-0.471146,-0.002061,-0.347344,-0.012346,0.696758,0.207820,0.448123,-1.272829,-10.180360,-0.422434,0.064651,-0.838776,0.337378,-0.195964,0.190965,-0.288623,-0.274792,0.145192,0.180059
6.740000,6.740000,sine,-0.480536,0.000000,-0.478466,-0.002085,-0.326495,-0.011099,0.694928,0.208898,0.447441,-1.274633,-10.188143,-0.422005,0.068252,-0.838574,0.337709,-0.194811,0.192877,-0.288271,-0.269237,0.145202,0.163498
6.760000,6.760000,sine,-0.486831,0.000000,-0.485317,-0.002111,-0.305333,-0.009747,0.692904,0.209829,0.446752,-1.276421,-10.195930,-0.421565,0.071726,-0.838424,0.337910,-0.193762,0.194630,-0.287941,-0.263484,0.144876,0.146505
6.780000,6.780000,sine,-0.492645,0.000000,-0.491693,-0.002136,-0.283856,-0.008312,0.690599,0.210565,0.446056,-1.278191,-10.203723,-0.421119,0.075069,-0.838329,0.337977,-0.192822,0.196225,-0.287633,-0.257552,0.144226,0.129079
6.800000,6.800000,sine,-0.497973,0.000000,-0.497588,-0.002161,-0.262085,-0.006809,0.687925,0.211076,0.445353,-1.279941,-10.211518,-0.420668,0.078275,-0.838289,0.337909,-0.191997,0.197663,-0.287349,-0.251456,0.143263,0.111238
6.820000,6.820000,sine,-0.502810,0.000000,-0.502994,-0.002185,-0.240047,-0.005249,0.684866,0.211342,0.444643,-1.281669,-10.219317,-0.420218,0.081341,-0.838306,0.337704,-0.191290,0.198943,-0.287090,-0.245216,0.142003,0.092998
6.840000,6.840000,sine,-0.507150,0.000000,-0.507907,-0.002208,-0.217801,-0.003629,0.679995,0.214156,0.443925,-1.283376,-10.227124,-0.419770,0.084262,-0.838381,0.337359,-0.190704,0.200068,-0.286856,-0.238860,0.140466,0.074395
6.860000,6.860000,sine,-0.510990,0.000000,-0.512322,-0.002230,-0.195353,-0.001956,0.674543,0.217107,0.443199,-1.285058,-10.234933,-0.419328,0.087037,-0.838514,0.336872,-0.190243,0.201038,-0.286648,-0.232401,0.138666,0.055432
6.880000,6.880000,sine,-0.514326,0.000000,-0.516233,-0.002251,-0.172714,-0.000228,0.668650,0.219926,0.442465,-1.286716,-10.242746,-0.418895,0.089661,-0.838707,0.336241,-0.189909,0.201853,-0.286467,-0.225856,0.136619,0.036112
6.900000,6.900000,sine,-0.517154,0.000000,-0.519638,-0.002269,-0.149119,-0.000001,0.662263,0.222591,0.441724,-1.288347,-10.250566,-0.418474,0.092133,-0.838961,0.335463,-0.189706,0.202513,-0.286313,-0.219220,0.134331,0.016448
6.920000,6.920000,sine,-0.519471,0.000000,-0.522531,-0.002286,-0.125252,-0.000000,0.655418,0.225121,0.440974,-1.289951,-10.258390,-0.418068,0.094449,-0.839275,0.334537,-0.189634,0.203020,-0.286186,-0.212536,0.131833,-0.003538
6.940000,6.940000,sine,-0.521276,0.000000,-0.524911,-0.002302,-0.101271,-0.000000,0.648136,0.227487,0.440215,-1.291527,-10.266222,-0.417680,0.096607,-0.839651,0.333461,-0.189695,0.203375,-0.286088,-0.205822,0.129144,-0.023809
6.960000,6.960000,sine,-0.522567,0.000000,-0.526777,-0.002316,-0.077317,-0.000000,0.640863,0.229711,0.439449,-1.293073,-10.274059,-0.417311,0.098607,-0.840089,0.332232,-0.189889,0.203577,-0.286017,-0.199081,0.126273,-0.044201
6.980000,6.980000,sine,-0.523342,0.000000,-0.528130,-0.002330,-0.053453,-0.000000,0.634006,0.231886,0.438674,-1.294589,-10.281901,-0.416963,0.100446,-0.840588,0.330852,-0.190217,0.203626,-0.285975,-0.192294,0.123219,-0.064589
7.000000,7.000000,sine,-0.523600,0.000000,-0.528970,-0.002345,-0.029661,-0.000000,0.627763,0.234116,0.437891,-1.296074,-10.289750,-0.416640,0.102124,-0.841148,0.329321,-0.190677,0.203521,-0.285961,-0.185436,0.119976,-0.084914
7.020000,7.020000,sine,-0.523342,0.000000,-0.529298,-0.002361,-0.005910,-0.000000,0.622146,0.236472,0.437099,-1.297527,-10.297603,-0.416342,0.103640,-0.841766,0.327639,-0.191268,0.203263,-0.285976,-0.178481,0.116537,-0.105129
7.040000,7.040000,sine,-0.522567,0.000000,-0.529164,-0.002386,0.010032,0.000000,0.638038,0.239495,0.436299,-1.298947,-10.305463,-0.416069,0.105005,-0.842437,0.325823,-0.191935,0.202914,-0.286017,-0.172471,0.113484,-0.119481
7.060000,7.060000,sine,-0.521276,0.000000,-0.528659,-0.002415,0.028582,0.000000,0.669420,0.242594,0.435491,-1.300336,-10.313330,-0.415817,0.106238,-0.843148,0.323899,-0.192708,0.202433,-0.286084,-0.165973,0.110079,-0.135678
7.080000,7.080000,sine,-0.519471,0.000000,-0.527641,-0.002476,0.054484,0.000000,0.681772,0.249104,0.434674,-1.301690,-10.321201,-0.415594,0.107308,-0.843913,0.321833,-0.193640,0.201754,-0.286180,-0.158339,0.105943,-0.157048
7.100000,7.100000,sine,-0.517154,0.000000,-0.526049,-0.002530,0.082129,0.000000,0.680459,0.255604,0.433849,-1.303008,-10.329078,-0.415405,0.108198,-0.844739,0.319606,-0.194722,0.200888,-0.286307,-0.150318,0.101471,-0.179331
7.120000,7.120000,sine,-0.514326,0.000000,-0.523883,-0.002569,0.108957,0.000000,0.673689,0.260681,0.433014,-1.304288,-10.336961,-0.415252,0.108907,-0.845622,0.317221,-0.195938,0.199847,-0.286464,-0.142237,0.096850,-0.200590
7.140000,7.140000,sine,-0.510990,0.000000,-0.521167,-0.002598,0.134297,0.000001,0.666332,0.264503,0.432171,-1.305529,-10.344853,-0.415133,0.109439,-0.846557,0.314689,-0.197271,0.198643,-0.286651,-0.134170,0.092139,-0.220313
7.160000,7.160000,sine,-0.507150,0.000000,-0.517926,-0.002621,0.157930,0.000889,0.660434,0.267673,0.431319,-1.306731,-10.352750,-0.415048,0.109800,-0.847538,0.312023,-0.198710,0.197285,-0.286866,-0.126089,0.087342,-0.238666
7.180000,7.180000,sine,-0.502810,0.000000,-0.514178,-0.002644,0.180381,0.002553,0.656247,0.270675,0.430458,-1.307894,-10.360653,-0.414997,0.109996,-0.848560,0.309232,-0.200247,0.195774,-0.287109,-0.117920,0.082438,-0.255986
7.200000,7.200000,sine,-0.497973,0.000000,-0.509934,-0.002668,0.202459,0.004131,0.653363,0.273773,0.429588,-1.309016,-10.368564,-0.414978,0.110026,-0.849619,0.306326,-0.201873,0.194111,-0.287379,-0.109591,0.077403,-0.272541
7.220000,7.220000,sine,-0.492645,0.000000,-0.505200,-0.002694,0.224328,0.005698,0.651284,0.277072,0.428709,-1.310098,-10.376479,-0.414992,0.109894,-0.850710,0.303309,-0.203583,0.192298,-0.287675,-0.101068,0.072237,-0.288467
7.240000,7.240000,sine,-0.486831,0.000000,-0.499979,-0.002723,0.246039,0.007285,0.649626,0.280560,0.427821,-1.311139,-10.384401,-0.415040,0.109599,-0.851832,0.300188,-0.205370,0.190334,-0.287996,-0.092332,0.066946,-0.303805
7.260000,7.260000,sine,-0.480536,0.000000,-0.494275,-0.002752,0.267607,0.008887,0.649712,0.281120,0.426924,-1.312137,-10.392329,-0.415119,0.109140,-0.852980,0.296969,-0.207227,0.188219,-0.288343,-0.083368,0.061542,-0.318562
7.280000,7.280000,sine,-0.473767,0.000000,-0.488093,-0.002781,0.288969,0.010504,0.649963,0.281560,0.426017,-1.313094,-10.400260,-0.415229,0.108520,-0.854151,0.293657,-0.209144,0.185957,-0.288713,-0.074178,0.056045,-0.332689
7.300000,7.300000,sine,-0.466531,0.000000,-0.481438,-0.002811,0.310076,0.012129,0.650308,0.281958,0.425101,-1.314009,-10.408201,-0.415371,0.107737,-0.855342,0.290259,-0.211115,0.183548,-0.289105,-0.064760,0.050474,-0.346155
7.320000,7.320000,sine,-0.458834,0.000000,-0.474314,-0.002841,0.330885,0.013759,0.650736,0.282302,0.424176,-1.314880,-10.416145,-0.415542,0.106794,-0.856549,0.286780,-0.213130,0.180995,-0.289519,-0.055112,0.044851,-0.358936
7.340000,7.340000,sine,-0.450685,0.000000,-0.466731,-0.002871,0.351371,0.015392,0.651265,0.282588,0.423240,-1.315709,-10.424094,-0.415742,0.105690,-0.857770,0.283229,-0.215182,0.178301,-0.289954,-0.045228,0.039194,-0.371027
7.360000,7.360000,sine,-0.442090,0.000000,-0.458693,-0.002900,0.371508,0.017027,0.651873,0.282803,0.422295,-1.316495,-10.432050,-0.415969,0.104427,-0.859001,0.279612,-0.217260,0.175466,-0.290407,-0.035102,0.033524,-0.382428
7.380000,7.380000,sine,-0.433059,0.000000,-0.450210,-0.002929,0.391275,0.018663,0.652548,0.282941,0.421339,-1.317237,-10.440010,-0.416222,0.103005,-0.860238,0.275934,-0.219358,0.172495,-0.290879,-0.024727,0.027863,-0.393142
7.400000,7.400000,sine,-0.423601,0.000000,-0.441290,-0.002958,0.410656,0.020298,0.653298,0.283000,0.420373,-1.317937,-10.447976,-0.416498,0.101425,-0.861480,0.272204,-0.221466,0.169390,-0.291367,-0.014097,0.022232,-0.403182
7.420000,7.420000,sine,-0.413725,0.000000,-0.431941,-0.002986,0.429630,0.021931,0.654073,0.282969,0.419397,-1.318595,-10.455945,-0.416796,0.099689,-0.862722,0.268428,-0.223576,0.166152,-0.291870,-0.003205,0.016652,-0.412555
7.440000,7.440000,sine,-0.403441,0.000000,-0.422172,-0.003014,0.448172,0.023558,0.654883,0.282844,0.418409,-1.319210,-10.463918,-0.417114,0.097796,-0.863963,0.264611,-0.225680,0.162786,-0.292388,0.007944,0.011151,-0.421272
7.460000,7.460000,sine,-0.392758,0.000000,-0.411994,-0.003041,0.466254,0.025168,0.655757,0.282643,0.417411,-1.319783,-10.471895,-0.417450,0.095748,-0.865200,0.260761,-0.227771,0.159293,-0.292919,0.019310,0.005762,-0.429359
7.480000,7.480000,sine,-0.381688,0.000000,-0.401416,-0.003067,0.483855,0.026752,0.656735,0.282389,0.416401,-1.320314,-10.479877,-0.417801,0.093547,-0.866431,0.256883,-0.229840,0.155677,-0.293461,0.030851,0.000521,-0.436848
7.500000,7.500000,sine,-0.370241,0.000000,-0.390449,-0.003093,0.500964,0.028303,0.657839,0.282107,0.415379,-1.320804,-10.487859,-0.418164,0.091193,-0.867653,0.252983,-0.231881,0.151941,-0.294014,0.042526,-0.004539,-0.443776
7.520000,7.520000,sine,-0.358429,0.000000,-0.379104,-0.003118,0.517570,0.029812,0.659077,0.281819,0.414345,-1.321253,-10.495844,-0.418538,0.088688,-0.868865,0.249065,-0.233886,0.148087,-0.294575,0.054296,-0.009386,-0.450177
7.540000,7.540000,sine,-0.346263,0.000000,-0.367393,-0.003142,0.533665,0.031271,0.660436,0.281548,0.413299,-1.321662,-10.503833,-0.418918,0.086036,-0.870066,0.245135,-0.235850,0.144118,-0.295144,0.066125,-0.013991,-0.456078
7.560000,7.560000,sine,-0.333755,0.000000,-0.355327,-0.003166,0.549241,0.032661,0.661889,0.281331,0.412239,-1.322033,-10.511822,-0.419304,0.083238,-0.871252,0.241196,-0.237765,0.140037,-0.295718,0.077974,-0.018325,-0.461498
7.580000,7.580000,sine,-0.320918,0.000000,-0.342918,-0.003188,0.564306,0.033947,0.663391,0.281261,0.411167,-1.322365,-10.519814,-0.419690,0.080298,-0.872424,0.237251,-0.239625,0.135847,-0.296296,0.089801,-0.022363,-0.466462
7.600000,7.600000,sine,-0.307764,0.000000,-0.330179,-0.003209,0.578879,0.035071,0.664853,0.281493,0.410081,-1.322660,-10.527808,-0.420075,0.077219,-0.873580,0.233306,-0.241426,0.131551,-0.296876,0.101563,-0.026079,-0.470997
7.620000,7.620000,sine,-0.294307,0.000000,-0.317122,-0.003229,0.592943,0.036034,0.666265,0.282010,0.408980,-1.322918,-10.535800,-0.420455,0.074003,-0.874719,0.229361,-0.243162,0.127151,-0.297456,0.113208,-0.029445,-0.475132
7.640000,7.640000,sine,-0.280559,0.000000,-0.303760,-0.003247,0.606465,0.036875,0.667679,0.282688,0.407866,-1.323140,-10.543793,-0.420827,0.070655,-0.875841,0.225421,-0.244829,0.122652,-0.298034,0.124689,-0.032438,-0.478894
7.660000,7.660000,sine,-0.266534,0.000000,-0.290107,-0.003264,0.619421,0.037611,0.669125,0.283481,0.406736,-1.323328,-10.551787,-0.421188,0.067180,-0.876944,0.221487,-0.246420,0.118057,-0.298609,0.135962,-0.035040,-0.482309
7.680000,7.680000,sine,-0.252246,0.000000,-0.276175,-0.003280,0.631794,0.038251,0.670594,0.284361,0.405592,-1.323482,-10.559777,-0.421534,0.063582,-0.878028,0.217561,-0.247933,0.113372,-0.299178,0.146996,-0.037237,-0.485400
7.700000,7.700000,sine,-0.237709,0.000000,-0.261978,-0.003294,0.643568,0.038801,0.672081,0.285319,0.404432,-1.323603,-10.567767,-0.421863,0.059865,-0.879093,0.213645,-0.249362,0.108598,-0.299740,0.157765,-0.039021,-0.488184
7.720000,7.720000,sine,-0.222938,0.000000,-0.247529,-0.003307,0.654736,0.039266,0.673580,0.286340,0.403256,-1.323693,-10.575757,-0.422170,0.056035,-0.880137,0.209740,-0.250705,0.103741,-0.300293,0.168246,-0.040387,-0.490676
7.740000,7.740000,sine,-0.207947,0.000000,-0.232844,-0.003319,0.665283,0.039653,0.675066,0.287408,0.402063,-1.323753,-10.583742,-0.422453,0.052095,-0.881162,0.205846,-0.251958,0.098804,-0.300835,0.178425,-0.041333,-0.492884
7.760000,7.760000,sine,-0.192750,0.000000,-0.217937,-0.003329,0.675202,0.039966,0.676527,0.288508,0.400854,-1.323783,-10.591724,-0.422708,0.048052,-0.882167,0.201967,-0.253117,0.093792,-0.301366,0.188289,-0.041863,-0.494815
7.780000,7.780000,sine,-0.177363,0.000000,-0.202821,-0.003339,0.684479,0.040211,0.677925,0.289621,0.399628,-1.323784,-10.599703,-0.422931,0.043910,-0.883152,0.198101,-0.254181,0.088707,-0.301883,0.197828,-0.041979,-0.496471
7.800000,7.800000,sine,-0.161801,0.000000,-0.187511,-0.003347,0.693104,0.040392,0.679246,0.290729,0.398385,-1.323758,-10.607677,-0.423121,0.039674,-0.884116,0.194252,-0.255147,0.083554,-0.302386,0.207035,-0.041687,-0.497851
7.820000,7.820000,sine,-0.146080,0.000000,-0.172023,-0.003354,0.701066,0.040515,0.680467,0.291819,0.397124,-1.323705,-10.615646,-0.423274,0.035351,-0.885059,0.190420,-0.256012,0.078338,-0.302873,0.215904,-0.040994,-0.498953
7.840000,7.840000,sine,-0.130214,0.000000,-0.156371,-0.003360,0.708356,0.040583,0.681571,0.292871,0.395845,-1.323626,-10.623612,-0.423386,0.030944,-0.885983,0.186606,-0.256775,0.073061,-0.303344,0.224433,-0.039911,-0.499774
7.860000,7.860000,sine,-0.114220,0.000000,-0.140571,-0.003364,0.714966,0.040601,0.682529,0.293872,0.394548,-1.323522,-10.631572,-0.423455,0.026459,-0.886885,0.182810,-0.257436,0.067728,-0.303797,0.232618,-0.038445,-0.500310
7.880000,7.880000,sine,-0.098113,0.000000,-0.124637,-0.003367,0.720886,0.040573,0.683322,0.294805,0.393233,-1.323393,-10.639524,-0.423479,0.021902,-0.887768,0.179037,-0.257992,0.062344,-0.304232,0.240459,-0.036609,-0.500553
7.900000,7.900000,sine,-0.081909,0.000000,-0.108586,-0.003369,0.726109,0.040502,0.683931,0.295658,0.391899,-1.323241,-10.647471,-0.423454,0.017278,-0.888630,0.175285,-0.258443,0.056911,-0.304648,0.247957,-0.034415,-0.500500
7.920000,7.920000,sine,-0.065624,0.000000,-0.092433,-0.003370,0.730628,0.040391,0.684338,0.296419,0.390546,-1.323065,-10.655412,-0.423378,0.012591,-0.889472,0.171558,-0.258788,0.051433,-0.305045,0.255114,-0.031875,-0.500140
7.940000,7.940000,sine,-0.049275,0.000000,-0.076193,-0.003369,0.734437,0.040242,0.684520,0.297074,0.389174,-1.322868,-10.663345,-0.423249,0.007848,-0.890293,0.167857,-0.259028,0.045916,-0.305422,0.261934,-0.029004,-0.499467
7.960000,7.960000,sine,-0.032877,0.000000,-0.059883,-0.003366,0.737529,0.040058,0.684469,0.297613,0.387783,-1.322648,-10.671272,-0.423065,0.003053,-0.891095,0.164183,-0.259162,0.040362,-0.305778,0.268421,-0.025816,-0.498472
7.980000,7.980000,sine,-0.016447,0.000000,-0.043517,-0.003363,0.739902,0.039841,0.684166,0.298029,0.386373,-1.322405,-10.679190,-0.422823,-0.001788,-0.891877,0.160540,-0.259191,0.034776,-0.306114,0.274579,-0.022327,-0.497148
8.000000,8.000000,sine,-0.000000,0.000000,-0.027114,-0.003357,0.741551,0.039592,0.683597,0.298311,0.384944,-1.322143,-10.687099,-0.422521,-0.006671,-0.892639,0.156929,-0.259116,0.029160,-0.306429,0.280415,-0.018552,-0.495485
8.020000,8.020000,sine,0.016447,0.000000,-0.010687,-0.003351,0.742520,0.039219,0.682753,0.298455,0.383495,-1.321859,-10.695000,-0.422158,-0.011589,-0.893382,0.153353,-0.258938,0.023520,-0.306722,0.285936,-0.014506,-0.493475
8.040000,8.040000,sine,0.032877,0.000000,0.005746,-0.003342,0.742791,0.038757,0.681629,0.298454,0.382026,-1.321554,-10.702893,-0.421733,-0.016539,-0.894105,0.149814,-0.258658,0.017859,-0.306993,0.291148,-0.010207,-0.491110
8.060000,8.060000,sine,0.049275,0.000000,0.022169,-0.003333,0.742317,0.038296,0.680212,0.298305,0.380538,-1.321229,-10.710779,-0.421243,-0.021516,-0.894809,0.146314,-0.258277,0.012180,-0.307244,0.296059,-0.005671,-0.488381
8.080000,8.080000,sine,0.065624,0.000000,0.038567,-0.003321,0.741100,0.037835,0.678494,0.298000,0.379031,-1.320884,-10.718657,-0.420689,-0.026515,-0.895494,0.142858,-0.257798,0.006486,-0.307472,0.300675,-0.000916,-0.485281
8.100000,8.100000,sine,0.081909,0.000000,0.054923,-0.003308,0.739139,0.037375,0.676463,0.297538,0.377504,-1.320518,-10.726521,-0.420068,-0.031530,-0.896160,0.139446,-0.257222,0.000781,-0.307679,0.305004,0.004043,-0.481801
8.120000,8.120000,sine,0.098113,0.000000,0.071222,-0.003294,0.736435,0.036914,0.674122,0.296915,0.375958,-1.320131,-10.734380,-0.419380,-0.036557,-0.896808,0.136084,-0.256553,-0.004930,-0.307865,0.309054,0.009183,-0.477934
8.140000,8.140000,sine,0.114220,0.000000,0.087446,-0.003277,0.732982,0.036454,0.671487,0.296137,0.374392,-1.319725,-10.742228,-0.418624,-0.041592,-0.897438,0.132773,-0.255792,-0.010640,-0.308028,0.312832,0.014483,-0.473676
8.160000,8.160000,sine,0.130214,0.000000,0.103581,-0.003259,0.728779,0.035996,0.668587,0.295212,0.372807,-1.319298,-10.750069,-0.417801,-0.046630,-0.898050,0.129517,-0.254942,-0.016337,-0.308171,0.316343,0.019920,-0.469034
8.180000,8.180000,sine,0.146080,0.000000,0.119610,-0.003240,0.723830,0.035542,0.665437,0.294146,0.371204,-1.318851,-10.757901,-0.416910,-0.051667,-0.898643,0.126319,-0.254007,-0.022013,-0.308294,0.319595,0.025471,-0.464013
8.200000,8.200000,sine,0.161801,0.000000,0.135516,-0.003219,0.718141,0.035093,0.662052,0.292945,0.369581,-1.318383,-10.765723,-0.415951,-0.056698,-0.899220,0.123183,-0.252991,-0.027657,-0.308396,0.322589,0.031112,-0.458622
8.220000,8.220000,sine,0.177363,0.000000,0.151285,-0.003197,0.711716,0.034650,0.658446,0.291613,0.367940,-1.317897,-10.773543,-0.414925,-0.061720,-0.899779,0.120110,-0.251898,-0.033261,-0.308478,0.325332,0.036820,-0.452867
8.240000,8.240000,sine,0.192750,0.000000,0.166900,-0.003173,0.704564,0.034216,0.654629,0.290158,0.366282,-1.317391,-10.781355,-0.413832,-0.066729,-0.900320,0.117105,-0.250731,-0.038816,-0.308541,0.327822,0.042570,-0.446759
8.260000,8.260000,sine,0.207947,0.000000,0.182346,-0.003148,0.696718,0.033737,0.650611,0.288575,0.364605,-1.316866,-10.789157,-0.412673,-0.071720,-0.900845,0.114170,-0.249496,-0.044314,-0.308585,0.330061,0.048340,-0.440303
8.280000,8.280000,sine,0.222938,0.000000,0.197608,-0.003122,0.688249,0.033089,0.646414,0.286878,0.362912,-1.316323,-10.796951,-0.411450,-0.076690,-0.901353,0.111308,-0.248196,-0.049746,-0.308610,0.332053,0.054104,-0.433504
8.300000,8.300000,sine,0.237709,0.000000,0.212671,-0.003095,0.679094,0.032421,0.642056,0.285073,0.361202,-1.315763,-10.804743,-0.410164,-0.081635,-0.901845,0.108521,-0.246838,-0.055108,-0.308618,0.333795,0.059839,-0.426371
8.320000,8.320000,sine,0.252246,0.000000,0.227519,-0.003067,0.669260,0.031730,0.637538,0.283162,0.359476,-1.315186,-10.812528,-0.408817,-0.086552,-0.902319,0.105814,-0.245426,-0.060390,-0.308608,0.335283,0.065521,-0.418907
8.340000,8.340000,sine,0.266534,0.000000,0.242138,-0.003038,0.658759,0.031019,0.632875,0.281149,0.357735,-1.314593,-10.820307,-0.407411,-0.091436,-0.902778,0.103187,-0.243964,-0.065587,-0.308582,0.336515,0.071127,-0.411117
8.360000,8.360000,sine,0.280559,0.000000,0.256513,-0.003008,0.647600,0.030287,0.628075,0.279039,0.355979,-1.313985,-10.828082,-0.405947,-0.096284,-0.903220,0.100645,-0.242459,-0.070693,-0.308538,0.337489,0.076633,-0.403005
8.380000,8.380000,sine,0.294307,0.000000,0.270631,-0.002978,0.635794,0.029534,0.623156,0.276838,0.354210,-1.313363,-10.835854,-0.404429,-0.101094,-0.903646,0.098188,-0.240917,-0.075703,-0.308479,0.338202,0.082017,-0.394573
8.400000,8.400000,sine,0.307764,0.000000,0.284476,-0.002946,0.623354,0.028759,0.618133,0.274555,0.352427,-1.312727,-10.843620,-0.402859,-0.105859,-0.904056,0.095821,-0.239341,-0.080610,-0.308404,0.338650,0.087257,-0.385823
8.420000,8.420000,sine,0.320918,0.000000,0.298036,-0.002914,0.610293,0.027965,0.613020,0.272195,0.350631,-1.312079,-10.851383,-0.401240,-0.110578,-0.904449,0.093544,-0.237739,-0.085412,-0.308314,0.338830,0.092331,-0.376756
8.440000,8.440000,sine,0.333755,0.000000,0.311296,-0.002881,0.596621,0.027152,0.607821,0.269763,0.348824,-1.311419,-10.859143,-0.399575,-0.115247,-0.904826,0.091361,-0.236114,-0.090103,-0.308210,0.338740,0.097221,-0.367371
8.460000,8.460000,sine,0.346263,0.000000,0.324244,-0.002848,0.582358,0.026319,0.602556,0.267263,0.347007,-1.310750,-10.866902,-0.397868,-0.119863,-0.905188,0.089273,-0.234474,-0.094681,-0.308091,0.338374,0.101905,-0.357666
8.480000,8.480000,sine,0.358429,0.000000,0.336868,-0.002813,0.567523,0.025470,0.597197,0.264689,0.345179,-1.310072,-10.874660,-0.396121,-0.124421,-0.905533,0.087284,-0.232823,-0.099140,-0.307959,0.337727,0.106365,-0.347627
8.500000,8.500000,sine,0.370241,0.000000,0.349154,-0.002779,0.552131,0.024603,0.591735,0.262040,0.343343,-1.309386,-10.882415,-0.394339,-0.128918,-0.905861,0.085394,-0.231168,-0.103477,-0.307814,0.336793,0.110583,-0.337236
8.520000,8.520000,sine,0.381688,0.000000,0.361090,-0.002743,0.536195,0.023718,0.586175,0.259320,0.341498,-1.308692,-10.890171,-0.392526,-0.133350,-0.906174,0.083607,-0.229514,-0.107689,-0.307656,0.335565,0.114539,-0.326471
8.540000,8.540000,sine,0.392758,0.000000,0.372665,-0.002707,0.519728,0.022810,0.580536,0.256537,0.339646,-1.307993,-10.897928,-0.390686,-0.137714,-0.906470,0.081926,-0.227866,-0.111773,-0.307487,0.334035,0.118218,-0.315311
8.560000,8.560000,sine,0.403441,0.000000,0.383867,-0.002670,0.502743,0.021877,0.574838,0.253702,0.337788,-1.307290,-10.905685,-0.388824,-0.142005,-0.906749,0.080352,-0.226232,-0.115725,-0.307306,0.332198,0.121604,-0.303735
8.580000,8.580000,sine,0.413725,0.000000,0.394686,-0.002632,0.485257,0.020917,0.569116,0.250830,0.335925,-1.306584,-10.913445,-0.386943,-0.146219,-0.907012,0.078889,-0.224616,-0.119542,-0.307116,0.330050,0.124682,-0.291724
8.600000,8.600000,sine,0.423601,0.000000,0.405109,-0.002594,0.467283,0.019926,0.563387,0.247934,0.334057,-1.305876,-10.921204,-0.385049,-0.150354,-0.907259,0.077540,-0.223025,-0.123222,-0.306916,0.327590,0.127442,-0.279261
8.620000,8.620000,sine,0.433059,0.000000,0.415127,-0.002555,0.448837,0.018903,0.557687,0.245032,0.332186,-1.305167,-10.928965,-0.383148,-0.154402,-0.907488,0.076307,-0.221466,-0.126760,-0.306708,0.324813,0.129870,-0.266330
8.640000,8.640000,sine,0.442090,0.000000,0.424729,-0.002516,0.429937,0.017843,0.552068,0.242143,0.330312,-1.304460,-10.936731,-0.381243,-0.158362,-0.907701,0.075194,-0.219944,-0.130154,-0.306492,0.321721,0.131959,-0.252916
8.660000,8.660000,sine,0.450685,0.000000,0.433906,-0.002476,0.410603,0.016745,0.546570,0.239291,0.328437,-1.303754,-10.944496,-0.379340,-0.162229,-0.907897,0.074204,-0.218466,-0.133403,-0.306270,0.318316,0.133700,-0.239009
8.680000,8.680000,sine,0.458834,0.000000,0.442647,-0.002436,0.390852,0.015606,0.541226,0.236493,0.326562,-1.303051,-10.952265,-0.377444,-0.165999,-0.908076,0.073340,-0.217037,-0.136503,-0.306044,0.314600,0.135088,-0.224598
8.700000,8.700000,sine,0.466531,0.000000,0.450945,-0.002396,0.370702,0.014422,0.536093,0.233770,0.324688,-1.302354,-10.960035,-0.375562,-0.169666,-0.908237,0.072605,-0.215665,-0.139452,-0.305814,0.310579,0.136120,-0.209674
8.720000,8.720000,sine,0.473767,0.000000,0.458790,-0.002356,0.350174,0.013191,0.531223,0.231150,0.322815,-1.301661,-10.967811,-0.373697,-0.173229,-0.908382,0.072002,-0.214354,-0.142247,-0.305581,0.306261,0.136793,-0.194231
8.740000,8.740000,sine,0.480536,0.000000,0.466174,-0.002317,0.329287,0.011911,0.526657,0.228651,0.320944,-1.300976,-10.975591,-0.371855,-0.176682,-0.908510,0.071536,-0.213111,-0.144887,-0.305348,0.301652,0.137107,-0.178263
8.760000,8.760000,sine,0.486831,0.000000,0.473089,-0.002277,0.308063,0.010578,0.522458,0.226306,0.319078,-1.300299,-10.983375,-0.370043,-0.180021,-0.908620,0.071209,-0.211941,-0.147369,-0.305116,0.296764,0.137064,-0.161768
8.780000,8.780000,sine,0.492645,0.000000,0.479529,-0.002238,0.286524,0.009192,0.518684,0.224137,0.317215,-1.299631,-10.991162,-0.368265,-0.183243,-0.908713,0.071025,-0.210851,-0.149692,-0.304885,0.291608,0.136669,-0.144747
8.800000,8.800000,sine,0.497973,0.000000,0.485485,-0.002200,0.264694,0.007751,0.515381,0.222168,0.315359,-1.298974,-10.998954,-0.366527,-0.186343,-0.908788,0.070987,-0.209845,-0.151853,-0.304659,0.286200,0.135928,-0.127201
8.820000,8.820000,sine,0.502810,0.000000,0.490952,-0.002162,0.242589,0.006254,0.512591,0.220422,0.313508,-1.298328,-11.006749,-0.364834,-0.189320,-0.908845,0.071098,-0.208930,-0.153851,-0.304437,0.280551,0.134849,-0.109130
8.840000,8.840000,sine,0.507150,0.000000,0.495924,-0.002126,0.220237,0.004699,0.510384,0.218926,0.311665,-1.297695,-11.014552,-0.363191,-0.192168,-0.908884,0.071363,-0.208109,-0.155685,-0.304222,0.274678,0.133440,-0.090540
8.860000,8.860000,sine,0.510990,0.000000,0.500395,-0.002091,0.197689,0.003076,0.510029,0.215293,0.309831,-1.297076,-11.022360,-0.361604,-0.194886,-0.908905,0.071784,-0.207387,-0.157354,-0.304015,0.268607,0.131719,-0.071453
8.880000,8.880000,sine,0.514326,0.000000,0.504361,-0.002056,0.174956,0.001382,0.510741,0.211099,0.308005,-1.296471,-11.030171,-0.360077,-0.197470,-0.908908,0.072365,-0.206769,-0.158856,-0.303818,0.262352,0.129695,-0.051864
8.900000,8.900000,sine,0.517154,0.000000,0.507818,-0.002024,0.151856,0.000000,0.512235,0.207034,0.306189,-1.295882,-11.037989,-0.358615,-0.199917,-0.908891,0.073109,-0.206258,-0.160189,-0.303631,0.255925,0.127380,-0.031773
8.920000,8.920000,sine,0.519471,0.000000,0.510760,-0.001992,0.127867,0.000000,0.514525,0.203105,0.304384,-1.295310,-11.045814,-0.357222,-0.202225,-0.908856,0.074021,-0.205859,-0.161351,-0.303457,0.249330,0.124778,-0.011185
8.940000,8.940000,sine,0.521276,0.000000,0.513186,-0.001962,0.103728,0.000000,0.517653,0.199294,0.302591,-1.294756,-11.053641,-0.355902,-0.204392,-0.908800,0.075103,-0.205574,-0.162342,-0.303296,0.242611,0.121922,0.009882
8.960000,8.960000,sine,0.522567,0.000000,0.515093,-0.001934,0.079519,0.000000,0.521534,0.195636,0.300809,-1.294220,-11.061475,-0.354659,-0.206416,-0.908724,0.076358,-0.205406,-0.163161,-0.303149,0.235787,0.118828,0.031352
8.980000,8.980000,sine,0.523342,0.000000,0.516481,-0.001906,0.055386,0.000000,0.525588,0.192112,0.299041,-1.293702,-11.069315,-0.353498,-0.208294,-0.908626,0.077788,-0.205357,-0.163806,-0.303018,0.228851,0.115499,0.053041
9.000000,9.000000,sine,0.523600,0.000000,0.517352,-0.001879,0.031357,0.000000,0.529474,0.188638,0.297286,-1.293205,-11.077163,-0.352421,-0.210026,-0.908507,0.079394,-0.205429,-0.164274,-0.302903,0.221782,0.111934,0.074845
9.020000,9.020000,sine,0.523342,0.000000,0.517708,-0.001854,0.007871,0.000000,0.533062,0.185139,0.295545,-1.292728,-11.085014,-0.351431,-0.211611,-0.908365,0.081177,-0.205622,-0.164568,-0.302805,0.214622,0.108166,0.096357
9.040000,9.040000,sine,0.522567,0.000000,0.517671,-0.001842,-0.005075,-0.000000,0.498644,0.183780,0.293819,-1.292271,-11.092874,-0.350517,-0.213070,-0.908203,0.083099,-0.205891,-0.164780,-0.302725,0.208769,0.105081,0.110245
9.060000,9.060000,sine,0.521276,0.000000,0.517190,-0.001774,-0.028120,-0.000000,0.474429,0.176964,0.292107,-1.291836,-11.100735,-0.349684,-0.214396,-0.908021,0.085168,-0.206279,-0.164778,-0.302660,0.201255,0.100879,0.131612
9.080000,9.080000,sine,0.519471,0.000000,0.516158,-0.001702,-0.055278,-0.000000,0.468468,0.168797,0.290412,-1.291425,-11.108604,-0.348951,-0.215565,-0.907812,0.087418,-0.206809,-0.164554,-0.302614,0.192957,0.096072,0.155860
9.100000,9.100000,sine,0.517154,0.000000,0.514548,-0.001645,-0.082717,-0.000000,0.471827,0.161914,0.288735,-1.291037,-11.116485,-0.348325,-0.216568,-0.907575,0.089861,-0.207478,-0.164118,-0.302588,0.184405,0.090986,0.180076
9.120000,9.120000,sine,0.514326,0.000000,0.512374,-0.001604,-0.108941,-0.000000,0.478097,0.156675,0.287076,-1.290676,-11.124371,-0.347807,-0.217408,-0.907309,0.092487,-0.208279,-0.163481,-0.302581,0.175791,0.085752,0.203106
9.140000,9.140000,sine,0.510990,0.000000,0.509659,-0.001572,-0.133799,-0.000000,0.484030,0.152568,0.285437,-1.290341,-11.132265,-0.347395,-0.218088,-0.907015,0.095285,-0.209200,-0.162651,-0.302595,0.167116,0.080390,0.224805
9.160000,9.160000,sine,0.507150,0.000000,0.506425,-0.001544,-0.157161,-0.001011,0.488572,0.148989,0.283818,-1.290034,-11.140162,-0.347087,-0.218612,-0.906691,0.098241,-0.210233,-0.161633,-0.302628,0.158328,0.074887,0.245425
9.180000,9.180000,sine,0.502810,0.000000,0.502685,-0.001517,-0.179614,-0.002711,0.491952,0.145565,0.282219,-1.289754,-11.148066,-0.346884,-0.218982,-0.906337,0.101347,-0.211371,-0.160427,-0.302681,0.149354,0.069216,0.265245
9.200000,9.200000,sine,0.497973,0.000000,0.498447,-0.001491,-0.201829,-0.004341,0.494695,0.142235,0.280641,-1.289503,-11.155980,-0.346787,-0.219199,-0.905953,0.104595,-0.212609,-0.159031,-0.302752,0.140134,0.063361,0.284439
9.220000,9.220000,sine,0.492645,0.000000,0.493715,-0.001467,-0.223939,-0.005889,0.497299,0.139213,0.279086,-1.289281,-11.163899,-0.346795,-0.219262,-0.905537,0.107979,-0.213941,-0.157446,-0.302842,0.130641,0.057327,0.303070
9.240000,9.240000,sine,0.486831,0.000000,0.488491,-0.001446,-0.245923,-0.007379,0.499829,0.136810,0.277552,-1.289090,-11.171824,-0.346910,-0.219171,-0.905089,0.111491,-0.215360,-0.155670,-0.302948,0.120869,0.051130,0.321101
9.260000,9.260000,sine,0.480536,0.000000,0.482781,-0.001427,-0.267730,-0.008849,0.501248,0.136930,0.276042,-1.288929,-11.179754,-0.347131,-0.218927,-0.904609,0.115124,-0.216859,-0.153705,-0.303071,0.110815,0.044790,0.338487
9.280000,9.280000,sine,0.473767,0.000000,0.476588,-0.001409,-0.289314,-0.010294,0.502905,0.137202,0.274555,-1.288801,-11.187694,-0.347459,-0.218528,-0.904095,0.118871,-0.218431,-0.151551,-0.303209,0.100481,0.038335,0.355176
9.300000,9.300000,sine,0.466531,0.000000,0.469918,-0.001393,-0.310628,-0.011729,0.504755,0.137615,0.273092,-1.288704,-11.195638,-0.347892,-0.217976,-0.903547,0.122724,-0.220066,-0.149210,-0.303361,0.089867,0.031789,0.371128
9.320000,9.320000,sine,0.458834,0.000000,0.462777,-0.001377,-0.331633,-0.013174,0.506762,0.138160,0.271653,-1.288640,-11.203586,-0.348430,-0.217271,-0.902964,0.126674,-0.221757,-0.146683,-0.303526,0.078971,0.025177,0.386314
9.340000,9.340000,sine,0.450685,0.000000,0.455173,-0.001362,-0.352310,-0.014633,0.508937,0.138844,0.270239,-1.288610,-11.211543,-0.349072,-0.216412,-0.902346,0.130712,-0.223495,-0.143974,-0.303702,0.067788,0.018525,0.400722
9.360000,9.360000,sine,0.442090,0.000000,0.447112,-0.001347,-0.372622,-0.016136,0.511230,0.139653,0.268849,-1.288614,-11.219506,-0.349816,-0.215401,-0.901694,0.134829,-0.225270,-0.141083,-0.303888,0.056314,0.011861,0.414335
9.380000,9.380000,sine,0.433059,0.000000,0.438603,-0.001333,-0.392578,-0.017656,0.513749,0.140629,0.267485,-1.288653,-11.227473,-0.350662,-0.214237,-0.901007,0.139017,-0.227073,-0.138013,-0.304082,0.044540,0.005211,0.427151
9.400000,9.400000,sine,0.423601,0.000000,0.429653,-0.001319,-0.412160,-0.019189,0.516535,0.141787,0.266146,-1.288727,-11.235446,-0.351606,-0.212921,-0.900285,0.143267,-0.228896,-0.134767,-0.304281,0.032461,-0.001397,0.439161
9.420000,9.420000,sine,0.413725,0.000000,0.420272,-0.001307,-0.431338,-0.020734,0.519590,0.143129,0.264832,-1.288836,-11.243422,-0.352647,-0.211453,-0.899528,0.147571,-0.230728,-0.131348,-0.304485,0.020075,-0.007925,0.450354
9.440000,9.440000,sine,0.403441,0.000000,0.410467,-0.001296,-0.450096,-0.022280,0.522955,0.144664,0.263543,-1.288982,-11.251405,-0.353783,-0.209833,-0.898737,0.151918,-0.232562,-0.127757,-0.304690,0.007380,-0.014336,0.460724
9.460000,9.460000,sine,0.392758,0.000000,0.400249,-0.001287,-0.468412,-0.023813,0.526642,0.146390,0.262280,-1.289164,-11.259392,-0.355010,-0.208060,-0.897913,0.156302,-0.234388,-0.123999,-0.304895,-0.005613,-0.020587,0.470272
9.480000,9.480000,sine,0.381688,0.000000,0.389628,-0.001279,-0.486246,-0.025325,0.530602,0.148276,0.261042,-1.289382,-11.267379,-0.356326,-0.206136,-0.897057,0.160712,-0.236197,-0.120076,-0.305099,-0.018849,-0.026625,0.479009
9.500000,9.500000,sine,0.370241,0.000000,0.378615,-0.001273,-0.503569,-0.026811,0.534768,0.150281,0.259828,-1.289639,-11.275370,-0.357726,-0.204061,-0.896169,0.165142,-0.237979,-0.115993,-0.305299,-0.032251,-0.032398,0.486969
9.520000,9.520000,sine,0.358429,0.000000,0.367220,-0.001268,-0.520372,-0.028252,0.539074,0.152355,0.258639,-1.289932,-11.283363,-0.359208,-0.201837,-0.895250,0.169584,-0.239727,-0.111753,-0.305495,-0.045748,-0.037856,0.494194
9.540000,9.540000,sine,0.346263,0.000000,0.355456,-0.001265,-0.536650,-0.029634,0.543522,0.154441,0.257475,-1.290264,-11.291358,-0.360765,-0.199465,-0.894302,0.174030,-0.241431,-0.107361,-0.305684,-0.059267,-0.042955,0.500730
9.560000,9.560000,sine,0.333755,0.000000,0.343335,-0.001262,-0.552409,-0.030916,0.548130,0.156406,0.256334,-1.290632,-11.299355,-0.362393,-0.196947,-0.893325,0.178476,-0.243084,-0.102820,-0.305866,-0.072740,-0.047657,0.506616
9.580000,9.580000,sine,0.320918,0.000000,0.330868,-0.001261,-0.567677,-0.032016,0.553005,0.157997,0.255216,-1.291039,-11.307351,-0.364087,-0.194286,-0.892320,0.182916,-0.244676,-0.098135,-0.306037,-0.086103,-0.051929,0.511894
9.600000,9.600000,sine,0.307764,0.000000,0.318069,-0.001261,-0.582425,-0.032958,0.558079,0.159246,0.254120,-1.291484,-11.315348,-0.365842,-0.191484,-0.891289,0.187345,-0.246202,-0.093312,-0.306197,-0.099295,-0.055741,0.516597
9.620000,9.620000,sine,0.294307,0.000000,0.304950,-0.001261,-0.596616,-0.033795,0.563239,0.160311,0.253047,-1.291967,-11.323343,-0.367651,-0.188545,-0.890231,0.191760,-0.247653,-0.088356,-0.306344,-0.112261,-0.059072,0.520760
9.640000,9.640000,sine,0.280559,0.000000,0.291525,-0.001262,-0.610232,-0.034547,0.568457,0.161244,0.251994,-1.292487,-11.331341,-0.369508,-0.185473,-0.889149,0.196158,-0.249024,-0.083270,-0.306477,-0.124953,-0.061903,0.524413
9.660000,9.660000,sine,0.266534,0.000000,0.277807,-0.001263,-0.623262,-0.035214,0.573703,0.162057,0.250962,-1.293046,-11.339334,-0.371408,-0.182270,-0.888043,0.200533,-0.250307,-0.078061,-0.306593,-0.137327,-0.064223,0.527585
9.680000,9.680000,sine,0.252246,0.000000,0.263809,-0.001266,-0.635693,-0.035800,0.578979,0.162760,0.249950,-1.293643,-11.347325,-0.373344,-0.178942,-0.886914,0.204885,-0.251498,-0.072735,-0.306692,-0.149347,-0.066025,0.530297
9.700000,9.700000,sine,0.237709,0.000000,0.249546,-0.001268,-0.647511,-0.036306,0.584250,0.163354,0.248956,-1.294278,-11.355312,-0.375310,-0.175492,-0.885763,0.209210,-0.252591,-0.067296,-0.306772,-0.160981,-0.067305,0.532566
9.720000,9.720000,sine,0.222938,0.000000,0.235031,-0.001272,-0.658707,-0.036736,0.589525,0.163848,0.247981,-1.294950,-11.363297,-0.377299,-0.171925,-0.884591,0.213507,-0.253582,-0.061751,-0.306832,-0.172207,-0.068064,0.534410
9.740000,9.740000,sine,0.207947,0.000000,0.220279,-0.001276,-0.669267,-0.037093,0.594784,0.164254,0.247023,-1.295661,-11.371277,-0.379306,-0.168245,-0.883400,0.217773,-0.254467,-0.056105,-0.306870,-0.183002,-0.068305,0.535839
9.760000,9.760000,sine,0.192750,0.000000,0.205304,-0.001281,-0.679178,-0.037383,0.600015,0.164580,0.246082,-1.296410,-11.379251,-0.381323,-0.164457,-0.882190,0.222005,-0.255240,-0.050365,-0.306887,-0.193356,-0.068039,0.536864
9.780000,9.780000,sine,0.177363,0.000000,0.190122,-0.001286,-0.688431,-0.037608,0.605212,0.164837,0.245158,-1.297197,-11.387220,-0.383346,-0.160566,-0.880963,0.226204,-0.255900,-0.044535,-0.306881,-0.203257,-0.067274,0.537495
9.800000,9.800000,sine,0.161801,0.000000,0.174747,-0.001292,-0.697017,-0.037773,0.610358,0.165037,0.244249,-1.298021,-11.395184,-0.385366,-0.156576,-0.879721,0.230366,-0.256444,-0.038622,-0.306851,-0.212701,-0.066024,0.537738
9.820000,9.820000,sine,0.146080,0.000000,0.159194,-0.001298,-0.704924,-0.037884,0.615460,0.165196,0.243356,-1.298885,-11.403139,-0.387380,-0.152493,-0.878463,0.234490,-0.256869,-0.032631,-0.306797,-0.221688,-0.064303,0.537598
9.840000,9.840000,sine,0.130214,0.000000,0.143479,-0.001305,-0.712146,-0.037943,0.620507,0.165325,0.242477,-1.299786,-11.411090,-0.389380,-0.148321,-0.877192,0.238574,-0.257174,-0.026568,-0.306719,-0.230222,-0.062129,0.537079
9.860000,9.860000,sine,0.114220,0.000000,0.127617,-0.001312,-0.718672,-0.037953,0.625497,0.165437,0.241612,-1.300725,-11.419031,-0.391363,-0.144064,-0.875910,0.242618,-0.257358,-0.020438,-0.306615,-0.238307,-0.059519,0.536181
9.880000,9.880000,sine,0.098113,0.000000,0.111624,-0.001320,-0.724498,-0.037917,0.630418,0.165542,0.240762,-1.301703,-11.426968,-0.393321,-0.139728,-0.874617,0.246617,-0.257419,-0.014247,-0.306487,-0.245953,-0.056492,0.534907
9.900000,9.900000,sine,0.081909,0.000000,0.095515,-0.001328,-0.729614,-0.037839,0.635274,0.165653,0.239925,-1.302720,-11.434893,-0.395250,-0.135317,-0.873316,0.250572,-0.257358,-0.008000,-0.306334,-0.253172,-0.053068,0.533255
9.920000,9.920000,sine,0.065624,0.000000,0.079307,-0.001337,-0.734015,-0.037719,0.640060,0.165776,0.239102,-1.303775,-11.442813,-0.397146,-0.130837,-0.872008,0.254479,-0.257175,-0.001703,-0.306156,-0.259975,-0.049267,0.531226
9.940000,9.940000,sine,0.049275,0.000000,0.063014,-0.001346,-0.737694,-0.037560,0.644768,0.165922,0.238293,-1.304870,-11.450721,-0.399004,-0.126290,-0.870694,0.258338,-0.256871,0.004640,-0.305952,-0.266378,-0.045108,0.528818
9.960000,9.960000,sine,0.032877,0.000000,0.046655,-0.001356,-0.740642,-0.037362,0.649375,0.166090,0.237496,-1.306004,-11.458623,-0.400819,-0.121682,-0.869377,0.262146,-0.256447,0.011018,-0.305724,-0.272397,-0.040613,0.526035
9.980000,9.980000,sine,0.016447,0.000000,0.030244,-0.001367,-0.742850,-0.037125,0.653842,0.166280,0.236713,-1.307177,-11.466512,-0.402587,-0.117018,-0.868059,0.265900,-0.255903,0.017416,-0.305472,-0.278045,-0.035802,0.522887
10.000000,10.000000,sine,0.000000,0.000000,0.013798,-0.001378,-0.744315,-0.036852,0.658145,0.166489,0.235943,-1.308389,-11.474394,-0.404306,-0.112301,-0.866742,0.269600,-0.255244,0.023822,-0.305196,-0.283340,-0.030696,0.519389
10.020000,10.020000,sine,-0.016447,0.000000,-0.002667,-0.001390,-0.745039,-0.036543,0.662261,0.166719,0.235186,-1.309641,-11.482267,-0.405971,-0.107536,-0.865426,0.273242,-0.254471,0.030224,-0.304896,-0.288297,-0.025315,0.515554
10.040000,10.040000,sine,-0.032877,0.000000,-0.019133,-0.001402,-0.745019,-0.036202,0.666177,0.166971,0.234441,-1.310931,-11.490132,-0.407578,-0.102726,-0.864115,0.276825,-0.253588,0.036608,-0.304574,-0.292928,-0.019680,0.511397
10.060000,10.060000,sine,-0.049275,0.000000,-0.035586,-0.001414,-0.744257,-0.035832,0.669881,0.167248,0.233709,-1.312260,-11.497988,-0.409126,-0.097875,-0.862811,0.280347,-0.252598,0.042964,-0.304229,-0.297245,-0.013814,0.506931
10.080000,10.080000,sine,-0.065624,0.000000,-0.052008,-0.001426,-0.742756,-0.035433,0.673363,0.167556,0.232990,-1.313627,-11.505835,-0.410611,-0.092987,-0.861514,0.283806,-0.251505,0.049279,-0.303864,-0.301259,-0.007737,0.502168
10.100000,10.100000,sine,-0.081909,0.000000,-0.068383,-0.001439,-0.740521,-0.035005,0.676627,0.167899,0.232282,-1.315031,-11.513672,-0.412031,-0.088066,-0.860227,0.287200,-0.250314,0.055544,-0.303480,-0.304981,-0.001470,0.497120
10.120000,10.120000,sine,-0.098113,0.000000,-0.084695,-0.001453,-0.737553,-0.034551,0.679668,0.168284,0.231585,-1.316471,-11.521502,-0.413385,-0.083115,-0.858952,0.290528,-0.249030,0.061749,-0.303076,-0.308417,0.004963,0.491793
10.140000,10.140000,sine,-0.114220,0.000000,-0.100928,-0.001466,-0.733856,-0.034074,0.682488,0.168716,0.230900,-1.317947,-11.529323,-0.414669,-0.078138,-0.857690,0.293787,-0.247656,0.067885,-0.302655,-0.311572,0.011536,0.486193
10.160000,10.160000,sine,-0.130214,0.000000,-0.117066,-0.001481,-0.729437,-0.033573,0.685097,0.169203,0.230226,-1.319458,-11.537137,-0.415884,-0.073138,-0.856444,0.296977,-0.246198,0.073943,-0.302218,-0.314447,0.018220,0.480325
10.180000,10.180000,sine,-0.146080,0.000000,-0.133093,-0.001495,-0.724302,-0.033049,0.687511,0.169755,0.229561,-1.321002,-11.544945,-0.417026,-0.068118,-0.855214,0.300096,-0.244661,0.079913,-0.301767,-0.317047,0.024984,0.474188
10.200000,10.200000,sine,-0.161801,0.000000,-0.148994,-0.001511,-0.718453,-0.032503,0.689726,0.170377,0.228907,-1.322579,-11.552744,-0.418097,-0.063084,-0.854003,0.303141,-0.243051,0.085790,-0.301302,-0.319369,0.031798,0.467780
10.220000,10.220000,sine,-0.177363,0.000000,-0.164752,-0.001526,-0.711894,-0.031939,0.691752,0.171072,0.228262,-1.324187,-11.560539,-0.419094,-0.058038,-0.852812,0.306111,-0.241372,0.091565,-0.300825,-0.321411,0.038632,0.461100
10.240000,10.240000,sine,-0.192750,0.000000,-0.180354,-0.001543,-0.704629,-0.031365,0.693590,0.171848,0.227626,-1.325824,-11.568323,-0.420018,-0.052984,-0.851642,0.309004,-0.239632,0.097232,-0.300338,-0.323171,0.045456,0.454143
10.260000,10.260000,sine,-0.207947,0.000000,-0.195782,-0.001559,-0.696672,-0.030777,0.695271,0.172711,0.226998,-1.327490,-11.576106,-0.420868,-0.047927,-0.850495,0.311819,-0.237836,0.102784,-0.299842,-0.324647,0.052241,0.446906
10.280000,10.280000,sine,-0.222938,0.000000,-0.211023,-0.001577,-0.688034,-0.030167,0.696809,0.173668,0.226377,-1.329184,-11.583884,-0.421645,-0.042870,-0.849373,0.314553,-0.235990,0.108217,-0.299338,-0.325833,0.058958,0.439384
10.300000,10.300000,sine,-0.237709,0.000000,-0.226060,-0.001595,-0.678720,-0.029538,0.698208,0.174722,0.225763,-1.330902,-11.591657,-0.422349,-0.037818,-0.848276,0.317206,-0.234100,0.113525,-0.298827,-0.326725,0.065577,0.431565
10.320000,10.320000,sine,-0.252246,0.000000,-0.240881,-0.001614,-0.668735,-0.028892,0.699476,0.175872,0.225156,-1.332645,-11.599426,-0.422981,-0.032777,-0.847206,0.319775,-0.232172,0.118702,-0.298311,-0.327318,0.072072,0.423437
10.340000,10.340000,sine,-0.266534,0.000000,-0.255469,-0.001634,-0.658090,-0.028228,0.700619,0.177120,0.224555,-1.334409,-11.607191,-0.423541,-0.027749,-0.846164,0.322258,-0.230214,0.123746,-0.297790,-0.327610,0.078415,0.414990
10.360000,10.360000,sine,-0.280559,0.000000,-0.269811,-0.001655,-0.646795,-0.027547,0.701640,0.178461,0.223958,-1.336193,-11.614955,-0.424031,-0.022740,-0.845151,0.324654,-0.228231,0.128650,-0.297267,-0.327592,0.084579,0.406215
10.380000,10.380000,sine,-0.294307,0.000000,-0.283892,-0.001676,-0.634863,-0.026850,0.702552,0.179895,0.223365,-1.337996,-11.622712,-0.424453,-0.017755,-0.844169,0.326960,-0.226231,0.133413,-0.296742,-0.327264,0.090540,0.397100
10.400000,10.400000,sine,-0.307764,0.000000,-0.297699,-0.001697,-0.622293,-0.026147,0.703322,0.181407,0.222777,-1.339817,-11.630471,-0.424808,-0.012799,-0.843219,0.329174,-0.224219,0.138031,-0.296217,-0.326619,0.096275,0.387631
10.420000,10.420000,sine,-0.320918,0.000000,-0.311219,-0.001719,-0.609105,-0.025436,0.703970,0.182996,0.222191,-1.341652,-11.638228,-0.425097,-0.007877,-0.842302,0.331296,-0.222204,0.142500,-0.295692,-0.325656,0.101762,0.377799
10.440000,10.440000,sine,-0.333755,0.000000,-0.324437,-0.001742,-0.595315,-0.024712,0.704518,0.184662,0.221607,-1.343500,-11.645982,-0.425324,-0.002995,-0.841420,0.333322,-0.220191,0.146819,-0.295169,-0.324373,0.106981,0.367594
10.460000,10.460000,sine,-0.346263,0.000000,-0.337341,-0.001765,-0.580938,-0.023971,0.704967,0.186398,0.221024,-1.345359,-11.653735,-0.425489,0.001842,-0.840573,0.335251,-0.218189,0.150984,-0.294649,-0.322768,0.111911,0.357006
10.480000,10.480000,sine,-0.358429,0.000000,-0.349918,-0.001788,-0.565989,-0.023201,0.705333,0.188194,0.220442,-1.347228,-11.661489,-0.425596,0.006628,-0.839762,0.337080,-0.216203,0.154995,-0.294133,-0.320842,0.116537,0.346019
10.500000,10.500000,sine,-0.370241,0.000000,-0.362156,-0.001812,-0.550474,-0.022414,0.705549,0.190021,0.219861,-1.349103,-11.669240,-0.425648,0.011357,-0.838990,0.338807,-0.214240,0.158848,-0.293622,-0.318595,0.120843,0.334623
10.520000,10.520000,sine,-0.381688,0.000000,-0.374042,-0.001836,-0.534394,-0.021631,0.705564,0.191850,0.219278,-1.350985,-11.676999,-0.425646,0.016024,-0.838257,0.340430,-0.212309,0.162543,-0.293118,-0.316030,0.124816,0.322809
10.540000,10.540000,sine,-0.392758,0.000000,-0.385565,-0.001859,-0.517777,-0.020846,0.705397,0.193674,0.218695,-1.352869,-11.684757,-0.425595,0.020622,-0.837565,0.341948,-0.210415,0.166079,-0.292621,-0.313148,0.128444,0.310577
10.560000,10.560000,sine,-0.403441,0.000000,-0.396712,-0.001882,-0.500656,-0.020040,0.705121,0.195499,0.218109,-1.354755,-11.692516,-0.425496,0.025146,-0.836915,0.343357,-0.208566,0.169454,-0.292133,-0.309961,0.131720,0.297923
10.580000,10.580000,sine,-0.413725,0.000000,-0.407474,-0.001904,-0.483030,-0.019220,0.704658,0.197295,0.217521,-1.356641,-11.700275,-0.425354,0.029591,-0.836308,0.344656,-0.206768,0.172668,-0.291656,-0.306468,0.134636,0.284836
10.600000,10.600000,sine,-0.423601,0.000000,-0.417839,-0.001926,-0.464926,-0.018378,0.704026,0.199048,0.216929,-1.358525,-11.708039,-0.425171,0.033949,-0.835746,0.345842,-0.205028,0.175720,-0.291190,-0.302680,0.137186,0.271314
10.620000,10.620000,sine,-0.433059,0.000000,-0.427797,-0.001949,-0.446376,-0.017486,0.703290,0.200766,0.216334,-1.360404,-11.715804,-0.424950,0.038217,-0.835229,0.346913,-0.203353,0.178611,-0.290737,-0.298607,0.139368,0.257357
10.640000,10.640000,sine,-0.442090,0.000000,-0.437337,-0.001973,-0.427393,-0.016538,0.702423,0.202429,0.215735,-1.362278,-11.723572,-0.424696,0.042387,-0.834760,0.347868,-0.201748,0.181340,-0.290297,-0.294258,0.141182,0.242956
10.660000,10.660000,sine,-0.450685,0.000000,-0.446452,-0.001996,-0.407967,-0.015556,0.701328,0.203987,0.215130,-1.364144,-11.731342,-0.424411,0.046456,-0.834340,0.348704,-0.200221,0.183907,-0.289874,-0.289639,0.142626,0.228103
10.680000,10.680000,sine,-0.458834,0.000000,-0.455130,-0.002017,-0.388123,-0.014547,0.699932,0.205405,0.214521,-1.366001,-11.739113,-0.424100,0.050417,-0.833969,0.349417,-0.198777,0.186313,-0.289467,-0.284765,0.143703,0.212807
10.700000,10.700000,sine,-0.466531,0.000000,-0.463364,-0.002039,-0.367902,-0.013497,0.698297,0.206688,0.213905,-1.367846,-11.746891,-0.423765,0.054263,-0.833651,0.350008,-0.197423,0.188557,-0.289077,-0.279652,0.144420,0.197080
10.720000,10.720000,sine,-0.473767,0.000000,-0.471144,-0.002061,-0.347339,-0.012378,0.696492,0.207847,0.213283,-1.369678,-11.754672,-0.423410,0.057992,-0.833385,0.350472,-0.196164,0.190640,-0.288707,-0.274314,0.144785,0.180929
10.740000,10.740000,sine,-0.480536,0.000000,-0.478463,-0.002085,-0.326493,-0.011129,0.694671,0.208925,0.212654,-1.371496,-11.762458,-0.423039,0.061599,-0.833172,0.350809,-0.195003,0.192564,-0.288357,-0.268769,0.144806,0.164365
10.760000,10.760000,sine,-0.486831,0.000000,-0.485315,-0.002110,-0.305334,-0.009775,0.692666,0.209856,0.212019,-1.373298,-11.770246,-0.422656,0.065078,-0.833015,0.351016,-0.193948,0.194329,-0.288028,-0.263026,0.144491,0.147368
10.780000,10.780000,sine,-0.492645,0.000000,-0.491691,-0.002136,-0.283858,-0.008339,0.690389,0.210597,0.211376,-1.375082,-11.778038,-0.422263,0.068426,-0.832915,0.351091,-0.193002,0.195936,-0.287722,-0.257100,0.143850,0.129936
10.800000,10.800000,sine,-0.497973,0.000000,-0.497586,-0.002161,-0.262086,-0.006835,0.687747,0.211109,0.210725,-1.376847,-11.785837,-0.421863,0.071637,-0.832872,0.351032,-0.192170,0.197385,-0.287439,-0.251009,0.142897,0.112085
10.820000,10.820000,sine,-0.502810,0.000000,-0.502993,-0.002185,-0.240047,-0.005274,0.684722,0.211380,0.210066,-1.378591,-11.793636,-0.421462,0.074708,-0.832888,0.350836,-0.191456,0.198676,-0.287180,-0.244774,0.141645,0.093834
10.840000,10.840000,sine,-0.507150,0.000000,-0.507906,-0.002208,-0.217795,-0.003651,0.679913,0.214126,0.209399,-1.380313,-11.801444,-0.421061,0.077635,-0.832964,0.350501,-0.190864,0.199811,-0.286947,-0.238420,0.140115,0.075216
10.860000,10.860000,sine,-0.510990,0.000000,-0.512321,-0.002230,-0.195349,-0.001975,0.674458,0.217082,0.208724,-1.382011,-11.809255,-0.420663,0.080415,-0.833101,0.350026,-0.190396,0.200791,-0.286740,-0.231963,0.138322,0.056242
10.880000,10.880000,sine,-0.514326,0.000000,-0.516232,-0.002250,-0.172716,-0.000244,0.668575,0.219905,0.208040,-1.383686,-11.817070,-0.420273,0.083044,-0.833300,0.349407,-0.190055,0.201616,-0.286559,-0.225419,0.136282,0.036913
10.900000,10.900000,sine,-0.517154,0.000000,-0.519637,-0.002269,-0.149133,-0.000001,0.662206,0.222573,0.207347,-1.385334,-11.824890,-0.419891,0.085520,-0.833562,0.348642,-0.189845,0.202285,-0.286405,-0.218784,0.133999,0.017240
10.920000,10.920000,sine,-0.519471,0.000000,-0.522530,-0.002286,-0.125268,-0.000000,0.655387,0.225106,0.206645,-1.386956,-11.832718,-0.419522,0.087840,-0.833888,0.347730,-0.189766,0.202801,-0.286278,-0.212098,0.131506,-0.002756
10.940000,10.940000,sine,-0.521276,0.000000,-0.524911,-0.002302,-0.101286,-0.000000,0.648118,0.227476,0.205934,-1.388550,-11.840548,-0.419169,0.090003,-0.834277,0.346668,-0.189821,0.203164,-0.286180,-0.205383,0.128822,-0.023043
10.960000,10.960000,sine,-0.522567,0.000000,-0.526777,-0.002316,-0.077325,-0.000000,0.640839,0.229702,0.205214,-1.390115,-11.848387,-0.418831,0.092006,-0.834731,0.345455,-0.190008,0.203374,-0.286109,-0.198641,0.125955,-0.043458
10.980000,10.980000,sine,-0.523342,0.000000,-0.528129,-0.002330,-0.053455,-0.000000,0.633969,0.231877,0.204485,-1.391650,-11.856230,-0.418514,0.093849,-0.835248,0.344091,-0.190329,0.203431,-0.286066,-0.191853,0.122906,-0.063871
11.000000,11.000000,sine,-0.523600,0.000000,-0.528969,-0.002345,-0.029657,-0.000000,0.627714,0.234104,0.203746,-1.393154,-11.864078,-0.418217,0.095530,-0.835829,0.342576,-0.190783,0.203335,-0.286052,-0.184995,0.119667,-0.084223
11.020000,11.020000,sine,-0.523342,0.000000,-0.529297,-0.002361,-0.005904,-0.000000,0.622076,0.236456,0.202998,-1.394627,-11.871931,-0.417944,0.097049,-0.836471,0.340912,-0.191368,0.203084,-0.286066,-0.178040,0.116234,-0.104464
11.040000,11.040000,sine,-0.522567,0.000000,-0.529163,-0.002385,0.010040,0.000000,0.637952,0.239471,0.202240,-1.396068,-11.879794,-0.417692,0.098416,-0.837167,0.339114,-0.192029,0.202742,-0.286107,-0.172031,0.113186,-0.118844
11.060000,11.060000,sine,-0.521276,0.000000,-0.528658,-0.002415,0.028596,0.000000,0.669288,0.242565,0.201474,-1.397477,-11.887659,-0.417460,0.099650,-0.837906,0.337209,-0.192796,0.202267,-0.286174,-0.165533,0.109785,-0.135073
11.080000,11.080000,sine,-0.519471,0.000000,-0.527640,-0.002475,0.054498,0.000000,0.681628,0.249071,0.200698,-1.398853,-11.895530,-0.417255,0.100722,-0.838701,0.335163,-0.193723,0.201595,-0.286269,-0.157901,0.105654,-0.156471
11.100000,11.100000,sine,-0.517154,0.000000,-0.526048,-0.002529,0.082141,0.000000,0.680315,0.255565,0.199912,-1.400192,-11.903407,-0.417080,0.101612,-0.839559,0.332956,-0.194799,0.200734,-0.286395,-0.149881,0.101187,-0.178784
11.120000,11.120000,sine,-0.514326,0.000000,-0.523882,-0.002569,0.108962,0.000000,0.673518,0.260637,0.199116,-1.401494,-11.911291,-0.416938,0.102320,-0.840477,0.330592,-0.196010,0.199699,-0.286552,-0.141802,0.096571,-0.200067
11.140000,11.140000,sine,-0.510990,0.000000,-0.521166,-0.002597,0.134297,0.000001,0.666176,0.264455,0.198310,-1.402758,-11.919185,-0.416828,0.102852,-0.841449,0.328082,-0.197338,0.198501,-0.286737,-0.133737,0.091865,-0.219816
11.160000,11.160000,sine,-0.507150,0.000000,-0.517925,-0.002621,0.157928,0.000887,0.660289,0.267624,0.197494,-1.403983,-11.927081,-0.416750,0.103212,-0.842470,0.325439,-0.198772,0.197148,-0.286952,-0.125658,0.087073,-0.238196
11.180000,11.180000,sine,-0.502810,0.000000,-0.514177,-0.002643,0.180380,0.002550,0.656127,0.270627,0.196668,-1.405170,-11.934985,-0.416702,0.103406,-0.843535,0.322671,-0.200304,0.195642,-0.287194,-0.117490,0.082173,-0.255547
11.200000,11.200000,sine,-0.497973,0.000000,-0.509933,-0.002668,0.202458,0.004130,0.653237,0.273727,0.195832,-1.406316,-11.942895,-0.416684,0.103434,-0.844637,0.319787,-0.201927,0.193984,-0.287462,-0.109161,0.077143,-0.272130
11.220000,11.220000,sine,-0.492645,0.000000,-0.505198,-0.002694,0.224327,0.005698,0.651157,0.277026,0.194986,-1.407422,-11.950810,-0.416697,0.103298,-0.845775,0.316793,-0.203633,0.192175,-0.287757,-0.100639,0.071981,-0.288083
11.240000,11.240000,sine,-0.486831,0.000000,-0.499978,-0.002722,0.246036,0.007285,0.649502,0.280514,0.194129,-1.408487,-11.958735,-0.416740,0.102999,-0.846944,0.313696,-0.205417,0.190215,-0.288078,-0.091903,0.066695,-0.303446
11.260000,11.260000,sine,-0.480536,0.000000,-0.494274,-0.002751,0.267604,0.008888,0.649596,0.281074,0.193262,-1.409511,-11.966661,-0.416812,0.102537,-0.848141,0.310500,-0.207270,0.188104,-0.288423,-0.082939,0.061296,-0.318227
11.280000,11.280000,sine,-0.473767,0.000000,-0.488092,-0.002781,0.288966,0.010505,0.649848,0.281512,0.192384,-1.410493,-11.974594,-0.416914,0.101911,-0.849363,0.307212,-0.209184,0.185845,-0.288792,-0.073749,0.055804,-0.332376
11.300000,11.300000,sine,-0.466531,0.000000,-0.481436,-0.002811,0.310071,0.012131,0.650196,0.281908,0.191495,-1.411434,-11.982534,-0.417043,0.101124,-0.850607,0.303837,-0.211152,0.183440,-0.289183,-0.064332,0.050238,-0.345861
11.320000,11.320000,sine,-0.458834,0.000000,-0.474313,-0.002841,0.330881,0.013761,0.650631,0.282252,0.190596,-1.412332,-11.990479,-0.417200,0.100174,-0.851868,0.300383,-0.213165,0.180890,-0.289596,-0.054684,0.044620,-0.358661
11.340000,11.340000,sine,-0.450685,0.000000,-0.466729,-0.002870,0.351367,0.015395,0.651164,0.282535,0.189685,-1.413188,-11.998431,-0.417383,0.099064,-0.853144,0.296856,-0.215214,0.178197,-0.290029,-0.044799,0.038968,-0.370770
11.360000,11.360000,sine,-0.442090,0.000000,-0.458692,-0.002900,0.371504,0.017030,0.651773,0.282751,0.188763,-1.414001,-12.006386,-0.417590,0.097794,-0.854431,0.293262,-0.217290,0.175365,-0.290481,-0.034673,0.033303,-0.382185
11.380000,11.380000,sine,-0.433059,0.000000,-0.450209,-0.002929,0.391272,0.018667,0.652451,0.282888,0.187830,-1.414771,-12.014346,-0.417820,0.096365,-0.855725,0.289610,-0.219385,0.172396,-0.290951,-0.024297,0.027647,-0.392913
11.400000,11.400000,sine,-0.423601,0.000000,-0.441289,-0.002958,0.410653,0.020301,0.653202,0.282946,0.186885,-1.415500,-12.022314,-0.418072,0.094778,-0.857025,0.285904,-0.221491,0.169292,-0.291438,-0.013667,0.022021,-0.402963
11.420000,11.420000,sine,-0.413725,0.000000,-0.431940,-0.002986,0.429628,0.021936,0.653977,0.282913,0.185928,-1.416185,-12.030286,-0.418343,0.093034,-0.858327,0.282151,-0.223599,0.166056,-0.291940,-0.002774,0.016446,-0.412346
11.440000,11.440000,sine,-0.403441,0.000000,-0.422171,-0.003014,0.448170,0.023562,0.654787,0.282786,0.184959,-1.416829,-12.038260,-0.418631,0.091132,-0.859628,0.278358,-0.225702,0.162691,-0.292456,0.008372,0.010950,-0.421071
11.460000,11.460000,sine,-0.392758,0.000000,-0.411993,-0.003041,0.466252,0.025171,0.655664,0.282585,0.183977,-1.417431,-12.046237,-0.418934,0.089076,-0.860925,0.274532,-0.227791,0.159199,-0.292985,0.019736,0.005568,-0.429165
11.480000,11.480000,sine,-0.381688,0.000000,-0.401415,-0.003067,0.483853,0.026755,0.656644,0.282331,0.182983,-1.417992,-12.054216,-0.419250,0.086865,-0.862217,0.270677,-0.229859,0.155584,-0.293527,0.031272,0.000333,-0.436660
11.500000,11.500000,sine,-0.370241,0.000000,-0.390448,-0.003093,0.500961,0.028306,0.657749,0.282049,0.181976,-1.418512,-12.062200,-0.419576,0.084502,-0.863500,0.266801,-0.231898,0.151849,-0.294078,0.042941,-0.004720,-0.443592
11.520000,11.520000,sine,-0.358429,0.000000,-0.379103,-0.003118,0.517568,0.029815,0.658989,0.281762,0.180955,-1.418992,-12.070185,-0.419910,0.081989,-0.864774,0.262906,-0.233902,0.147995,-0.294638,0.054703,-0.009559,-0.449997
11.540000,11.540000,sine,-0.346263,0.000000,-0.367392,-0.003142,0.533663,0.031273,0.660347,0.281491,0.179920,-1.419433,-12.078175,-0.420248,0.079328,-0.866036,0.258999,-0.235864,0.144027,-0.295205,0.066521,-0.014156,-0.455899
11.560000,11.560000,sine,-0.333755,0.000000,-0.355326,-0.003165,0.549240,0.032662,0.661797,0.281275,0.178872,-1.419836,-12.086164,-0.420589,0.076521,-0.867285,0.255082,-0.237777,0.139946,-0.295778,0.078359,-0.018482,-0.461322
11.580000,11.580000,sine,-0.320918,0.000000,-0.342917,-0.003187,0.564306,0.033946,0.663296,0.281210,0.177809,-1.420200,-12.094159,-0.420929,0.073572,-0.868519,0.251161,-0.239637,0.135756,-0.296354,0.090174,-0.022512,-0.466287
11.600000,11.600000,sine,-0.307764,0.000000,-0.330178,-0.003209,0.578880,0.035067,0.664752,0.281449,0.176731,-1.420528,-12.102154,-0.421264,0.070483,-0.869737,0.247237,-0.241437,0.131460,-0.296933,0.101921,-0.026219,-0.470823
11.620000,11.620000,sine,-0.294307,0.000000,-0.317121,-0.003228,0.592946,0.036028,0.666161,0.281969,0.175638,-1.420819,-12.110146,-0.421593,0.067259,-0.870938,0.243314,-0.243172,0.127061,-0.297511,0.113550,-0.029575,-0.474959
11.640000,11.640000,sine,-0.280559,0.000000,-0.303759,-0.003246,0.606468,0.036868,0.667574,0.282648,0.174530,-1.421075,-12.118143,-0.421912,0.063903,-0.872122,0.239394,-0.244837,0.122562,-0.298088,0.125012,-0.032559,-0.478721
11.660000,11.660000,sine,-0.266534,0.000000,-0.290106,-0.003263,0.619426,0.037603,0.669016,0.283442,0.173405,-1.421297,-12.126139,-0.422217,0.060420,-0.873287,0.235481,-0.246427,0.117968,-0.298661,0.136268,-0.035151,-0.482136
11.680000,11.680000,sine,-0.252246,0.000000,-0.276174,-0.003279,0.631799,0.038243,0.670482,0.284323,0.172265,-1.421486,-12.134130,-0.422506,0.056815,-0.874433,0.231576,-0.247938,0.113283,-0.299228,0.147285,-0.037338,-0.485227
11.700000,11.700000,sine,-0.237709,0.000000,-0.261977,-0.003293,0.643574,0.038793,0.671969,0.285279,0.171108,-1.421644,-12.142122,-0.422774,0.053092,-0.875560,0.227680,-0.249366,0.108510,-0.299788,0.158035,-0.039112,-0.488011
11.720000,11.720000,sine,-0.222938,0.000000,-0.247529,-0.003306,0.654742,0.039258,0.673465,0.286300,0.169934,-1.421770,-12.150108,-0.423020,0.049255,-0.876666,0.223795,-0.250708,0.103653,-0.300339,0.168498,-0.040469,-0.490503
11.740000,11.740000,sine,-0.207947,0.000000,-0.232843,-0.003318,0.665290,0.039644,0.674945,0.287366,0.168742,-1.421866,-12.158096,-0.423240,0.045310,-0.877753,0.219921,-0.251959,0.098717,-0.300880,0.178660,-0.041407,-0.492710
11.760000,11.760000,sine,-0.192750,0.000000,-0.217936,-0.003329,0.675208,0.039957,0.676401,0.288465,0.167534,-1.421933,-12.166078,-0.423430,0.041261,-0.878819,0.216060,-0.253118,0.093704,-0.301408,0.188508,-0.041928,-0.494640
11.780000,11.780000,sine,-0.177363,0.000000,-0.202820,-0.003338,0.684485,0.040202,0.677799,0.289579,0.166307,-1.421972,-12.174059,-0.423587,0.037115,-0.879865,0.212214,-0.254180,0.088621,-0.301924,0.198031,-0.042036,-0.496294
11.800000,11.800000,sine,-0.161801,0.000000,-0.187510,-0.003346,0.693109,0.040383,0.679118,0.290686,0.165062,-1.421984,-12.182036,-0.423709,0.032876,-0.880889,0.208383,-0.255145,0.083469,-0.302425,0.207222,-0.041737,-0.497673
11.820000,11.820000,sine,-0.146080,0.000000,-0.172022,-0.003353,0.701071,0.040506,0.680338,0.291775,0.163799,-1.421970,-12.190007,-0.423792,0.028550,-0.881894,0.204569,-0.256009,0.078253,-0.302910,0.216076,-0.041037,-0.498775
11.840000,11.840000,sine,-0.130214,0.000000,-0.156370,-0.003359,0.708362,0.040574,0.681440,0.292827,0.162517,-1.421931,-12.197972,-0.423834,0.024141,-0.882877,0.200772,-0.256771,0.072978,-0.303379,0.224592,-0.039946,-0.499595
11.860000,11.860000,sine,-0.114220,0.000000,-0.140570,-0.003364,0.714971,0.040592,0.682395,0.293828,0.161216,-1.421867,-12.205932,-0.423831,0.019655,-0.883841,0.196994,-0.257430,0.067646,-0.303831,0.232764,-0.038474,-0.500130
11.880000,11.880000,sine,-0.098113,0.000000,-0.124636,-0.003367,0.720890,0.040564,0.683186,0.294761,0.159896,-1.421780,-12.213885,-0.423781,0.015098,-0.884783,0.193238,-0.257985,0.062263,-0.304264,0.240593,-0.036632,-0.500374
11.900000,11.900000,sine,-0.081909,0.000000,-0.108585,-0.003369,0.726112,0.040493,0.683798,0.295616,0.158557,-1.421669,-12.221834,-0.423682,0.010475,-0.885704,0.189503,-0.258435,0.056832,-0.304679,0.248082,-0.034432,-0.500319
11.920000,11.920000,sine,-0.065624,0.000000,-0.092431,-0.003369,0.730631,0.040381,0.684206,0.296377,0.157198,-1.421536,-12.229775,-0.423531,0.005791,-0.886605,0.185792,-0.258779,0.051356,-0.305074,0.255230,-0.031887,-0.499960
11.940000,11.940000,sine,-0.049275,0.000000,-0.076192,-0.003368,0.734439,0.040233,0.684394,0.297034,0.155819,-1.421381,-12.237709,-0.423326,0.001050,-0.887486,0.182107,-0.259018,0.045840,-0.305449,0.262042,-0.029012,-0.499289
11.960000,11.960000,sine,-0.032877,0.000000,-0.059881,-0.003366,0.737532,0.040049,0.684345,0.297575,0.154421,-1.421204,-12.245634,-0.423064,-0.003742,-0.888346,0.178449,-0.259152,0.040287,-0.305803,0.268522,-0.025819,-0.498296
11.980000,11.980000,sine,-0.016447,0.000000,-0.043516,-0.003362,0.739905,0.039832,0.684043,0.297991,0.153003,-1.421006,-12.253551,-0.422744,-0.008579,-0.889186,0.174821,-0.259180,0.034702,-0.306137,0.274674,-0.022326,-0.496974
12.000000,12.000000,sine,-0.000000,0.000000,-0.027113,-0.003357,0.741553,0.039583,0.683478,0.298276,0.151564,-1.420789,-12.261463,-0.422365,-0.013456,-0.890005,0.171225,-0.259105,0.029089,-0.306450,0.280504,-0.018546,-0.495313
12.020000,12.020000,sine,0.016447,0.000000,-0.010686,-0.003350,0.742528,0.039199,0.682638,0.298419,0.150106,-1.420550,-12.269367,-0.421923,-0.018368,-0.890805,0.167663,-0.258926,0.023450,-0.306742,0.286022,-0.014497,-0.493306
12.040000,12.040000,sine,0.032877,0.000000,0.005747,-0.003342,0.742798,0.038738,0.681517,0.298421,0.148628,-1.420291,-12.277261,-0.421418,-0.023311,-0.891584,0.164137,-0.258645,0.017790,-0.307013,0.291230,-0.010194,-0.490944
12.060000,12.060000,sine,0.049275,0.000000,0.022170,-0.003332,0.742324,0.038277,0.680104,0.298272,0.147129,-1.420013,-12.285148,-0.420848,-0.028279,-0.892344,0.160652,-0.258263,0.012112,-0.307262,0.296138,-0.005654,-0.488218
12.080000,12.080000,sine,0.065624,0.000000,0.038568,-0.003321,0.741107,0.037817,0.678388,0.297970,0.145611,-1.419715,-12.293020,-0.420213,-0.033268,-0.893084,0.157208,-0.257784,0.006420,-0.307489,0.300752,-0.000895,-0.485122
12.100000,12.100000,sine,0.081909,0.000000,0.054924,-0.003308,0.739146,0.037357,0.676363,0.297508,0.144072,-1.419397,-12.300891,-0.419511,-0.038273,-0.893805,0.153809,-0.257208,0.000716,-0.307694,0.305079,0.004067,-0.481645
12.120000,12.120000,sine,0.098113,0.000000,0.071223,-0.003293,0.736442,0.036897,0.674024,0.296887,0.142513,-1.419060,-12.308750,-0.418742,-0.043289,-0.894507,0.150459,-0.256537,-0.004995,-0.307879,0.309128,0.009209,-0.477781
12.140000,12.140000,sine,0.114220,0.000000,0.087447,-0.003277,0.732988,0.036437,0.671393,0.296109,0.140934,-1.418703,-12.316599,-0.417906,-0.048311,-0.895190,0.147160,-0.255776,-0.010703,-0.308041,0.312904,0.014512,-0.473528
12.160000,12.160000,sine,0.130214,0.000000,0.103582,-0.003259,0.728785,0.035979,0.668494,0.295185,0.139336,-1.418326,-12.324439,-0.417001,-0.053335,-0.895853,0.143916,-0.254926,-0.016399,-0.308183,0.316415,0.019951,-0.468889
12.180000,12.180000,sine,0.146080,0.000000,0.119610,-0.003240,0.723836,0.035525,0.665349,0.294122,0.137718,-1.417929,-12.332272,-0.416029,-0.058358,-0.896498,0.140730,-0.253990,-0.022073,-0.308305,0.319664,0.025503,-0.463872
12.200000,12.200000,sine,0.161801,0.000000,0.135517,-0.003219,0.718146,0.035077,0.661969,0.292924,0.136080,-1.417514,-12.340095,-0.414989,-0.063373,-0.897125,0.137604,-0.252974,-0.027717,-0.308406,0.322659,0.031146,-0.458484
12.220000,12.220000,sine,0.177363,0.000000,0.151285,-0.003196,0.711721,0.034635,0.658363,0.291593,0.134424,-1.417079,-12.347913,-0.413882,-0.068378,-0.897733,0.134542,-0.251880,-0.033319,-0.308487,0.325400,0.036855,-0.452735
12.240000,12.240000,sine,0.192750,0.000000,0.166901,-0.003173,0.704569,0.034201,0.654555,0.290137,0.132749,-1.416625,-12.355723,-0.412708,-0.073369,-0.898323,0.131547,-0.250713,-0.038873,-0.308549,0.327891,0.042607,-0.446630
12.260000,12.260000,sine,0.207947,0.000000,0.182347,-0.003148,0.696720,0.033729,0.650544,0.288557,0.131056,-1.416154,-12.363527,-0.411470,-0.078341,-0.898895,0.128623,-0.249477,-0.044369,-0.308592,0.330131,0.048377,-0.440178
12.280000,12.280000,sine,0.222938,0.000000,0.197609,-0.003122,0.688252,0.033082,0.646348,0.286863,0.129345,-1.415665,-12.371325,-0.410166,-0.083291,-0.899449,0.125770,-0.248178,-0.049801,-0.308617,0.332124,0.054142,-0.433385
12.300000,12.300000,sine,0.237709,0.000000,0.212671,-0.003095,0.679096,0.032413,0.641991,0.285058,0.127618,-1.415159,-12.379113,-0.408801,-0.088215,-0.899985,0.122994,-0.246819,-0.055160,-0.308624,0.333864,0.059877,-0.426255
12.320000,12.320000,sine,0.252246,0.000000,0.227519,-0.003067,0.669262,0.031724,0.637476,0.283146,0.125873,-1.414637,-12.386899,-0.407375,-0.093110,-0.900503,0.120295,-0.245407,-0.060441,-0.308613,0.335352,0.065560,-0.418795
12.340000,12.340000,sine,0.266534,0.000000,0.242138,-0.003038,0.658760,0.031012,0.632815,0.281134,0.124113,-1.414099,-12.394676,-0.405890,-0.097972,-0.901003,0.117678,-0.243946,-0.065637,-0.308586,0.336584,0.071166,-0.411009
12.360000,12.360000,sine,0.280559,0.000000,0.256514,-0.003008,0.647601,0.030280,0.628021,0.279025,0.122338,-1.413547,-12.402450,-0.404348,-0.102796,-0.901486,0.115144,-0.242441,-0.070742,-0.308542,0.337557,0.076672,-0.402901
12.380000,12.380000,sine,0.294307,0.000000,0.270631,-0.002977,0.635795,0.029527,0.623105,0.276826,0.120549,-1.412981,-12.410222,-0.402752,-0.107581,-0.901952,0.112696,-0.240898,-0.075751,-0.308482,0.338271,0.082056,-0.394473
12.400000,12.400000,sine,0.307764,0.000000,0.284476,-0.002946,0.623355,0.028753,0.618084,0.274544,0.118746,-1.412402,-12.417990,-0.401106,-0.112321,-0.902399,0.110336,-0.239322,-0.080657,-0.308406,0.338718,0.087295,-0.385726
12.420000,12.420000,sine,0.320918,0.000000,0.298036,-0.002914,0.610294,0.027959,0.612976,0.272184,0.116930,-1.411811,-12.425753,-0.399410,-0.117013,-0.902829,0.108067,-0.237719,-0.085458,-0.308316,0.338899,0.092370,-0.376664
12.440000,12.440000,sine,0.333755,0.000000,0.311297,-0.002881,0.596622,0.027146,0.607779,0.269753,0.115103,-1.411209,-12.433513,-0.397670,-0.121655,-0.903242,0.105892,-0.236095,-0.090148,-0.308211,0.338808,0.097259,-0.367282
12.460000,12.460000,sine,0.346263,0.000000,0.324245,-0.002847,0.582359,0.026313,0.602518,0.267254,0.113264,-1.410598,-12.441271,-0.395889,-0.126243,-0.903636,0.103811,-0.234455,-0.094723,-0.308091,0.338443,0.101943,-0.357581
12.480000,12.480000,sine,0.358429,0.000000,0.336868,-0.002813,0.567524,0.025464,0.597162,0.264683,0.111415,-1.409978,-12.449028,-0.394069,-0.130772,-0.904013,0.101828,-0.232805,-0.099181,-0.307959,0.337796,0.106402,-0.347546
12.500000,12.500000,sine,0.370241,0.000000,0.349154,-0.002778,0.552132,0.024598,0.591702,0.262034,0.109557,-1.409349,-12.456784,-0.392215,-0.135240,-0.904372,0.099946,-0.231150,-0.103517,-0.307813,0.336863,0.110619,-0.337159
12.520000,12.520000,sine,0.381688,0.000000,0.361090,-0.002743,0.536195,0.023713,0.586143,0.259313,0.107690,-1.408715,-12.464543,-0.390331,-0.139642,-0.904713,0.098165,-0.229495,-0.107728,-0.307655,0.335633,0.114575,-0.326398
12.540000,12.540000,sine,0.392758,0.000000,0.372665,-0.002707,0.519729,0.022806,0.580508,0.256531,0.105816,-1.408075,-12.472301,-0.388420,-0.143977,-0.905036,0.096489,-0.227848,-0.111811,-0.307485,0.334105,0.118254,-0.315241
12.560000,12.560000,sine,0.403441,0.000000,0.383868,-0.002670,0.502743,0.021873,0.574810,0.253696,0.103936,-1.407432,-12.480061,-0.386489,-0.148238,-0.905341,0.094921,-0.226214,-0.115762,-0.307304,0.332268,0.121639,-0.303667
12.580000,12.580000,sine,0.413725,0.000000,0.394686,-0.002632,0.485257,0.020913,0.569088,0.250825,0.102050,-1.406785,-12.487821,-0.384541,-0.152422,-0.905627,0.093464,-0.224598,-0.119578,-0.307113,0.330120,0.124718,-0.291660
12.600000,12.600000,sine,0.423601,0.000000,0.405109,-0.002594,0.467284,0.019923,0.563364,0.247930,0.100160,-1.406137,-12.495580,-0.382580,-0.156525,-0.905895,0.092120,-0.223008,-0.123257,-0.306913,0.327658,0.127476,-0.279200
12.620000,12.620000,sine,0.433059,0.000000,0.415127,-0.002555,0.448838,0.018900,0.557666,0.245028,0.098267,-1.405488,-12.503339,-0.380614,-0.160543,-0.906144,0.090892,-0.221449,-0.126794,-0.306704,0.324881,0.129904,-0.266272
12.640000,12.640000,sine,0.442090,0.000000,0.424729,-0.002516,0.429938,0.017841,0.552046,0.242139,0.096371,-1.404840,-12.511100,-0.378645,-0.164472,-0.906375,0.089783,-0.219927,-0.130188,-0.306488,0.321789,0.131992,-0.252860
12.660000,12.660000,sine,0.450685,0.000000,0.433906,-0.002476,0.410604,0.016743,0.546548,0.239286,0.094474,-1.404194,-12.518867,-0.376680,-0.168308,-0.906587,0.088797,-0.218449,-0.133436,-0.306266,0.318383,0.133733,-0.238955
12.680000,12.680000,sine,0.458834,0.000000,0.442647,-0.002436,0.390853,0.015604,0.541204,0.236488,0.092577,-1.403551,-12.526634,-0.374723,-0.172048,-0.906780,0.087936,-0.217021,-0.136535,-0.306039,0.314668,0.135121,-0.224545
12.700000,12.700000,sine,0.466531,0.000000,0.450945,-0.002396,0.370703,0.014420,0.536071,0.233764,0.090681,-1.402913,-12.534410,-0.372781,-0.175685,-0.906953,0.087205,-0.215648,-0.139483,-0.305809,0.310645,0.136151,-0.209623
12.720000,12.720000,sine,0.473767,0.000000,0.458790,-0.002356,0.350176,0.013189,0.531200,0.231143,0.088786,-1.402281,-12.542182,-0.370859,-0.179217,-0.907108,0.086606,-0.214338,-0.142277,-0.305577,0.306326,0.136823,-0.194180
12.740000,12.740000,sine,0.480536,0.000000,0.466174,-0.002317,0.329288,0.011909,0.526636,0.228646,0.086894,-1.401655,-12.549962,-0.368962,-0.182641,-0.907242,0.086142,-0.213095,-0.144917,-0.305343,0.301717,0.137136,-0.178213
12.760000,12.760000,sine,0.486831,0.000000,0.473089,-0.002277,0.308064,0.010577,0.522437,0.226300,0.085006,-1.401038,-12.557745,-0.367096,-0.185951,-0.907358,0.085818,-0.211926,-0.147398,-0.305110,0.296828,0.137092,-0.161719
12.780000,12.780000,sine,0.492645,0.000000,0.479529,-0.002238,0.286525,0.009191,0.518660,0.224129,0.083123,-1.400430,-12.565536,-0.365266,-0.189145,-0.907453,0.085635,-0.210836,-0.149720,-0.304880,0.291670,0.136696,-0.144698
12.800000,12.800000,sine,0.497973,0.000000,0.485485,-0.002200,0.264694,0.007749,0.515358,0.222161,0.081246,-1.399832,-12.573328,-0.363478,-0.192217,-0.907529,0.085599,-0.209831,-0.151881,-0.304653,0.286259,0.135954,-0.127152
12.820000,12.820000,sine,0.502810,0.000000,0.490952,-0.002162,0.242589,0.006253,0.512569,0.220415,0.079376,-1.399245,-12.581124,-0.361738,-0.195167,-0.907584,0.085712,-0.208915,-0.153879,-0.304431,0.280609,0.134873,-0.109081
12.840000,12.840000,sine,0.507150,0.000000,0.495924,-0.002126,0.220238,0.004698,0.510363,0.218919,0.077513,-1.398671,-12.588927,-0.360049,-0.197989,-0.907619,0.085978,-0.208094,-0.155712,-0.304215,0.274734,0.133464,-0.090491
12.860000,12.860000,sine,0.510990,0.000000,0.500396,-0.002091,0.197690,0.003075,0.510008,0.215282,0.075659,-1.398111,-12.596735,-0.358418,-0.200682,-0.907633,0.086400,-0.207373,-0.157381,-0.304008,0.268662,0.131742,-0.071403
12.880000,12.880000,sine,0.514326,0.000000,0.504361,-0.002056,0.174956,0.001381,0.510719,0.211087,0.073815,-1.397565,-12.604546,-0.356849,-0.203241,-0.907626,0.086982,-0.206755,-0.158882,-0.303811,0.262405,0.129718,-0.051812
12.900000,12.900000,sine,0.517154,0.000000,0.507818,-0.002024,0.151855,0.000000,0.512214,0.207022,0.071981,-1.397034,-12.612364,-0.355347,-0.205665,-0.907598,0.087727,-0.206244,-0.160214,-0.303624,0.255976,0.127402,-0.031720
12.920000,12.920000,sine,0.519471,0.000000,0.510760,-0.001992,0.127866,0.000000,0.514511,0.203094,0.070158,-1.396520,-12.620186,-0.353917,-0.207950,-0.907548,0.088638,-0.205846,-0.161376,-0.303449,0.249379,0.124800,-0.011131
12.940000,12.940000,sine,0.521276,0.000000,0.513186,-0.001962,0.103727,0.000000,0.517637,0.199284,0.068347,-1.396022,-12.628016,-0.352563,-0.210096,-0.907474,0.089720,-0.205561,-0.162366,-0.303288,0.242659,0.121943,0.009937
12.960000,12.960000,sine,0.522567,0.000000,0.515093,-0.001934,0.079518,0.000000,0.521518,0.195627,0.066549,-1.395543,-12.635851,-0.351288,-0.212099,-0.907378,0.090974,-0.205393,-0.163184,-0.303142,0.235833,0.118847,0.031408
12.980000,12.980000,sine,0.523342,0.000000,0.516481,-0.001906,0.055385,0.000000,0.525570,0.192102,0.064765,-1.395082,-12.643692,-0.350096,-0.213958,-0.907257,0.092403,-0.205345,-0.163829,-0.303011,0.228896,0.115519,0.053097
13.000000,13.000000,sine,0.523600,0.000000,0.517352,-0.001879,0.031357,0.000000,0.529456,0.188629,0.062994,-1.394641,-12.651539,-0.348992,-0.215673,-0.907112,0.094008,-0.205418,-0.164297,-0.302896,0.221826,0.111952,0.074901
13.020000,13.020000,sine,0.523342,0.000000,0.517708,-0.001854,0.007871,0.000000,0.533039,0.185129,0.061239,-1.394220,-12.659391,-0.347976,-0.217243,-0.906941,0.095789,-0.205612,-0.164590,-0.302798,0.214665,0.108184,0.096414
13.040000,13.040000,sine,0.522567,0.000000,0.517671,-0.001842,-0.005074,-0.000000,0.498618,0.183770,0.059499,-1.393819,-12.667251,-0.347039,-0.218686,-0.906749,0.097709,-0.205881,-0.164801,-0.302717,0.208810,0.105099,0.110301
13.060000,13.060000,sine,0.521276,0.000000,0.517190,-0.001774,-0.028119,-0.000000,0.474402,0.176954,0.057774,-1.393439,-12.675113,-0.346185,-0.219999,-0.906533,0.099775,-0.206270,-0.164798,-0.302653,0.201294,0.100896,0.131667
13.080000,13.080000,sine,0.519471,0.000000,0.516158,-0.001702,-0.055277,-0.000000,0.468441,0.168786,0.056066,-1.393082,-12.682983,-0.345433,-0.221156,-0.906288,0.102023,-0.206800,-0.164574,-0.302607,0.192995,0.096089,0.155914
13.100000,13.100000,sine,0.517154,0.000000,0.514548,-0.001645,-0.082716,-0.000000,0.471800,0.161903,0.054377,-1.392749,-12.690864,-0.344791,-0.222149,-0.906011,0.104461,-0.207470,-0.164137,-0.302580,0.184443,0.091002,0.180130
13.120000,13.120000,sine,0.514326,0.000000,0.512374,-0.001603,-0.108941,-0.000000,0.478063,0.156663,0.052708,-1.392440,-12.698749,-0.344259,-0.222980,-0.905703,0.107084,-0.208271,-0.163500,-0.302574,0.175827,0.085768,0.203160
13.140000,13.140000,sine,0.510990,0.000000,0.509659,-0.001572,-0.133800,-0.000000,0.483999,0.152556,0.051058,-1.392158,-12.706642,-0.343836,-0.223653,-0.905363,0.109876,-0.209192,-0.162669,-0.302588,0.167151,0.080405,0.224859
13.160000,13.160000,sine,0.507150,0.000000,0.506425,-0.001544,-0.157162,-0.001012,0.488546,0.148977,0.049430,-1.391903,-12.714540,-0.343520,-0.224173,-0.904992,0.112828,-0.210226,-0.161650,-0.302621,0.158363,0.074902,0.245477
13.180000,13.180000,sine,0.502810,0.000000,0.502686,-0.001517,-0.179615,-0.002711,0.491925,0.145554,0.047823,-1.391674,-12.722447,-0.343312,-0.224540,-0.904588,0.115928,-0.211365,-0.160444,-0.302674,0.149388,0.069231,0.265295
13.200000,13.200000,sine,0.497973,0.000000,0.498447,-0.001491,-0.201828,-0.004341,0.494670,0.142224,0.046238,-1.391474,-12.730360,-0.343210,-0.224755,-0.904152,0.119171,-0.212603,-0.159048,-0.302745,0.140167,0.063376,0.284488
13.220000,13.220000,sine,0.492645,0.000000,0.493715,-0.001467,-0.223938,-0.005889,0.497273,0.139203,0.044675,-1.391302,-12.738276,-0.343218,-0.224818,-0.903682,0.122547,-0.213936,-0.157462,-0.302835,0.130673,0.057341,0.303117
13.240000,13.240000,sine,0.486831,0.000000,0.488492,-0.001446,-0.245923,-0.007379,0.499801,0.136800,0.043137,-1.391160,-12.746201,-0.343333,-0.224730,-0.903177,0.126052,-0.215355,-0.155686,-0.302942,0.120901,0.051143,0.321146
13.260000,13.260000,sine,0.480536,0.000000,0.482781,-0.001427,-0.267730,-0.008848,0.501220,0.136920,0.041622,-1.391048,-12.754129,-0.343558,-0.224489,-0.902638,0.129677,-0.216854,-0.153721,-0.303065,0.110846,0.044803,0.338531
13.280000,13.280000,sine,0.473767,0.000000,0.476588,-0.001409,-0.289314,-0.010294,0.502875,0.137191,0.040131,-1.390966,-12.762069,-0.343892,-0.224096,-0.902064,0.133416,-0.218426,-0.151566,-0.303203,0.100512,0.038347,0.355219
13.300000,13.300000,sine,0.466531,0.000000,0.469918,-0.001393,-0.310628,-0.011729,0.504727,0.137604,0.038666,-1.390916,-12.770014,-0.344334,-0.223551,-0.901454,0.137260,-0.220062,-0.149225,-0.303356,0.089897,0.031799,0.371170
13.320000,13.320000,sine,0.458834,0.000000,0.462778,-0.001377,-0.331633,-0.013173,0.506734,0.138148,0.037225,-1.390899,-12.777966,-0.344883,-0.222855,-0.900807,0.141201,-0.221754,-0.146698,-0.303521,0.079001,0.025187,0.386355
13.340000,13.340000,sine,0.450685,0.000000,0.455173,-0.001362,-0.352311,-0.014633,0.508909,0.138834,0.035811,-1.390914,-12.785922,-0.345539,-0.222007,-0.900125,0.145228,-0.223492,-0.143988,-0.303697,0.067817,0.018534,0.400761
13.360000,13.360000,sine,0.442090,0.000000,0.447112,-0.001347,-0.372623,-0.016136,0.511203,0.139642,0.034422,-1.390963,-12.793881,-0.346300,-0.221008,-0.899406,0.149335,-0.225267,-0.141097,-0.303883,0.056342,0.011869,0.414372
13.380000,13.380000,sine,0.433059,0.000000,0.438603,-0.001332,-0.392579,-0.017656,0.513723,0.140619,0.033060,-1.391044,-12.801848,-0.347164,-0.219858,-0.898651,0.153512,-0.227071,-0.138027,-0.304076,0.044569,0.005217,0.427188
13.400000,13.400000,sine,0.423601,0.000000,0.429654,-0.001319,-0.412161,-0.019189,0.516509,0.141777,0.031724,-1.391161,-12.809821,-0.348129,-0.218557,-0.897861,0.157750,-0.228893,-0.134780,-0.304276,0.032490,-0.001391,0.439197
13.420000,13.420000,sine,0.413725,0.000000,0.420272,-0.001307,-0.431339,-0.020735,0.519564,0.143119,0.030414,-1.391313,-12.817801,-0.349193,-0.217106,-0.897035,0.162042,-0.230727,-0.131360,-0.304480,0.020103,-0.007920,0.450387
13.440000,13.440000,sine,0.403441,0.000000,0.410468,-0.001296,-0.450097,-0.022280,0.522935,0.144656,0.029131,-1.391499,-12.825784,-0.350355,-0.215504,-0.896174,0.166376,-0.232561,-0.127769,-0.304686,0.007409,-0.014331,0.460756
13.460000,13.460000,sine,0.392758,0.000000,0.400250,-0.001287,-0.468412,-0.023813,0.526619,0.146381,0.027874,-1.391722,-12.833772,-0.351610,-0.213752,-0.895280,0.170746,-0.234387,-0.124011,-0.304891,-0.005585,-0.020583,0.470302
13.480000,13.480000,sine,0.381688,0.000000,0.389629,-0.001279,-0.486247,-0.025325,0.530580,0.148265,0.026643,-1.391980,-12.841758,-0.352957,-0.211850,-0.894352,0.175142,-0.236196,-0.120088,-0.305095,-0.018820,-0.026622,0.479039
13.500000,13.500000,sine,0.370241,0.000000,0.378615,-0.001273,-0.503569,-0.026811,0.534744,0.150272,0.025439,-1.392274,-12.849750,-0.354391,-0.209798,-0.893393,0.179558,-0.237979,-0.116005,-0.305295,-0.032223,-0.032395,0.486998
13.520000,13.520000,sine,0.358429,0.000000,0.367220,-0.001268,-0.520373,-0.028252,0.539051,0.152346,0.024260,-1.392606,-12.857744,-0.355908,-0.207598,-0.892403,0.183984,-0.239727,-0.111765,-0.305491,-0.045720,-0.037854,0.494222
13.540000,13.540000,sine,0.346263,0.000000,0.355456,-0.001265,-0.536651,-0.029634,0.543500,0.154432,0.023106,-1.392974,-12.865739,-0.357503,-0.205251,-0.891383,0.188415,-0.241431,-0.107372,-0.305681,-0.059240,-0.042954,0.500756
13.560000,13.560000,sine,0.333755,0.000000,0.343335,-0.001262,-0.552410,-0.030916,0.548108,0.156398,0.021978,-1.393379,-12.873735,-0.359172,-0.202760,-0.890334,0.192845,-0.243084,-0.102831,-0.305862,-0.072714,-0.047656,0.506642
13.580000,13.580000,sine,0.320918,0.000000,0.330868,-0.001261,-0.567678,-0.032017,0.552986,0.157991,0.020873,-1.393821,-12.881731,-0.360909,-0.200126,-0.889258,0.197269,-0.244677,-0.098146,-0.306033,-0.086078,-0.051928,0.511919
13.600000,13.600000,sine,0.307764,0.000000,0.318069,-0.001261,-0.582426,-0.032958,0.558059,0.159240,0.019793,-1.394301,-12.889728,-0.362708,-0.197354,-0.888155,0.201682,-0.246202,-0.093323,-0.306193,-0.099271,-0.055741,0.516621
13.620000,13.620000,sine,0.294307,0.000000,0.304951,-0.001261,-0.596617,-0.033796,0.563224,0.160306,0.018735,-1.394818,-12.897724,-0.364564,-0.194445,-0.887026,0.206079,-0.247654,-0.088366,-0.306341,-0.112237,-0.059071,0.520782
13.640000,13.640000,sine,0.280559,0.000000,0.291525,-0.001262,-0.610232,-0.034547,0.568442,0.161241,0.017700,-1.395372,-12.905719,-0.366471,-0.191402,-0.885873,0.210459,-0.249025,-0.083280,-0.306473,-0.124929,-0.061903,0.524434
13.660000,13.660000,sine,0.266534,0.000000,0.277807,-0.001263,-0.623261,-0.035215,0.573691,0.162053,0.016686,-1.395964,-12.913713,-0.368422,-0.188231,-0.884696,0.214816,-0.250308,-0.078071,-0.306590,-0.137304,-0.064223,0.527605
13.680000,13.680000,sine,0.252246,0.000000,0.263809,-0.001265,-0.635693,-0.035800,0.578963,0.162756,0.015693,-1.396592,-12.921704,-0.370412,-0.184935,-0.883498,0.219149,-0.251500,-0.072745,-0.306688,-0.149324,-0.066025,0.530316
13.700000,13.700000,sine,0.237709,0.000000,0.249546,-0.001268,-0.647512,-0.036306,0.584234,0.163351,0.014721,-1.397259,-12.929693,-0.372433,-0.181517,-0.882277,0.223456,-0.252593,-0.067306,-0.306769,-0.160960,-0.067304,0.532585
13.720000,13.720000,sine,0.222938,0.000000,0.235031,-0.001272,-0.658708,-0.036737,0.589512,0.163846,0.013768,-1.397963,-12.937677,-0.374479,-0.177983,-0.881036,0.227733,-0.253584,-0.061761,-0.306829,-0.172186,-0.068063,0.534427
13.740000,13.740000,sine,0.207947,0.000000,0.220279,-0.001276,-0.669268,-0.037094,0.594769,0.164252,0.012834,-1.398704,-12.945658,-0.376545,-0.174336,-0.879776,0.231980,-0.254468,-0.056115,-0.306868,-0.182983,-0.068305,0.535856
13.760000,13.760000,sine,0.192750,0.000000,0.205305,-0.001281,-0.679179,-0.037383,0.600005,0.164577,0.011917,-1.399482,-12.953631,-0.378623,-0.170581,-0.878499,0.236193,-0.255242,-0.050374,-0.306885,-0.193337,-0.068039,0.536881
13.780000,13.780000,sine,0.177363,0.000000,0.190122,-0.001286,-0.688432,-0.037608,0.605201,0.164835,0.011019,-1.400298,-12.961602,-0.380707,-0.166723,-0.877204,0.240371,-0.255902,-0.044544,-0.306879,-0.203239,-0.067275,0.537511
13.800000,13.800000,sine,0.161801,0.000000,0.174747,-0.001292,-0.697017,-0.037774,0.610347,0.165036,0.010137,-1.401152,-12.969568,-0.382792,-0.162767,-0.875894,0.244513,-0.256446,-0.038631,-0.306849,-0.212684,-0.066025,0.537753
13.820000,13.820000,sine,0.146080,0.000000,0.159194,-0.001298,-0.704925,-0.037885,0.615447,0.165196,0.009272,-1.402043,-12.977525,-0.384871,-0.158716,-0.874570,0.248616,-0.256871,-0.032639,-0.306795,-0.221672,-0.064305,0.537613
13.840000,13.840000,sine,0.130214,0.000000,0.143479,-0.001304,-0.712146,-0.037944,0.620494,0.165324,0.008422,-1.402972,-12.985476,-0.386939,-0.154577,-0.873234,0.252680,-0.257176,-0.026577,-0.306717,-0.230205,-0.062131,0.537092
13.860000,13.860000,sine,0.114220,0.000000,0.127617,-0.001312,-0.718672,-0.037954,0.625487,0.165436,0.007589,-1.403939,-12.993420,-0.388989,-0.150353,-0.871886,0.256702,-0.257360,-0.020447,-0.306613,-0.238291,-0.059521,0.536194
13.880000,13.880000,sine,0.098113,0.000000,0.111624,-0.001320,-0.724497,-0.037918,0.630407,0.165541,0.006770,-1.404943,-13.001356,-0.391017,-0.146049,-0.870529,0.260680,-0.257421,-0.014256,-0.306485,-0.245938,-0.056495,0.534920
13.900000,13.900000,sine,0.081909,0.000000,0.095515,-0.001328,-0.729614,-0.037840,0.635264,0.165651,0.005967,-1.405986,-13.009282,-0.393018,-0.141670,-0.869164,0.264613,-0.257361,-0.008009,-0.306332,-0.253158,-0.053071,0.533268
13.920000,13.920000,sine,0.065624,0.000000,0.079307,-0.001337,-0.734014,-0.037720,0.640048,0.165775,0.005178,-1.407068,-13.017199,-0.394985,-0.137221,-0.867793,0.268499,-0.257178,-0.001712,-0.306154,-0.259961,-0.049269,0.531240
13.940000,13.940000,sine,0.049275,0.000000,0.063014,-0.001346,-0.737694,-0.037561,0.644756,0.165920,0.004404,-1.408188,-13.025107,-0.396916,-0.132705,-0.866418,0.272336,-0.256874,0.004631,-0.305951,-0.266365,-0.045111,0.528832
13.960000,13.960000,sine,0.032877,0.000000,0.046655,-0.001356,-0.740642,-0.037363,0.649363,0.166090,0.003645,-1.409346,-13.033008,-0.398805,-0.128127,-0.865040,0.276122,-0.256449,0.011009,-0.305723,-0.272384,-0.040617,0.526049
13.980000,13.980000,sine,0.016447,0.000000,0.030244,-0.001367,-0.742850,-0.037126,0.653830,0.166279,0.002899,-1.410544,-13.040897,-0.400649,-0.123492,-0.863661,0.279856,-0.255906,0.017408,-0.305471,-0.278033,-0.035806,0.522902
14.000000,14.000000,sine,0.000000,0.000000,0.013798,-0.001378,-0.744316,-0.036852,0.658132,0.166488,0.002169,-1.411781,-13.048779,-0.402443,-0.118803,-0.862284,0.283533,-0.255247,0.023814,-0.305195,-0.283329,-0.030699,0.519403
14.020000,14.020000,sine,-0.016447,0.000000,-0.002667,-0.001390,-0.745038,-0.036544,0.662249,0.166717,0.001452,-1.413055,-13.056651,-0.404184,-0.114065,-0.860910,0.287154,-0.254474,0.030216,-0.304895,-0.288286,-0.025319,0.515568
14.040000,14.040000,sine,-0.032877,0.000000,-0.019133,-0.001402,-0.745018,-0.036203,0.666165,0.166971,0.000750,-1.414369,-13.064516,-0.405869,-0.109282,-0.859542,0.290716,-0.253590,0.036600,-0.304573,-0.292917,-0.019684,0.511411
14.060000,14.060000,sine,-0.049275,0.000000,-0.035586,-0.001414,-0.744257,-0.035833,0.669870,0.167248,0.000061,-1.415720,-13.072371,-0.407495,-0.104457,-0.858180,0.294216,-0.252600,0.042956,-0.304229,-0.297234,-0.013819,0.506945
14.080000,14.080000,sine,-0.065624,0.000000,-0.052007,-0.001426,-0.742756,-0.035434,0.673354,0.167556,-0.000615,-1.417109,-13.080216,-0.409059,-0.099593,-0.856828,0.297654,-0.251508,0.049272,-0.303864,-0.301249,-0.007742,0.502182
14.100000,14.100000,sine,-0.081909,0.000000,-0.068382,-0.001439,-0.740521,-0.035006,0.676619,0.167899,-0.001277,-1.418535,-13.088053,-0.410558,-0.094696,-0.855487,0.301027,-0.250317,0.055537,-0.303479,-0.304971,-0.001476,0.497133
14.120000,14.120000,sine,-0.098113,0.000000,-0.084695,-0.001453,-0.737553,-0.034552,0.679659,0.168284,-0.001927,-1.419997,-13.095883,-0.411991,-0.089768,-0.854158,0.304334,-0.249032,0.061742,-0.303076,-0.308406,0.004958,0.491807
14.140000,14.140000,sine,-0.114220,0.000000,-0.100928,-0.001466,-0.733856,-0.034075,0.682479,0.168716,-0.002564,-1.421494,-13.103704,-0.413356,-0.084812,-0.852844,0.307573,-0.247659,0.067878,-0.302655,-0.311561,0.011531,0.486206
14.160000,14.160000,sine,-0.130214,0.000000,-0.117066,-0.001481,-0.729437,-0.033575,0.685090,0.169204,-0.003189,-1.423025,-13.111517,-0.414651,-0.079832,-0.851546,0.310743,-0.246201,0.073936,-0.302218,-0.314438,0.018215,0.480337
14.180000,14.180000,sine,-0.146080,0.000000,-0.133093,-0.001495,-0.724302,-0.033050,0.687506,0.169756,-0.003803,-1.424590,-13.119328,-0.415874,-0.074831,-0.850266,0.313841,-0.244664,0.079907,-0.301766,-0.317037,0.024979,0.474199
14.200000,14.200000,sine,-0.161801,0.000000,-0.148994,-0.001511,-0.718452,-0.032505,0.689721,0.170379,-0.004407,-1.426187,-13.127128,-0.417026,-0.069815,-0.849006,0.316866,-0.243054,0.085783,-0.301302,-0.319358,0.031793,0.467791
14.220000,14.220000,sine,-0.177363,0.000000,-0.164752,-0.001526,-0.711894,-0.031940,0.691746,0.171074,-0.005000,-1.427815,-13.134924,-0.418104,-0.064786,-0.847767,0.319817,-0.241375,0.091559,-0.300825,-0.321401,0.038628,0.461110
14.240000,14.240000,sine,-0.192750,0.000000,-0.180354,-0.001543,-0.704629,-0.031366,0.693586,0.171849,-0.005583,-1.429471,-13.142710,-0.419109,-0.059748,-0.846551,0.322691,-0.239635,0.097226,-0.300338,-0.323161,0.045452,0.454153
14.260000,14.260000,sine,-0.207947,0.000000,-0.195782,-0.001559,-0.696671,-0.030778,0.695266,0.172713,-0.006157,-1.431157,-13.150493,-0.420041,-0.054705,-0.845358,0.325487,-0.237839,0.102779,-0.299841,-0.324636,0.052238,0.446916
14.280000,14.280000,sine,-0.222938,0.000000,-0.211023,-0.001577,-0.688034,-0.030168,0.696805,0.173668,-0.006723,-1.432869,-13.158268,-0.420899,-0.049661,-0.844192,0.328203,-0.235992,0.108212,-0.299337,-0.325823,0.058955,0.439394
14.300000,14.300000,sine,-0.237709,0.000000,-0.226060,-0.001595,-0.678720,-0.029539,0.698203,0.174725,-0.007281,-1.434607,-13.166040,-0.421685,-0.044622,-0.843052,0.330838,-0.234102,0.113519,-0.298827,-0.326715,0.065575,0.431574
14.320000,14.320000,sine,-0.252246,0.000000,-0.240881,-0.001614,-0.668735,-0.028893,0.699472,0.175873,-0.007831,-1.436368,-13.173809,-0.422397,-0.039591,-0.841941,0.333389,-0.232175,0.118697,-0.298311,-0.327308,0.072069,0.423446
14.340000,14.340000,sine,-0.266534,0.000000,-0.255469,-0.001634,-0.658089,-0.028229,0.700614,0.177121,-0.008376,-1.438150,-13.181576,-0.423039,-0.034572,-0.840859,0.335855,-0.230216,0.123741,-0.297791,-0.327600,0.078412,0.414999
14.360000,14.360000,sine,-0.280559,0.000000,-0.269811,-0.001654,-0.646794,-0.027548,0.701636,0.178461,-0.008915,-1.439953,-13.189339,-0.423610,-0.029572,-0.839808,0.338235,-0.228234,0.128645,-0.297268,-0.327582,0.084576,0.406224
14.380000,14.380000,sine,-0.294307,0.000000,-0.283892,-0.001676,-0.634862,-0.026851,0.702547,0.179895,-0.009449,-1.441774,-13.197095,-0.424112,-0.024594,-0.838789,0.340525,-0.226233,0.133409,-0.296743,-0.327253,0.090537,0.397109
14.400000,14.400000,sine,-0.307764,0.000000,-0.297699,-0.001697,-0.622293,-0.026148,0.703319,0.181408,-0.009979,-1.443612,-13.204854,-0.424547,-0.019645,-0.837803,0.342724,-0.224222,0.138026,-0.296217,-0.326608,0.096273,0.387640
14.420000,14.420000,sine,-0.320918,0.000000,-0.311219,-0.001719,-0.609105,-0.025437,0.703969,0.182998,-0.010505,-1.445465,-13.212612,-0.424915,-0.014728,-0.836852,0.344831,-0.222207,0.142496,-0.295693,-0.325646,0.101760,0.377807
14.440000,14.440000,sine,-0.333755,0.000000,-0.324437,-0.001742,-0.595315,-0.024713,0.704514,0.184663,-0.011029,-1.447331,-13.220368,-0.425220,-0.009850,-0.835937,0.346842,-0.220194,0.146815,-0.295170,-0.324363,0.106978,0.367603
14.460000,14.460000,sine,-0.346263,0.000000,-0.337341,-0.001765,-0.580938,-0.023971,0.704966,0.186399,-0.011552,-1.449208,-13.228125,-0.425464,-0.005017,-0.835059,0.348757,-0.218191,0.150980,-0.294650,-0.322759,0.111908,0.357013
14.480000,14.480000,sine,-0.358429,0.000000,-0.349918,-0.001788,-0.565990,-0.023202,0.705330,0.188196,-0.012073,-1.451094,-13.235881,-0.425648,-0.000233,-0.834219,0.350573,-0.216205,0.154991,-0.294134,-0.320833,0.116534,0.346026
14.500000,14.500000,sine,-0.370241,0.000000,-0.362156,-0.001812,-0.550475,-0.022414,0.705547,0.190024,-0.012594,-1.452987,-13.243632,-0.425776,0.004494,-0.833419,0.352288,-0.214243,0.158844,-0.293623,-0.318587,0.120841,0.334629
14.520000,14.520000,sine,-0.381688,0.000000,-0.374042,-0.001836,-0.534394,-0.021631,0.705562,0.191851,-0.013115,-1.454886,-13.251391,-0.425850,0.009160,-0.832660,0.353899,-0.212311,0.162540,-0.293118,-0.316020,0.124813,0.322815
14.540000,14.540000,sine,-0.392758,0.000000,-0.385565,-0.001859,-0.517778,-0.020846,0.705398,0.193676,-0.013638,-1.456789,-13.259151,-0.425872,0.013759,-0.831944,0.355405,-0.210417,0.166075,-0.292622,-0.313140,0.128441,0.310582
14.560000,14.560000,sine,-0.403441,0.000000,-0.396712,-0.001882,-0.500655,-0.020040,0.705121,0.195499,-0.014163,-1.458693,-13.266911,-0.425846,0.018284,-0.831271,0.356804,-0.208568,0.169450,-0.292134,-0.309952,0.131717,0.297927
14.580000,14.580000,sine,-0.413725,0.000000,-0.407474,-0.001904,-0.483030,-0.019220,0.704656,0.197296,-0.014690,-1.460597,-13.274672,-0.425775,0.022730,-0.830643,0.358093,-0.206770,0.172665,-0.291657,-0.306460,0.134632,0.284840
14.600000,14.600000,sine,-0.423601,0.000000,-0.417839,-0.001926,-0.464925,-0.018378,0.704024,0.199048,-0.015220,-1.462499,-13.282430,-0.425663,0.027091,-0.830062,0.359270,-0.205030,0.175717,-0.291191,-0.302673,0.137182,0.271318
14.620000,14.620000,sine,-0.433059,0.000000,-0.427797,-0.001949,-0.446376,-0.017486,0.703289,0.200767,-0.015755,-1.464397,-13.290195,-0.425511,0.031361,-0.829528,0.360332,-0.203355,0.178608,-0.290738,-0.298600,0.139364,0.257361
14.640000,14.640000,sine,-0.442090,0.000000,-0.437337,-0.001973,-0.427392,-0.016538,0.702421,0.202430,-0.016293,-1.466289,-13.297967,-0.425324,0.035536,-0.829044,0.361280,-0.201750,0.181337,-0.290298,-0.294251,0.141178,0.242960
14.660000,14.660000,sine,-0.450685,0.000000,-0.446452,-0.001996,-0.407966,-0.015556,0.701325,0.203987,-0.016837,-1.468173,-13.305740,-0.425105,0.039608,-0.828610,0.362108,-0.200223,0.183904,-0.289875,-0.289632,0.142622,0.228107
14.680000,14.680000,sine,-0.458834,0.000000,-0.455130,-0.002017,-0.388123,-0.014547,0.699931,0.205404,-0.017387,-1.470048,-13.313514,-0.424858,0.043573,-0.828228,0.362816,-0.198779,0.186310,-0.289467,-0.284758,0.143699,0.212811
14.700000,14.700000,sine,-0.466531,0.000000,-0.463364,-0.002039,-0.367901,-0.013497,0.698295,0.206688,-0.017943,-1.471912,-13.321289,-0.424585,0.047425,-0.827900,0.363402,-0.197425,0.188554,-0.289078,-0.279644,0.144416,0.197084
14.720000,14.720000,sine,-0.473767,0.000000,-0.471144,-0.002061,-0.347339,-0.012378,0.696490,0.207847,-0.018505,-1.473764,-13.329069,-0.424291,0.051159,-0.827626,0.363862,-0.196165,0.190637,-0.288708,-0.274307,0.144781,0.180934
14.740000,14.740000,sine,-0.480536,0.000000,-0.478463,-0.002085,-0.326492,-0.011129,0.694670,0.208926,-0.019075,-1.475601,-13.336853,-0.423978,0.054771,-0.827408,0.364195,-0.195005,0.192561,-0.288358,-0.268761,0.144802,0.164369
14.760000,14.760000,sine,-0.486831,0.000000,-0.485315,-0.002110,-0.305334,-0.009775,0.692665,0.209856,-0.019652,-1.477422,-13.344642,-0.423650,0.058256,-0.827248,0.364400,-0.193950,0.194327,-0.288029,-0.263019,0.144488,0.147372
14.780000,14.780000,sine,-0.492645,0.000000,-0.491691,-0.002136,-0.283858,-0.008339,0.690388,0.210597,-0.020237,-1.479225,-13.352432,-0.423311,0.061610,-0.827146,0.364474,-0.193003,0.195934,-0.287723,-0.257093,0.143847,0.129940
14.800000,14.800000,sine,-0.497973,0.000000,-0.497586,-0.002161,-0.262086,-0.006835,0.687745,0.211110,-0.020831,-1.481010,-13.360227,-0.422964,0.064827,-0.827105,0.364414,-0.192171,0.197382,-0.287440,-0.251003,0.142894,0.112088
14.820000,14.820000,sine,-0.502810,0.000000,-0.502993,-0.002185,-0.240046,-0.005274,0.684721,0.211379,-0.021433,-1.482774,-13.368024,-0.422611,0.067904,-0.827124,0.364218,-0.191457,0.198674,-0.287181,-0.244767,0.141642,0.093837
14.840000,14.840000,sine,-0.507150,0.000000,-0.507906,-0.002208,-0.217794,-0.003651,0.679912,0.214126,-0.022044,-1.484517,-13.375830,-0.422258,0.070837,-0.827205,0.363884,-0.190865,0.199809,-0.286948,-0.238413,0.140112,0.075220
14.860000,14.860000,sine,-0.510990,0.000000,-0.512321,-0.002230,-0.195348,-0.001975,0.674456,0.217081,-0.022665,-1.486236,-13.383639,-0.421905,0.073622,-0.827350,0.363411,-0.190397,0.200789,-0.286741,-0.231957,0.138319,0.056246
14.880000,14.880000,sine,-0.514326,0.000000,-0.516232,-0.002250,-0.172715,-0.000244,0.668574,0.219904,-0.023295,-1.487932,-13.391455,-0.421557,0.076257,-0.827559,0.362795,-0.190057,0.201613,-0.286560,-0.225413,0.136278,0.036918
14.900000,14.900000,sine,-0.517154,0.000000,-0.519637,-0.002269,-0.149133,-0.000000,0.662205,0.222573,-0.023934,-1.489602,-13.399276,-0.421216,0.078739,-0.827833,0.362035,-0.189846,0.202283,-0.286406,-0.218779,0.133996,0.017245
14.920000,14.920000,sine,-0.519471,0.000000,-0.522530,-0.002286,-0.125268,-0.000000,0.655386,0.225106,-0.024583,-1.491246,-13.407102,-0.420884,0.081065,-0.828173,0.361128,-0.189768,0.202799,-0.286279,-0.212093,0.131503,-0.002751
14.940000,14.940000,sine,-0.521276,0.000000,-0.524911,-0.002302,-0.101286,-0.000000,0.648117,0.227476,-0.025243,-1.492862,-13.414935,-0.420565,0.083233,-0.828580,0.360073,-0.189822,0.203162,-0.286181,-0.205378,0.128819,-0.023038
14.960000,14.960000,sine,-0.522567,0.000000,-0.526777,-0.002316,-0.077325,-0.000000,0.640837,0.229702,-0.025912,-1.494449,-13.422773,-0.420261,0.085242,-0.829053,0.358867,-0.190010,0.203372,-0.286110,-0.198636,0.125953,-0.043452
14.980000,14.980000,sine,-0.523342,0.000000,-0.528129,-0.002330,-0.053455,-0.000000,0.633967,0.231876,-0.026591,-1.496007,-13.430613,-0.419973,0.087089,-0.829592,0.357512,-0.190331,0.203429,-0.286067,-0.191848,0.122904,-0.063865
15.000000,15.000000,sine,-0.523600,0.000000,-0.528969,-0.002345,-0.029657,-0.000000,0.627712,0.234103,-0.027281,-1.497535,-13.438461,-0.419703,0.088775,-0.830197,0.356006,-0.190784,0.203332,-0.286053,-0.184990,0.119665,-0.084217
15.020000,15.020000,sine,-0.523342,0.000000,-0.529297,-0.002361,-0.005903,-0.000000,0.622074,0.236455,-0.027981,-1.499030,-13.446316,-0.419454,0.090297,-0.830866,0.354353,-0.191370,0.203081,-0.286067,-0.178037,0.116232,-0.104458
15.040000,15.040000,sine,-0.522567,0.000000,-0.529163,-0.002385,0.010040,0.000000,0.637946,0.239470,-0.028692,-1.500495,-13.454177,-0.419225,0.091668,-0.831591,0.352567,-0.192030,0.202739,-0.286108,-0.172027,0.113184,-0.118837
15.060000,15.060000,sine,-0.521276,0.000000,-0.528658,-0.002415,0.028596,0.000000,0.669284,0.242564,-0.029413,-1.501928,-13.462037,-0.419013,0.092906,-0.832361,0.350674,-0.192797,0.202265,-0.286175,-0.165530,0.109783,-0.135065
15.080000,15.080000,sine,-0.519471,0.000000,-0.527640,-0.002475,0.054498,0.000000,0.681623,0.249069,-0.030144,-1.503327,-13.469912,-0.418825,0.093980,-0.833188,0.348641,-0.193724,0.201592,-0.286270,-0.157898,0.105653,-0.156463
15.100000,15.100000,sine,-0.517154,0.000000,-0.526048,-0.002529,0.082141,0.000000,0.680309,0.255564,-0.030886,-1.504692,-13.477790,-0.418665,0.094874,-0.834081,0.346449,-0.194801,0.200732,-0.286396,-0.149879,0.101186,-0.178775
15.120000,15.120000,sine,-0.514326,0.000000,-0.523882,-0.002569,0.108962,0.000000,0.673519,0.260636,-0.031640,-1.506019,-13.485671,-0.418534,0.095584,-0.835038,0.344100,-0.196011,0.199697,-0.286552,-0.141800,0.096570,-0.200058
15.140000,15.140000,sine,-0.510990,0.000000,-0.521166,-0.002597,0.134298,0.000001,0.666174,0.264454,-0.032405,-1.507308,-13.493561,-0.418433,0.096117,-0.836051,0.341606,-0.197339,0.198499,-0.286738,-0.133736,0.091865,-0.219807
15.160000,15.160000,sine,-0.507150,0.000000,-0.517925,-0.002621,0.157929,0.000887,0.660285,0.267623,-0.033181,-1.508559,-13.501460,-0.418360,0.096479,-0.837114,0.338979,-0.198773,0.197146,-0.286952,-0.125656,0.087073,-0.238187
15.180000,15.180000,sine,-0.502810,0.000000,-0.514177,-0.002643,0.180380,0.002550,0.656120,0.270625,-0.033968,-1.509771,-13.509362,-0.418315,0.096673,-0.838223,0.336229,-0.200305,0.195640,-0.287194,-0.117488,0.082173,-0.255537
15.200000,15.200000,sine,-0.497973,0.000000,-0.509933,-0.002668,0.202458,0.004130,0.653231,0.273725,-0.034767,-1.510943,-13.517274,-0.418298,0.096702,-0.839371,0.333363,-0.201927,0.193982,-0.287463,-0.109161,0.077143,-0.272120
15.220000,15.220000,sine,-0.492645,0.000000,-0.505198,-0.002694,0.224327,0.005698,0.651151,0.277024,-0.035577,-1.512076,-13.525188,-0.418309,0.096566,-0.840557,0.330388,-0.203634,0.192173,-0.287758,-0.100638,0.071982,-0.288073
15.240000,15.240000,sine,-0.486831,0.000000,-0.499978,-0.002722,0.246036,0.007285,0.649496,0.280512,-0.036399,-1.513168,-13.533110,-0.418347,0.096266,-0.841776,0.327310,-0.205417,0.190213,-0.288078,-0.091903,0.066696,-0.303437
15.260000,15.260000,sine,-0.480536,0.000000,-0.494274,-0.002751,0.267604,0.008887,0.649590,0.281072,-0.037233,-1.514220,-13.541039,-0.418412,0.095803,-0.843025,0.324134,-0.207270,0.188102,-0.288423,-0.082939,0.061297,-0.318218
15.280000,15.280000,sine,-0.473767,0.000000,-0.488092,-0.002781,0.288966,0.010505,0.649842,0.281510,-0.038079,-1.515230,-13.548970,-0.418503,0.095176,-0.844300,0.320866,-0.209184,0.185843,-0.288792,-0.073750,0.055805,-0.332367
15.300000,15.300000,sine,-0.466531,0.000000,-0.481436,-0.002811,0.310072,0.012131,0.650192,0.281907,-0.038936,-1.516198,-13.556909,-0.418620,0.094386,-0.845598,0.317511,-0.211152,0.183438,-0.289183,-0.064332,0.050239,-0.345853
15.320000,15.320000,sine,-0.458834,0.000000,-0.474313,-0.002841,0.330881,0.013761,0.650628,0.282249,-0.039807,-1.517125,-13.564854,-0.418761,0.093435,-0.846914,0.314079,-0.213165,0.180888,-0.289596,-0.054684,0.044621,-0.358653
15.340000,15.340000,sine,-0.450685,0.000000,-0.466729,-0.002870,0.351368,0.015395,0.651160,0.282534,-0.040689,-1.518009,-13.572803,-0.418926,0.092321,-0.848247,0.310572,-0.215213,0.178195,-0.290029,-0.044800,0.038969,-0.370762
15.360000,15.360000,sine,-0.442090,0.000000,-0.458692,-0.002900,0.371505,0.017030,0.651768,0.282748,-0.041584,-1.518852,-13.580760,-0.419113,0.091048,-0.849591,0.307000,-0.217289,0.175363,-0.290481,-0.034673,0.033304,-0.382178
15.380000,15.380000,sine,-0.433059,0.000000,-0.450209,-0.002929,0.391272,0.018667,0.652446,0.282886,-0.042492,-1.519652,-13.588720,-0.419320,0.089616,-0.850945,0.303369,-0.219385,0.172394,-0.290951,-0.024299,0.027648,-0.392906
15.400000,15.400000,sine,-0.423601,0.000000,-0.441289,-0.002958,0.410654,0.020301,0.653197,0.282944,-0.043413,-1.520410,-13.596684,-0.419546,0.088025,-0.852304,0.299684,-0.221491,0.169290,-0.291438,-0.013669,0.022022,-0.402957
15.420000,15.420000,sine,-0.413725,0.000000,-0.431940,-0.002986,0.429628,0.021936,0.653972,0.282910,-0.044348,-1.521127,-13.604652,-0.419788,0.086276,-0.853666,0.295952,-0.223599,0.166054,-0.291940,-0.002777,0.016447,-0.412339
15.440000,15.440000,sine,-0.403441,0.000000,-0.422171,-0.003014,0.448171,0.023562,0.654781,0.282783,-0.045296,-1.521801,-13.612626,-0.420046,0.084370,-0.855028,0.292181,-0.225702,0.162689,-0.292457,0.008370,0.010951,-0.421064
15.460000,15.460000,sine,-0.392758,0.000000,-0.411993,-0.003041,0.466252,0.025172,0.655655,0.282581,-0.046257,-1.522435,-13.620605,-0.420316,0.082309,-0.856387,0.288376,-0.227791,0.159198,-0.292986,0.019732,0.005570,-0.429157
15.480000,15.480000,sine,-0.381688,0.000000,-0.401414,-0.003067,0.483853,0.026756,0.656636,0.282328,-0.047233,-1.523028,-13.628583,-0.420596,0.080093,-0.857741,0.284543,-0.229859,0.155582,-0.293527,0.031268,0.000335,-0.436652
15.500000,15.500000,sine,-0.370241,0.000000,-0.390447,-0.003093,0.500961,0.028306,0.657742,0.282046,-0.048223,-1.523580,-13.636566,-0.420884,0.077726,-0.859086,0.280688,-0.231898,0.151847,-0.294078,0.042937,-0.004717,-0.443585
15.520000,15.520000,sine,-0.358429,0.000000,-0.379103,-0.003118,0.517568,0.029815,0.658985,0.281760,-0.049228,-1.524093,-13.644552,-0.421178,0.075207,-0.860423,0.276814,-0.233902,0.147994,-0.294638,0.054699,-0.009556,-0.449990
15.540000,15.540000,sine,-0.346263,0.000000,-0.367392,-0.003142,0.533662,0.031273,0.660343,0.281489,-0.050248,-1.524567,-13.652541,-0.421473,0.072541,-0.861747,0.272928,-0.235864,0.144026,-0.295205,0.066517,-0.014153,-0.455892
15.560000,15.560000,sine,-0.333755,0.000000,-0.355326,-0.003165,0.549240,0.032662,0.661794,0.281274,-0.051283,-1.525003,-13.660534,-0.421769,0.069730,-0.863059,0.269033,-0.237777,0.139945,-0.295778,0.078355,-0.018479,-0.461315
15.580000,15.580000,sine,-0.320918,0.000000,-0.342917,-0.003187,0.564306,0.033946,0.663293,0.281209,-0.052333,-1.525401,-13.668531,-0.422061,0.066776,-0.864356,0.265131,-0.239637,0.135756,-0.296354,0.090170,-0.022508,-0.466281
15.600000,15.600000,sine,-0.307764,0.000000,-0.330178,-0.003209,0.578880,0.035067,0.664748,0.281448,-0.053400,-1.525763,-13.676522,-0.422347,0.063682,-0.865637,0.261227,-0.241437,0.131459,-0.296932,0.101917,-0.026214,-0.470818
15.620000,15.620000,sine,-0.294307,0.000000,-0.317121,-0.003228,0.592946,0.036028,0.666158,0.281968,-0.054483,-1.526090,-13.684515,-0.422624,0.060453,-0.866902,0.257325,-0.243172,0.127060,-0.297511,0.113547,-0.029570,-0.474954
15.640000,15.640000,sine,-0.280559,0.000000,-0.303759,-0.003246,0.606468,0.036868,0.667571,0.282647,-0.055583,-1.526382,-13.692508,-0.422888,0.057093,-0.868148,0.253425,-0.244837,0.122562,-0.298087,0.125011,-0.032554,-0.478716
15.660000,15.660000,sine,-0.266534,0.000000,-0.290106,-0.003263,0.619425,0.037603,0.669014,0.283440,-0.056699,-1.526640,-13.700500,-0.423137,0.053606,-0.869377,0.249531,-0.246428,0.117968,-0.298660,0.136268,-0.035145,-0.482132
15.680000,15.680000,sine,-0.252246,0.000000,-0.276174,-0.003279,0.631798,0.038243,0.670481,0.284322,-0.057833,-1.526865,-13.708491,-0.423368,0.049996,-0.870585,0.245645,-0.247938,0.113283,-0.299228,0.147284,-0.037332,-0.485224
15.700000,15.700000,sine,-0.237709,0.000000,-0.261977,-0.003293,0.643574,0.038792,0.671968,0.285278,-0.058985,-1.527059,-13.716479,-0.423576,0.046269,-0.871774,0.241767,-0.249367,0.108509,-0.299788,0.158035,-0.039106,-0.488008
15.720000,15.720000,sine,-0.222938,0.000000,-0.247528,-0.003306,0.654742,0.039258,0.673465,0.286301,-0.060154,-1.527223,-13.724466,-0.423760,0.042428,-0.872944,0.237900,-0.250708,0.103653,-0.300339,0.168499,-0.040463,-0.490500
15.740000,15.740000,sine,-0.207947,0.000000,-0.232843,-0.003318,0.665289,0.039645,0.674945,0.287366,-0.061342,-1.527357,-13.732452,-0.423916,0.038480,-0.874093,0.234045,-0.251959,0.098716,-0.300879,0.178660,-0.041400,-0.492708
15.760000,15.760000,sine,-0.192750,0.000000,-0.217936,-0.003329,0.675207,0.039957,0.676401,0.288465,-0.062548,-1.527464,-13.740434,-0.424040,0.034429,-0.875221,0.230202,-0.253118,0.093704,-0.301408,0.188508,-0.041922,-0.494638
15.780000,15.780000,sine,-0.177363,0.000000,-0.202820,-0.003338,0.684484,0.040202,0.677799,0.289578,-0.063773,-1.527542,-13.748415,-0.424131,0.030281,-0.876328,0.226373,-0.254180,0.088621,-0.301924,0.198032,-0.042030,-0.496293
15.800000,15.800000,sine,-0.161801,0.000000,-0.187510,-0.003346,0.693108,0.040383,0.679119,0.290687,-0.065016,-1.527595,-13.756386,-0.424184,0.026041,-0.877415,0.222559,-0.255144,0.083469,-0.302425,0.207223,-0.041731,-0.497672
15.820000,15.820000,sine,-0.146080,0.000000,-0.172022,-0.003353,0.701071,0.040506,0.680339,0.291775,-0.066279,-1.527621,-13.764354,-0.424197,0.021713,-0.878481,0.218761,-0.256009,0.078253,-0.302910,0.216078,-0.041032,-0.498774
15.840000,15.840000,sine,-0.130214,0.000000,-0.156370,-0.003359,0.708362,0.040574,0.681440,0.292828,-0.067562,-1.527623,-13.772320,-0.424168,0.017305,-0.879526,0.214981,-0.256771,0.072978,-0.303379,0.224593,-0.039942,-0.499595
15.860000,15.860000,sine,-0.114220,0.000000,-0.140570,-0.003364,0.714970,0.040592,0.682396,0.293828,-0.068864,-1.527601,-13.780280,-0.424093,0.012820,-0.880549,0.211219,-0.257430,0.067646,-0.303831,0.232765,-0.038470,-0.500130
15.880000,15.880000,sine,-0.098113,0.000000,-0.124636,-0.003367,0.720890,0.040564,0.683189,0.294762,-0.070186,-1.527556,-13.788235,-0.423970,0.008264,-0.881552,0.207478,-0.257985,0.062263,-0.304264,0.240596,-0.036628,-0.500374
15.900000,15.900000,sine,-0.081909,0.000000,-0.108585,-0.003369,0.726113,0.040493,0.683799,0.295616,-0.071529,-1.527489,-13.796185,-0.423796,0.003643,-0.882534,0.203759,-0.258435,0.056832,-0.304678,0.248084,-0.034429,-0.500320
15.920000,15.920000,sine,-0.065624,0.000000,-0.092432,-0.003369,0.730631,0.040381,0.684208,0.296378,-0.072891,-1.527399,-13.804126,-0.423570,-0.001039,-0.883494,0.200063,-0.258779,0.051356,-0.305073,0.255233,-0.031884,-0.499961
15.940000,15.940000,sine,-0.049275,0.000000,-0.076192,-0.003368,0.734439,0.040233,0.684395,0.297035,-0.074274,-1.527289,-13.812063,-0.423288,-0.005775,-0.884434,0.196393,-0.259018,0.045840,-0.305449,0.262045,-0.029009,-0.499290
15.960000,15.960000,sine,-0.032877,0.000000,-0.059881,-0.003366,0.737532,0.040049,0.684347,0.297575,-0.075677,-1.527158,-13.819987,-0.422949,-0.010562,-0.885353,0.192749,-0.259151,0.040287,-0.305803,0.268525,-0.025817,-0.498297
15.980000,15.980000,sine,-0.016447,0.000000,-0.043516,-0.003362,0.739904,0.039832,0.684046,0.297992,-0.077101,-1.527006,-13.827903,-0.422551,-0.015393,-0.886251,0.189135,-0.259180,0.034702,-0.306138,0.274677,-0.022324,-0.496975
16.000000,16.000000,sine,-0.000000,0.000000,-0.027113,-0.003357,0.741553,0.039583,0.683482,0.298277,-0.078546,-1.526834,-13.835815,-0.422093,-0.020264,-0.887129,0.185553,-0.259104,0.029089,-0.306451,0.280507,-0.018544,-0.495316
16.020000,16.020000,sine,0.016447,0.000000,-0.010686,-0.003350,0.742528,0.039199,0.682640,0.298421,-0.080011,-1.526643,-13.843716,-0.421572,-0.025168,-0.887985,0.182004,-0.258925,0.023451,-0.306742,0.286023,-0.014495,-0.493309
16.040000,16.040000,sine,0.032877,0.000000,0.005747,-0.003342,0.742798,0.038738,0.681519,0.298423,-0.081497,-1.526433,-13.851608,-0.420987,-0.030102,-0.888822,0.178492,-0.258644,0.017790,-0.307013,0.291234,-0.010193,-0.490947
16.060000,16.060000,sine,0.049275,0.000000,0.022170,-0.003332,0.742324,0.038277,0.680106,0.298274,-0.083004,-1.526203,-13.859495,-0.420338,-0.035061,-0.889638,0.175019,-0.258263,0.012112,-0.307261,0.296141,-0.005653,-0.488222
16.080000,16.080000,sine,0.065624,0.000000,0.038568,-0.003321,0.741106,0.037817,0.678391,0.297971,-0.084531,-1.525955,-13.867372,-0.419622,-0.040039,-0.890433,0.171587,-0.257783,0.006420,-0.307489,0.300755,-0.000894,-0.485125
16.100000,16.100000,sine,0.081909,0.000000,0.054924,-0.003308,0.739145,0.037357,0.676367,0.297509,-0.086079,-1.525686,-13.875239,-0.418840,-0.045032,-0.891209,0.168201,-0.257208,0.000716,-0.307694,0.305082,0.004068,-0.481649
16.120000,16.120000,sine,0.098113,0.000000,0.071223,-0.003293,0.736441,0.036897,0.674029,0.296889,-0.087648,-1.525400,-13.883102,-0.417990,-0.050035,-0.891965,0.164862,-0.256537,-0.004994,-0.307878,0.309131,0.009211,-0.477786
16.140000,16.140000,sine,0.114220,0.000000,0.087447,-0.003277,0.732988,0.036437,0.671397,0.296112,-0.089238,-1.525093,-13.890955,-0.417073,-0.055043,-0.892700,0.161575,-0.255775,-0.010703,-0.308041,0.312908,0.014513,-0.473532
16.160000,16.160000,sine,0.130214,0.000000,0.103582,-0.003259,0.728785,0.035980,0.668498,0.295187,-0.090847,-1.524768,-13.898796,-0.416087,-0.060052,-0.893416,0.158342,-0.254925,-0.016399,-0.308183,0.316417,0.019952,-0.468894
16.180000,16.180000,sine,0.146080,0.000000,0.119610,-0.003240,0.723836,0.035526,0.665353,0.294124,-0.092477,-1.524424,-13.906630,-0.415034,-0.065058,-0.894113,0.155166,-0.253990,-0.022073,-0.308304,0.319667,0.025505,-0.463877
16.200000,16.200000,sine,0.161801,0.000000,0.135517,-0.003219,0.718146,0.035077,0.661972,0.292924,-0.094127,-1.524061,-13.914459,-0.413913,-0.070056,-0.894790,0.152051,-0.252974,-0.027716,-0.308406,0.322663,0.031148,-0.458489
16.220000,16.220000,sine,0.177363,0.000000,0.151285,-0.003196,0.711721,0.034635,0.658368,0.291594,-0.095797,-1.523680,-13.922277,-0.412726,-0.075043,-0.895447,0.149000,-0.251880,-0.033319,-0.308487,0.325404,0.036857,-0.452738
16.240000,16.240000,sine,0.192750,0.000000,0.166901,-0.003173,0.704569,0.034202,0.654558,0.290138,-0.097486,-1.523281,-13.930088,-0.411472,-0.080014,-0.896085,0.146014,-0.250713,-0.038873,-0.308549,0.327894,0.042608,-0.446634
16.260000,16.260000,sine,0.207947,0.000000,0.182347,-0.003148,0.696720,0.033729,0.650543,0.288558,-0.099193,-1.522865,-13.937892,-0.410153,-0.084965,-0.896704,0.143099,-0.249477,-0.044369,-0.308592,0.330134,0.048378,-0.440181
16.280000,16.280000,sine,0.222938,0.000000,0.197609,-0.003122,0.688252,0.033082,0.646349,0.286862,-0.100918,-1.522431,-13.945692,-0.408770,-0.089894,-0.897304,0.140256,-0.248178,-0.049801,-0.308617,0.332127,0.054143,-0.433387
16.300000,16.300000,sine,0.237709,0.000000,0.212671,-0.003095,0.679096,0.032413,0.641992,0.285057,-0.102662,-1.521981,-13.953479,-0.407325,-0.094795,-0.897885,0.137489,-0.246819,-0.055161,-0.308624,0.333866,0.059879,-0.426258
16.320000,16.320000,sine,0.252246,0.000000,0.227519,-0.003067,0.669262,0.031723,0.637476,0.283147,-0.104422,-1.521515,-13.961264,-0.405820,-0.099667,-0.898446,0.134799,-0.245407,-0.060442,-0.308613,0.335354,0.065561,-0.418797
16.340000,16.340000,sine,0.266534,0.000000,0.242138,-0.003038,0.658760,0.031012,0.632817,0.281134,-0.106198,-1.521035,-13.969045,-0.404257,-0.104503,-0.898989,0.132190,-0.243945,-0.065638,-0.308586,0.336586,0.071166,-0.411011
16.360000,16.360000,sine,0.280559,0.000000,0.256514,-0.003008,0.647601,0.030280,0.628020,0.279026,-0.107990,-1.520540,-13.976819,-0.402638,-0.109302,-0.899513,0.129664,-0.242441,-0.070742,-0.308542,0.337559,0.076672,-0.402903
16.380000,16.380000,sine,0.294307,0.000000,0.270631,-0.002977,0.635795,0.029527,0.623105,0.276826,-0.109797,-1.520031,-13.984590,-0.400965,-0.114061,-0.900017,0.127223,-0.240898,-0.075751,-0.308482,0.338272,0.082056,-0.394474
16.400000,16.400000,sine,0.307764,0.000000,0.284476,-0.002946,0.623355,0.028753,0.618085,0.274544,-0.111617,-1.519511,-13.992354,-0.399242,-0.118774,-0.900503,0.124871,-0.239322,-0.080658,-0.308406,0.338719,0.087296,-0.385728
16.420000,16.420000,sine,0.320918,0.000000,0.298036,-0.002914,0.610294,0.027959,0.612976,0.272184,-0.113451,-1.518978,-14.000116,-0.397472,-0.123438,-0.900969,0.122610,-0.237720,-0.085458,-0.308316,0.338900,0.092370,-0.376665
16.440000,16.440000,sine,0.333755,0.000000,0.311297,-0.002881,0.596622,0.027146,0.607779,0.269753,-0.115298,-1.518436,-14.007882,-0.395657,-0.128051,-0.901417,0.120441,-0.236095,-0.090148,-0.308211,0.338809,0.097260,-0.367283
16.460000,16.460000,sine,0.346263,0.000000,0.324245,-0.002847,0.582359,0.026313,0.602520,0.267254,-0.117155,-1.517884,-14.015643,-0.393802,-0.132609,-0.901845,0.118367,-0.234455,-0.094724,-0.308091,0.338444,0.101944,-0.357582
16.480000,16.480000,sine,0.358429,0.000000,0.336868,-0.002813,0.567524,0.025464,0.597162,0.264682,-0.119023,-1.517324,-14.023399,-0.391909,-0.137109,-0.902254,0.116391,-0.232805,-0.099181,-0.307959,0.337797,0.106404,-0.347547
16.500000,16.500000,sine,0.370241,0.000000,0.349154,-0.002778,0.552132,0.024599,0.591703,0.262034,-0.120901,-1.516756,-14.031150,-0.389983,-0.141546,-0.902643,0.114514,-0.231149,-0.103518,-0.307813,0.336864,0.110621,-0.337159
16.520000,16.520000,sine,0.381688,0.000000,0.361090,-0.002743,0.536195,0.023713,0.586143,0.259314,-0.122787,-1.516182,-14.038909,-0.388029,-0.145918,-0.903013,0.112739,-0.229495,-0.107728,-0.307655,0.335634,0.114577,-0.326398
16.540000,16.540000,sine,0.392758,0.000000,0.372665,-0.002707,0.519729,0.022806,0.580507,0.256531,-0.124680,-1.515603,-14.046668,-0.386048,-0.150221,-0.903363,0.111069,-0.227848,-0.111812,-0.307485,0.334105,0.118255,-0.315240
16.560000,16.560000,sine,0.403441,0.000000,0.383868,-0.002670,0.502744,0.021873,0.574809,0.253695,-0.126580,-1.515020,-14.054423,-0.384048,-0.154450,-0.903693,0.109506,-0.226213,-0.115763,-0.307305,0.332268,0.121640,-0.303667
16.580000,16.580000,sine,0.413725,0.000000,0.394686,-0.002632,0.485257,0.020913,0.569087,0.250825,-0.128486,-1.514435,-14.062180,-0.382033,-0.158602,-0.904002,0.108053,-0.224598,-0.119579,-0.307113,0.330121,0.124718,-0.291659
16.600000,16.600000,sine,0.423601,0.000000,0.405109,-0.002594,0.467284,0.019923,0.563361,0.247929,-0.130396,-1.513847,-14.069942,-0.380006,-0.162674,-0.904292,0.106714,-0.223007,-0.123257,-0.306913,0.327659,0.127477,-0.279198
16.620000,16.620000,sine,0.433059,0.000000,0.415127,-0.002555,0.448838,0.018900,0.557662,0.245026,-0.132309,-1.513260,-14.077702,-0.377975,-0.166660,-0.904561,0.105490,-0.221448,-0.126795,-0.306705,0.324882,0.129904,-0.266270
16.640000,16.640000,sine,0.442090,0.000000,0.424729,-0.002516,0.429938,0.017840,0.552043,0.242137,-0.134225,-1.512674,-14.085467,-0.375943,-0.170557,-0.904810,0.104385,-0.219927,-0.130189,-0.306489,0.321789,0.131991,-0.252858
16.660000,16.660000,sine,0.450685,0.000000,0.433906,-0.002476,0.410604,0.016742,0.546545,0.239284,-0.136141,-1.512089,-14.093232,-0.373916,-0.174360,-0.905037,0.103403,-0.218449,-0.133436,-0.306267,0.318383,0.133731,-0.238952
16.680000,16.680000,sine,0.458834,0.000000,0.442647,-0.002436,0.390853,0.015603,0.541201,0.236486,-0.138058,-1.511508,-14.101002,-0.371899,-0.178068,-0.905244,0.102546,-0.217020,-0.136536,-0.306040,0.314667,0.135118,-0.224543
16.700000,16.700000,sine,0.466531,0.000000,0.450945,-0.002396,0.370703,0.014420,0.536065,0.233762,-0.139974,-1.510931,-14.108776,-0.369899,-0.181673,-0.905430,0.101817,-0.215648,-0.139483,-0.305810,0.310645,0.136147,-0.209619
16.720000,16.720000,sine,0.473767,0.000000,0.458790,-0.002356,0.350175,0.013189,0.531196,0.231141,-0.141888,-1.510360,-14.116549,-0.367920,-0.185174,-0.905594,0.101221,-0.214337,-0.142278,-0.305577,0.306326,0.136818,-0.194176
16.740000,16.740000,sine,0.480536,0.000000,0.466174,-0.002317,0.329288,0.011909,0.526631,0.228644,-0.143799,-1.509796,-14.124331,-0.365968,-0.188566,-0.905736,0.100759,-0.213094,-0.144917,-0.305344,0.301717,0.137130,-0.178209
16.760000,16.760000,sine,0.486831,0.000000,0.473090,-0.002277,0.308063,0.010576,0.522432,0.226298,-0.145706,-1.509240,-14.132111,-0.364049,-0.191846,-0.905856,0.100437,-0.211925,-0.147399,-0.305111,0.296828,0.137086,-0.161714
16.780000,16.780000,sine,0.492645,0.000000,0.479529,-0.002238,0.286525,0.009191,0.518658,0.224128,-0.147608,-1.508693,-14.139898,-0.362167,-0.195010,-0.905955,0.100256,-0.210835,-0.149721,-0.304881,0.291670,0.136689,-0.144694
16.800000,16.800000,sine,0.497973,0.000000,0.485485,-0.002200,0.264694,0.007749,0.515355,0.222159,-0.149503,-1.508156,-14.147691,-0.360331,-0.198053,-0.906031,0.100222,-0.209830,-0.151881,-0.304653,0.286259,0.135946,-0.127148
16.820000,16.820000,sine,0.502810,0.000000,0.490952,-0.002162,0.242589,0.006253,0.512566,0.220413,-0.151392,-1.507630,-14.155488,-0.358543,-0.200974,-0.906085,0.100336,-0.208914,-0.153879,-0.304431,0.280609,0.134866,-0.109076
16.840000,16.840000,sine,0.507150,0.000000,0.495924,-0.002126,0.220237,0.004698,0.510360,0.218918,-0.153272,-1.507116,-14.163292,-0.356809,-0.203769,-0.906115,0.100602,-0.208094,-0.155713,-0.304216,0.274734,0.133456,-0.090486
16.860000,16.860000,sine,0.510990,0.000000,0.500396,-0.002091,0.197689,0.003075,0.510007,0.215281,-0.155143,-1.506616,-14.171098,-0.355135,-0.206435,-0.906122,0.101025,-0.207372,-0.157381,-0.304009,0.268662,0.131734,-0.071398
16.880000,16.880000,sine,0.514326,0.000000,0.504361,-0.002056,0.174955,0.001381,0.510719,0.211086,-0.157004,-1.506129,-14.178912,-0.353525,-0.208968,-0.906106,0.101606,-0.206755,-0.158882,-0.303811,0.262405,0.129710,-0.051807
16.900000,16.900000,sine,0.517154,0.000000,0.507818,-0.002024,0.151855,0.000000,0.512214,0.207022,-0.158854,-1.505658,-14.186728,-0.351984,-0.211368,-0.906066,0.102351,-0.206244,-0.160215,-0.303624,0.255977,0.127394,-0.031715
16.920000,16.920000,sine,0.519471,0.000000,0.510760,-0.001992,0.127866,0.000000,0.514511,0.203093,-0.160693,-1.505203,-14.194553,-0.350518,-0.213630,-0.906000,0.103261,-0.205846,-0.161376,-0.303450,0.249380,0.124792,-0.011127
16.940000,16.940000,sine,0.521276,0.000000,0.513186,-0.001962,0.103727,0.000000,0.517637,0.199283,-0.162518,-1.504764,-14.202382,-0.349129,-0.215753,-0.905910,0.104341,-0.205561,-0.162366,-0.303289,0.242660,0.121936,0.009941
16.960000,16.960000,sine,0.522567,0.000000,0.515093,-0.001934,0.079518,0.000000,0.521519,0.195626,-0.164331,-1.504343,-14.210216,-0.347822,-0.217735,-0.905793,0.105594,-0.205394,-0.163184,-0.303142,0.235834,0.118840,0.031412
16.980000,16.980000,sine,0.523342,0.000000,0.516481,-0.001906,0.055385,0.000000,0.525563,0.192103,-0.166129,-1.503940,-14.218060,-0.346601,-0.219575,-0.905649,0.107022,-0.205345,-0.163828,-0.303011,0.228897,0.115512,0.053100
17.000000,17.000000,sine,0.523600,0.000000,0.517352,-0.001879,0.031356,0.000000,0.529458,0.188629,-0.167913,-1.503557,-14.225908,-0.345469,-0.221272,-0.905478,0.108624,-0.205418,-0.164296,-0.302896,0.221828,0.111946,0.074904
17.020000,17.020000,sine,0.523342,0.000000,0.517708,-0.001854,0.007871,0.000000,0.533045,0.185130,-0.169681,-1.503193,-14.233758,-0.344428,-0.222825,-0.905279,0.110401,-0.205612,-0.164590,-0.302798,0.214667,0.108178,0.096416
17.040000,17.040000,sine,0.522567,0.000000,0.517671,-0.001842,-0.005073,-0.000000,0.498622,0.183771,-0.171433,-1.502848,-14.241618,-0.343467,-0.224254,-0.905055,0.112319,-0.205881,-0.164801,-0.302717,0.208812,0.105094,0.110301
17.060000,17.060000,sine,0.521276,0.000000,0.517190,-0.001774,-0.028118,-0.000000,0.474404,0.176955,-0.173169,-1.502524,-14.249482,-0.342592,-0.225553,-0.904806,0.114380,-0.206270,-0.164798,-0.302653,0.201297,0.100892,0.131668
17.080000,17.080000,sine,0.519471,0.000000,0.516158,-0.001702,-0.055276,-0.000000,0.468443,0.168787,-0.174888,-1.502221,-14.257355,-0.341822,-0.226697,-0.904525,0.116624,-0.206800,-0.164574,-0.302607,0.192998,0.096085,0.155915
17.100000,17.100000,sine,0.517154,0.000000,0.514548,-0.001645,-0.082715,-0.000000,0.471803,0.161904,-0.176587,-1.501943,-14.265231,-0.341165,-0.227680,-0.904209,0.119058,-0.207470,-0.164137,-0.302580,0.184446,0.090999,0.180130
17.120000,17.120000,sine,0.514326,0.000000,0.512374,-0.001603,-0.108940,-0.000000,0.478065,0.156664,-0.178265,-1.501689,-14.273122,-0.340619,-0.228502,-0.903859,0.121675,-0.208271,-0.163500,-0.302574,0.175830,0.085765,0.203160
17.140000,17.140000,sine,0.510990,0.000000,0.509659,-0.001572,-0.133799,-0.000000,0.484002,0.152557,-0.179923,-1.501461,-14.281011,-0.340185,-0.229168,-0.903474,0.124462,-0.209193,-0.162669,-0.302588,0.167154,0.080403,0.224858
17.160000,17.160000,sine,0.507150,0.000000,0.506425,-0.001544,-0.157162,-0.001012,0.488545,0.148978,-0.181559,-1.501258,-14.288909,-0.339861,-0.229683,-0.903055,0.127407,-0.210227,-0.161650,-0.302621,0.158365,0.074900,0.245477
17.180000,17.180000,sine,0.502810,0.000000,0.502685,-0.001517,-0.179616,-0.002711,0.491926,0.145554,-0.183172,-1.501081,-14.296815,-0.339646,-0.230046,-0.902601,0.130500,-0.211365,-0.160444,-0.302674,0.149391,0.069229,0.265295
17.200000,17.200000,sine,0.497973,0.000000,0.498447,-0.001491,-0.201827,-0.004341,0.494675,0.142225,-0.184763,-1.500932,-14.304730,-0.339542,-0.230260,-0.902112,0.133735,-0.212604,-0.159048,-0.302745,0.140170,0.063375,0.284487
17.220000,17.220000,sine,0.492645,0.000000,0.493715,-0.001467,-0.223938,-0.005889,0.497274,0.139204,-0.186330,-1.500811,-14.312650,-0.339548,-0.230323,-0.901588,0.137104,-0.213936,-0.157462,-0.302835,0.130676,0.057340,0.303115
17.240000,17.240000,sine,0.486831,0.000000,0.488492,-0.001446,-0.245922,-0.007379,0.499802,0.136800,-0.187873,-1.500719,-14.320574,-0.339665,-0.230237,-0.901027,0.140600,-0.215355,-0.155686,-0.302941,0.120904,0.051143,0.321145
17.260000,17.260000,sine,0.480536,0.000000,0.482781,-0.001427,-0.267730,-0.008848,0.501222,0.136920,-0.189390,-1.500656,-14.328506,-0.339894,-0.230000,-0.900430,0.144216,-0.216854,-0.153720,-0.303065,0.110849,0.044803,0.338529
17.280000,17.280000,sine,0.473767,0.000000,0.476588,-0.001409,-0.289314,-0.010294,0.502875,0.137191,-0.190883,-1.500623,-14.336445,-0.340234,-0.229612,-0.899795,0.147945,-0.218426,-0.151566,-0.303203,0.100514,0.038347,0.355217
17.300000,17.300000,sine,0.466531,0.000000,0.469918,-0.001393,-0.310629,-0.011729,0.504726,0.137605,-0.192349,-1.500621,-14.344390,-0.340684,-0.229074,-0.899123,0.151778,-0.220062,-0.149224,-0.303355,0.089900,0.031799,0.371169
17.320000,17.320000,sine,0.458834,0.000000,0.462778,-0.001377,-0.331633,-0.013173,0.506737,0.138149,-0.193789,-1.500649,-14.352339,-0.341245,-0.228387,-0.898413,0.155708,-0.221754,-0.146698,-0.303520,0.079003,0.025186,0.386353
17.340000,17.340000,sine,0.450685,0.000000,0.455173,-0.001362,-0.352311,-0.014633,0.508911,0.138834,-0.195202,-1.500710,-14.360291,-0.341914,-0.227550,-0.897666,0.159724,-0.223492,-0.143988,-0.303697,0.067820,0.018534,0.400760
17.360000,17.360000,sine,0.442090,0.000000,0.447112,-0.001347,-0.372623,-0.016136,0.511203,0.139642,-0.196589,-1.500803,-14.368253,-0.342691,-0.226563,-0.896881,0.163819,-0.225267,-0.141096,-0.303882,0.056345,0.011869,0.414372
17.380000,17.380000,sine,0.433059,0.000000,0.438603,-0.001332,-0.392580,-0.017656,0.513723,0.140619,-0.197948,-1.500929,-14.376220,-0.343573,-0.225427,-0.896059,0.167983,-0.227071,-0.138026,-0.304076,0.044571,0.005218,0.427187
17.400000,17.400000,sine,0.423601,0.000000,0.429654,-0.001319,-0.412162,-0.019189,0.516510,0.141777,-0.199279,-1.501089,-14.384192,-0.344559,-0.224142,-0.895200,0.172208,-0.228894,-0.134780,-0.304276,0.032492,-0.001390,0.439196
17.420000,17.420000,sine,0.413725,0.000000,0.420272,-0.001307,-0.431339,-0.020734,0.519565,0.143119,-0.200583,-1.501282,-14.392171,-0.345647,-0.222709,-0.894305,0.176485,-0.230727,-0.131360,-0.304480,0.020105,-0.007919,0.450387
17.440000,17.440000,sine,0.403441,0.000000,0.410468,-0.001296,-0.450097,-0.022280,0.522934,0.144656,-0.201860,-1.501510,-14.400151,-0.346834,-0.221126,-0.893375,0.180806,-0.232561,-0.127770,-0.304685,0.007411,-0.014331,0.460756
17.460000,17.460000,sine,0.392758,0.000000,0.400250,-0.001287,-0.468412,-0.023813,0.526620,0.146381,-0.203109,-1.501773,-14.408139,-0.348118,-0.219394,-0.892410,0.185160,-0.234387,-0.124011,-0.304891,-0.005583,-0.020582,0.470302
17.480000,17.480000,sine,0.381688,0.000000,0.389629,-0.001279,-0.486246,-0.025325,0.530580,0.148265,-0.204331,-1.502071,-14.416127,-0.349495,-0.217514,-0.891412,0.189541,-0.236196,-0.120089,-0.305095,-0.018819,-0.026621,0.479039
17.500000,17.500000,sine,0.370241,0.000000,0.378615,-0.001273,-0.503569,-0.026810,0.534744,0.150272,-0.205525,-1.502404,-14.424119,-0.350961,-0.215486,-0.890381,0.193941,-0.237979,-0.116005,-0.305295,-0.032222,-0.032395,0.486998
17.520000,17.520000,sine,0.358429,0.000000,0.367220,-0.001268,-0.520372,-0.028252,0.539052,0.152345,-0.206693,-1.502773,-14.432112,-0.352513,-0.213310,-0.889320,0.198351,-0.239727,-0.111765,-0.305491,-0.045719,-0.037854,0.494222
17.540000,17.540000,sine,0.346263,0.000000,0.355456,-0.001265,-0.536651,-0.029634,0.543495,0.154431,-0.207834,-1.503178,-14.440106,-0.354146,-0.210990,-0.888229,0.202765,-0.241431,-0.107372,-0.305680,-0.059240,-0.042954,0.500757
17.560000,17.560000,sine,0.333755,0.000000,0.343335,-0.001262,-0.552410,-0.030916,0.548107,0.156396,-0.208949,-1.503619,-14.448106,-0.355855,-0.208526,-0.887109,0.207177,-0.243083,-0.102831,-0.305862,-0.072714,-0.047657,0.506643
17.580000,17.580000,sine,0.320918,0.000000,0.330868,-0.001261,-0.567678,-0.032017,0.552983,0.157990,-0.210038,-1.504097,-14.456105,-0.357634,-0.205921,-0.885961,0.211583,-0.244676,-0.098146,-0.306033,-0.086077,-0.051930,0.511921
17.600000,17.600000,sine,0.307764,0.000000,0.318069,-0.001261,-0.582426,-0.032958,0.558058,0.159239,-0.211103,-1.504611,-14.464100,-0.359478,-0.203177,-0.884787,0.215977,-0.246202,-0.093323,-0.306194,-0.099271,-0.055743,0.516622
17.620000,17.620000,sine,0.294307,0.000000,0.304951,-0.001261,-0.596617,-0.033796,0.563220,0.160305,-0.212143,-1.505162,-14.472102,-0.361381,-0.200298,-0.883588,0.220356,-0.247653,-0.088366,-0.306340,-0.112237,-0.059074,0.520783
17.640000,17.640000,sine,0.280559,0.000000,0.291525,-0.001262,-0.610232,-0.034547,0.568439,0.161240,-0.213160,-1.505749,-14.480096,-0.363336,-0.197287,-0.882364,0.224716,-0.249024,-0.083280,-0.306473,-0.124930,-0.061906,0.524436
17.660000,17.660000,sine,0.266534,0.000000,0.277807,-0.001263,-0.623261,-0.035215,0.573689,0.162052,-0.214154,-1.506373,-14.488089,-0.365338,-0.194148,-0.881118,0.229055,-0.250308,-0.078071,-0.306589,-0.137305,-0.064226,0.527607
17.680000,17.680000,sine,0.252246,0.000000,0.263809,-0.001265,-0.635692,-0.035801,0.578964,0.162756,-0.215126,-1.507034,-14.496080,-0.367381,-0.190884,-0.879849,0.233368,-0.251499,-0.072745,-0.306688,-0.149325,-0.066028,0.530317
17.700000,17.700000,sine,0.237709,0.000000,0.249546,-0.001268,-0.647511,-0.036307,0.584234,0.163350,-0.216077,-1.507731,-14.504065,-0.369457,-0.187500,-0.878559,0.237654,-0.252593,-0.067306,-0.306768,-0.160961,-0.067307,0.532586
17.720000,17.720000,sine,0.222938,0.000000,0.235031,-0.001272,-0.658706,-0.036737,0.589509,0.163843,-0.217007,-1.508465,-14.512052,-0.371560,-0.183999,-0.877249,0.241911,-0.253584,-0.061761,-0.306828,-0.172187,-0.068065,0.534429
17.740000,17.740000,sine,0.207947,0.000000,0.220279,-0.001276,-0.669266,-0.037094,0.594768,0.164250,-0.217917,-1.509236,-14.520029,-0.373684,-0.180385,-0.875921,0.246136,-0.254468,-0.056115,-0.306867,-0.182985,-0.068308,0.535858
17.760000,17.760000,sine,0.192750,0.000000,0.205305,-0.001281,-0.679178,-0.037383,0.600000,0.164576,-0.218807,-1.510044,-14.528003,-0.375823,-0.176665,-0.874576,0.250328,-0.255242,-0.050375,-0.306884,-0.193339,-0.068041,0.536883
17.780000,17.780000,sine,0.177363,0.000000,0.190122,-0.001286,-0.688431,-0.037608,0.605197,0.164833,-0.219679,-1.510888,-14.535975,-0.377969,-0.172841,-0.873214,0.254485,-0.255902,-0.044545,-0.306878,-0.203241,-0.067277,0.537513
17.800000,17.800000,sine,0.161801,0.000000,0.174747,-0.001292,-0.697016,-0.037774,0.610343,0.165034,-0.220533,-1.511770,-14.543940,-0.380118,-0.168919,-0.871837,0.258605,-0.256446,-0.038631,-0.306848,-0.212686,-0.066026,0.537756
17.820000,17.820000,sine,0.146080,0.000000,0.159194,-0.001298,-0.704924,-0.037885,0.615444,0.165195,-0.221369,-1.512689,-14.551890,-0.382262,-0.164902,-0.870447,0.262687,-0.256871,-0.032640,-0.306794,-0.221674,-0.064306,0.537616
17.840000,17.840000,sine,0.130214,0.000000,0.143479,-0.001304,-0.712146,-0.037944,0.620491,0.165322,-0.222188,-1.513645,-14.559839,-0.384396,-0.160797,-0.869046,0.266728,-0.257176,-0.026577,-0.306716,-0.230208,-0.062132,0.537096
17.860000,17.860000,sine,0.114220,0.000000,0.127617,-0.001312,-0.718672,-0.037954,0.625483,0.165435,-0.222990,-1.514638,-14.567782,-0.386514,-0.156606,-0.867634,0.270728,-0.257359,-0.020447,-0.306613,-0.238294,-0.059522,0.536198
17.880000,17.880000,sine,0.098113,0.000000,0.111624,-0.001319,-0.724497,-0.037918,0.630403,0.165539,-0.223775,-1.515669,-14.575713,-0.388611,-0.152336,-0.866212,0.274684,-0.257421,-0.014256,-0.306485,-0.245941,-0.056495,0.534923
17.900000,17.900000,sine,0.081909,0.000000,0.095515,-0.001328,-0.729613,-0.037839,0.635258,0.165650,-0.224545,-1.516738,-14.583643,-0.390682,-0.147990,-0.864784,0.278595,-0.257360,-0.008010,-0.306332,-0.253160,-0.053071,0.533272
17.920000,17.920000,sine,0.065624,0.000000,0.079307,-0.001337,-0.734014,-0.037720,0.640044,0.165773,-0.225298,-1.517844,-14.591565,-0.392721,-0.143573,-0.863351,0.282458,-0.257177,-0.001712,-0.306154,-0.259964,-0.049270,0.531243
17.940000,17.940000,sine,0.049275,0.000000,0.063015,-0.001346,-0.737694,-0.037561,0.644753,0.165919,-0.226036,-1.518988,-14.599473,-0.394724,-0.139088,-0.861914,0.286273,-0.256873,0.004631,-0.305951,-0.266368,-0.045112,0.528835
17.960000,17.960000,sine,0.032877,0.000000,0.046655,-0.001356,-0.740642,-0.037363,0.649360,0.166089,-0.226758,-1.520171,-14.607375,-0.396687,-0.134541,-0.860475,0.290036,-0.256449,0.011009,-0.305723,-0.272387,-0.040617,0.526052
17.980000,17.980000,sine,0.016447,0.000000,0.030244,-0.001367,-0.742850,-0.037126,0.653828,0.166278,-0.227463,-1.521392,-14.615270,-0.398605,-0.129936,-0.859036,0.293746,-0.255906,0.017408,-0.305471,-0.278036,-0.035806,0.522905
18.000000,18.000000,sine,0.000000,0.000000,0.013798,-0.001378,-0.744316,-0.036852,0.658131,0.166488,-0.228154,-1.522651,-14.623148,-0.400475,-0.125277,-0.857600,0.297402,-0.255246,0.023814,-0.305194,-0.283331,-0.030700,0.519405
18.020000,18.020000,sine,-0.016447,0.000000,-0.002667,-0.001390,-0.745038,-0.036544,0.662249,0.166717,-0.228829,-1.523949,-14.631021,-0.402292,-0.120568,-0.856168,0.301000,-0.254474,0.030216,-0.304895,-0.288288,-0.025319,0.515570
18.040000,18.040000,sine,-0.032877,0.000000,-0.019133,-0.001402,-0.745019,-0.036203,0.666167,0.166970,-0.229489,-1.525284,-14.638885,-0.404054,-0.115812,-0.854742,0.304539,-0.253590,0.036601,-0.304572,-0.292918,-0.019685,0.511412
18.060000,18.060000,sine,-0.049275,0.000000,-0.035586,-0.001414,-0.744258,-0.035833,0.669871,0.167249,-0.230134,-1.526657,-14.646740,-0.405757,-0.111014,-0.853324,0.308017,-0.252600,0.042956,-0.304229,-0.297236,-0.013819,0.506945
18.080000,18.080000,sine,-0.065624,0.000000,-0.052007,-0.001426,-0.742756,-0.035434,0.673354,0.167557,-0.230764,-1.528067,-14.654587,-0.407399,-0.106176,-0.851917,0.311433,-0.251508,0.049272,-0.303864,-0.301250,-0.007742,0.502182
18.100000,18.100000,sine,-0.081909,0.000000,-0.068382,-0.001439,-0.740521,-0.035006,0.676620,0.167900,-0.231380,-1.529514,-14.662422,-0.408978,-0.101304,-0.850521,0.314784,-0.250317,0.055538,-0.303479,-0.304972,-0.001476,0.497133
18.120000,18.120000,sine,-0.098113,0.000000,-0.084695,-0.001453,-0.737553,-0.034552,0.679660,0.168284,-0.231982,-1.530996,-14.670249,-0.410490,-0.096399,-0.849139,0.318069,-0.249032,0.061743,-0.303076,-0.308407,0.004957,0.491806
18.140000,18.140000,sine,-0.114220,0.000000,-0.100928,-0.001466,-0.733856,-0.034075,0.682482,0.168716,-0.232571,-1.532513,-14.678068,-0.411934,-0.091466,-0.847773,0.321286,-0.247659,0.067879,-0.302655,-0.311562,0.011530,0.486205
18.160000,18.160000,sine,-0.130214,0.000000,-0.117066,-0.001481,-0.729437,-0.033574,0.685094,0.169205,-0.233147,-1.534064,-14.685878,-0.413310,-0.086507,-0.846424,0.324435,-0.246201,0.073937,-0.302218,-0.314438,0.018214,0.480335
18.180000,18.180000,sine,-0.146080,0.000000,-0.133093,-0.001495,-0.724302,-0.033050,0.687506,0.169756,-0.233710,-1.535647,-14.693683,-0.414614,-0.081528,-0.845094,0.327512,-0.244664,0.079908,-0.301766,-0.317037,0.024978,0.474198
18.200000,18.200000,sine,-0.161801,0.000000,-0.148994,-0.001511,-0.718452,-0.032504,0.689723,0.170379,-0.234261,-1.537262,-14.701483,-0.415846,-0.076531,-0.843786,0.330516,-0.243053,0.085784,-0.301301,-0.319359,0.031792,0.467789
18.220000,18.220000,sine,-0.177363,0.000000,-0.164752,-0.001526,-0.711894,-0.031940,0.691747,0.171075,-0.234801,-1.538908,-14.709275,-0.417005,-0.071519,-0.842499,0.333446,-0.241375,0.091560,-0.300825,-0.321401,0.038627,0.461108
18.240000,18.240000,sine,-0.192750,0.000000,-0.180354,-0.001543,-0.704629,-0.031367,0.693587,0.171850,-0.235331,-1.540583,-14.717062,-0.418091,-0.066498,-0.841237,0.336300,-0.239635,0.097227,-0.300338,-0.323160,0.045451,0.454151
18.260000,18.260000,sine,-0.207947,0.000000,-0.195782,-0.001559,-0.696672,-0.030778,0.695268,0.172713,-0.235850,-1.542286,-14.724844,-0.419104,-0.061471,-0.840000,0.339077,-0.237839,0.102779,-0.299842,-0.324636,0.052236,0.446914
18.280000,18.280000,sine,-0.222938,0.000000,-0.211023,-0.001577,-0.688034,-0.030168,0.696807,0.173669,-0.236360,-1.544015,-14.732628,-0.420043,-0.056442,-0.838790,0.341774,-0.235992,0.108212,-0.299338,-0.325822,0.058952,0.439392
18.300000,18.300000,sine,-0.237709,0.000000,-0.226060,-0.001595,-0.678720,-0.029539,0.698206,0.174725,-0.236862,-1.545770,-14.740400,-0.420910,-0.051415,-0.837608,0.344390,-0.234102,0.113520,-0.298827,-0.326714,0.065572,0.431572
18.320000,18.320000,sine,-0.252246,0.000000,-0.240881,-0.001614,-0.668735,-0.028892,0.699476,0.175874,-0.237356,-1.547547,-14.748171,-0.421704,-0.046396,-0.836456,0.346923,-0.232175,0.118698,-0.298311,-0.327308,0.072066,0.423443
18.340000,18.340000,sine,-0.266534,0.000000,-0.255469,-0.001634,-0.658089,-0.028229,0.700617,0.177121,-0.237842,-1.549347,-14.755932,-0.422426,-0.041389,-0.835334,0.349371,-0.230216,0.123741,-0.297791,-0.327600,0.078408,0.414995
18.360000,18.360000,sine,-0.280559,0.000000,-0.269811,-0.001654,-0.646794,-0.027548,0.701638,0.178462,-0.238323,-1.551166,-14.763696,-0.423077,-0.036399,-0.834245,0.351733,-0.228233,0.128646,-0.297268,-0.327583,0.084572,0.406220
18.380000,18.380000,sine,-0.294307,0.000000,-0.283892,-0.001676,-0.634862,-0.026851,0.702549,0.179896,-0.238798,-1.553004,-14.771457,-0.423660,-0.031430,-0.833189,0.354006,-0.226233,0.133409,-0.296743,-0.327254,0.090534,0.397105
18.400000,18.400000,sine,-0.307764,0.000000,-0.297699,-0.001697,-0.622293,-0.026148,0.703320,0.181408,-0.239268,-1.554858,-14.779216,-0.424174,-0.026488,-0.832168,0.356189,-0.224222,0.138027,-0.296218,-0.326610,0.096269,0.387636
18.420000,18.420000,sine,-0.320918,0.000000,-0.311219,-0.001719,-0.609105,-0.025436,0.703968,0.182997,-0.239735,-1.556727,-14.786975,-0.424622,-0.021578,-0.831183,0.358280,-0.222206,0.142496,-0.295693,-0.325647,0.101756,0.377804
18.440000,18.440000,sine,-0.333755,0.000000,-0.324437,-0.001742,-0.595315,-0.024712,0.704514,0.184662,-0.240198,-1.558609,-14.794729,-0.425006,-0.016706,-0.830236,0.360277,-0.220194,0.146815,-0.295170,-0.324364,0.106974,0.367599
18.460000,18.460000,sine,-0.346263,0.000000,-0.337341,-0.001765,-0.580938,-0.023971,0.704965,0.186398,-0.240660,-1.560501,-14.802483,-0.425327,-0.011877,-0.829327,0.362177,-0.218191,0.150981,-0.294650,-0.322760,0.111904,0.357010
18.480000,18.480000,sine,-0.358429,0.000000,-0.349918,-0.001788,-0.565990,-0.023202,0.705330,0.188195,-0.241120,-1.562404,-14.810235,-0.425589,-0.007097,-0.828458,0.363979,-0.216205,0.154991,-0.294134,-0.320834,0.116530,0.346023
18.500000,18.500000,sine,-0.370241,0.000000,-0.362156,-0.001812,-0.550475,-0.022414,0.705547,0.190023,-0.241580,-1.564313,-14.817989,-0.425792,-0.002372,-0.827631,0.365681,-0.214242,0.158844,-0.293623,-0.318587,0.120836,0.334627
18.520000,18.520000,sine,-0.381688,0.000000,-0.374042,-0.001836,-0.534394,-0.021631,0.705562,0.191850,-0.242040,-1.566228,-14.825747,-0.425941,0.002292,-0.826846,0.367280,-0.212311,0.162540,-0.293119,-0.316022,0.124808,0.322812
18.540000,18.540000,sine,-0.392758,0.000000,-0.385565,-0.001859,-0.517778,-0.020846,0.705396,0.193674,-0.242501,-1.568146,-14.833508,-0.426038,0.006890,-0.826105,0.368774,-0.210417,0.166075,-0.292622,-0.313142,0.128437,0.310580
18.560000,18.560000,sine,-0.403441,0.000000,-0.396712,-0.001882,-0.500656,-0.020040,0.705119,0.195500,-0.242964,-1.570066,-14.841264,-0.426085,0.011415,-0.825410,0.370162,-0.208568,0.169450,-0.292134,-0.309954,0.131712,0.297926
18.580000,18.580000,sine,-0.413725,0.000000,-0.407474,-0.001904,-0.483030,-0.019220,0.704655,0.197295,-0.243429,-1.571985,-14.849022,-0.426086,0.015861,-0.824761,0.371440,-0.206770,0.172665,-0.291657,-0.306462,0.134628,0.284839
18.600000,18.600000,sine,-0.423601,0.000000,-0.417839,-0.001926,-0.464926,-0.018378,0.704023,0.199048,-0.243898,-1.573903,-14.856784,-0.426044,0.020223,-0.824161,0.372607,-0.205030,0.175717,-0.291191,-0.302675,0.137178,0.271317
18.620000,18.620000,sine,-0.433059,0.000000,-0.427797,-0.001949,-0.446376,-0.017486,0.703287,0.200766,-0.244371,-1.575817,-14.864551,-0.425961,0.024496,-0.823610,0.373662,-0.203355,0.178608,-0.290738,-0.298603,0.139360,0.257360
18.640000,18.640000,sine,-0.442090,0.000000,-0.437337,-0.001973,-0.427393,-0.016538,0.702421,0.202428,-0.244848,-1.577725,-14.872320,-0.425841,0.028672,-0.823111,0.374601,-0.201750,0.181337,-0.290299,-0.294253,0.141174,0.242959
18.660000,18.660000,sine,-0.450685,0.000000,-0.446452,-0.001996,-0.407967,-0.015556,0.701324,0.203988,-0.245331,-1.579626,-14.880088,-0.425688,0.032748,-0.822663,0.375423,-0.200223,0.183904,-0.289875,-0.289635,0.142618,0.228106
18.680000,18.680000,sine,-0.458834,0.000000,-0.455130,-0.002017,-0.388123,-0.014547,0.699932,0.205405,-0.245820,-1.581517,-14.887857,-0.425504,0.036717,-0.822270,0.376125,-0.198779,0.186310,-0.289468,-0.284761,0.143695,0.212810
18.700000,18.700000,sine,-0.466531,0.000000,-0.463364,-0.002039,-0.367901,-0.013497,0.698296,0.206688,-0.246316,-1.583399,-14.895639,-0.425294,0.040572,-0.821932,0.376705,-0.197425,0.188554,-0.289079,-0.279647,0.144413,0.197083
18.720000,18.720000,sine,-0.473767,0.000000,-0.471144,-0.002061,-0.347339,-0.012378,0.696490,0.207847,-0.246818,-1.585267,-14.903419,-0.425060,0.044310,-0.821651,0.377161,-0.196165,0.190637,-0.288708,-0.274309,0.144777,0.180932
18.740000,18.740000,sine,-0.480536,0.000000,-0.478463,-0.002085,-0.326492,-0.011129,0.694671,0.208924,-0.247328,-1.587121,-14.911204,-0.424805,0.047927,-0.821428,0.377491,-0.195005,0.192562,-0.288358,-0.268764,0.144799,0.164368
18.760000,18.760000,sine,-0.486831,0.000000,-0.485315,-0.002110,-0.305334,-0.009775,0.692665,0.209857,-0.247847,-1.588960,-14.918990,-0.424534,0.051417,-0.821264,0.377693,-0.193949,0.194327,-0.288030,-0.263022,0.144484,0.147370
18.780000,18.780000,sine,-0.492645,0.000000,-0.491691,-0.002136,-0.283858,-0.008340,0.690389,0.210597,-0.248373,-1.590781,-14.926783,-0.424249,0.054776,-0.821161,0.377766,-0.193003,0.195934,-0.287723,-0.257096,0.143843,0.129938
18.800000,18.800000,sine,-0.497973,0.000000,-0.497586,-0.002161,-0.262087,-0.006835,0.687745,0.211110,-0.248909,-1.592584,-14.934582,-0.423953,0.057998,-0.821120,0.377705,-0.192171,0.197382,-0.287441,-0.251005,0.142889,0.112086
18.820000,18.820000,sine,-0.502810,0.000000,-0.502993,-0.002185,-0.240047,-0.005274,0.684722,0.211379,-0.249454,-1.594367,-14.942387,-0.423651,0.061080,-0.821142,0.377511,-0.191456,0.198674,-0.287182,-0.244769,0.141637,0.093835
18.840000,18.840000,sine,-0.507150,0.000000,-0.507906,-0.002208,-0.217795,-0.003651,0.679913,0.214126,-0.250008,-1.596128,-14.950192,-0.423344,0.064018,-0.821229,0.377179,-0.190864,0.199809,-0.286949,-0.238415,0.140107,0.075216
18.860000,18.860000,sine,-0.510990,0.000000,-0.512321,-0.002230,-0.195349,-0.001975,0.674459,0.217082,-0.250573,-1.597867,-14.958002,-0.423037,0.066809,-0.821382,0.376708,-0.190396,0.200789,-0.286741,-0.231958,0.138313,0.056242
18.880000,18.880000,sine,-0.514326,0.000000,-0.516232,-0.002250,-0.172716,-0.000244,0.668576,0.219905,-0.251148,-1.599582,-14.965816,-0.422731,0.069449,-0.821600,0.376096,-0.190055,0.201614,-0.286561,-0.225414,0.136273,0.036912
18.900000,18.900000,sine,-0.517154,0.000000,-0.519637,-0.002269,-0.149133,-0.000000,0.662207,0.222574,-0.251733,-1.601272,-14.973639,-0.422430,0.071937,-0.821887,0.375340,-0.189845,0.202284,-0.286407,-0.218779,0.133990,0.017238
18.920000,18.920000,sine,-0.519471,0.000000,-0.522530,-0.002286,-0.125269,-0.000000,0.655388,0.225107,-0.252329,-1.602935,-14.981464,-0.422136,0.074268,-0.822241,0.374439,-0.189766,0.202800,-0.286280,-0.212093,0.131496,-0.002759
18.940000,18.940000,sine,-0.521276,0.000000,-0.524911,-0.002302,-0.101285,-0.000000,0.648122,0.227477,-0.252936,-1.604571,-14.989294,-0.421852,0.076441,-0.822665,0.373391,-0.189821,0.203163,-0.286182,-0.205378,0.128811,-0.023048
18.960000,18.960000,sine,-0.522567,0.000000,-0.526777,-0.002316,-0.077325,-0.000000,0.640838,0.229703,-0.253553,-1.606180,-14.997132,-0.421580,0.078454,-0.823157,0.372193,-0.190008,0.203373,-0.286111,-0.198636,0.125945,-0.043462
18.980000,18.980000,sine,-0.523342,0.000000,-0.528129,-0.002330,-0.053455,-0.000000,0.633969,0.231877,-0.254182,-1.607758,-15.004972,-0.421322,0.080305,-0.823718,0.370846,-0.190329,0.203430,-0.286068,-0.191848,0.122895,-0.063876
19.000000,19.000000,sine,-0.523600,0.000000,-0.528969,-0.002345,-0.029658,-0.000000,0.627714,0.234104,-0.254823,-1.609307,-15.012818,-0.421080,0.081995,-0.824347,0.369351,-0.190783,0.203333,-0.286054,-0.184989,0.119656,-0.084228
19.020000,19.020000,sine,-0.523342,0.000000,-0.529297,-0.002361,-0.005904,-0.000000,0.622076,0.236456,-0.255474,-1.610825,-15.020679,-0.420856,0.083522,-0.825043,0.367708,-0.191369,0.203082,-0.286068,-0.178035,0.116223,-0.104470
19.040000,19.040000,sine,-0.522567,0.000000,-0.529163,-0.002385,0.010040,0.000000,0.637953,0.239471,-0.256137,-1.612311,-15.028537,-0.420648,0.084896,-0.825797,0.365934,-0.192029,0.202740,-0.286109,-0.172025,0.113175,-0.118850
19.060000,19.060000,sine,-0.521276,0.000000,-0.528658,-0.002415,0.028596,0.000000,0.669289,0.242565,-0.256811,-1.613767,-15.036401,-0.420457,0.086137,-0.826596,0.364053,-0.192797,0.202266,-0.286175,-0.165528,0.109775,-0.135078
19.080000,19.080000,sine,-0.519471,0.000000,-0.527640,-0.002475,0.054498,0.000000,0.681629,0.249071,-0.257497,-1.615190,-15.044276,-0.420286,0.087214,-0.827457,0.362034,-0.193724,0.201593,-0.286271,-0.157895,0.105644,-0.156476
19.100000,19.100000,sine,-0.517154,0.000000,-0.526048,-0.002529,0.082141,0.000000,0.680315,0.255565,-0.258195,-1.616577,-15.052153,-0.420141,0.088110,-0.828385,0.359856,-0.194800,0.200732,-0.286396,-0.149876,0.101178,-0.178788
19.120000,19.120000,sine,-0.514326,0.000000,-0.523882,-0.002569,0.108962,0.000000,0.673519,0.260637,-0.258906,-1.617928,-15.060038,-0.420022,0.088822,-0.829379,0.357523,-0.196011,0.199697,-0.286553,-0.141797,0.096562,-0.200070
19.140000,19.140000,sine,-0.510990,0.000000,-0.521166,-0.002597,0.134297,0.000001,0.666177,0.264455,-0.259628,-1.619240,-15.067928,-0.419929,0.089356,-0.830432,0.355045,-0.197339,0.198499,-0.286738,-0.133732,0.091858,-0.219818
19.160000,19.160000,sine,-0.507150,0.000000,-0.517925,-0.002621,0.157928,0.000887,0.660288,0.267623,-0.260364,-1.620516,-15.075825,-0.419862,0.089719,-0.831538,0.352436,-0.198773,0.197146,-0.286952,-0.125652,0.087067,-0.238197
19.180000,19.180000,sine,-0.502810,0.000000,-0.514177,-0.002643,0.180379,0.002550,0.656123,0.270626,-0.261111,-1.621753,-15.083728,-0.419821,0.089914,-0.832691,0.349704,-0.200305,0.195640,-0.287194,-0.117484,0.082167,-0.255546
19.200000,19.200000,sine,-0.497973,0.000000,-0.509933,-0.002668,0.202458,0.004130,0.653239,0.273726,-0.261872,-1.622950,-15.091636,-0.419804,0.089942,-0.833885,0.346857,-0.201928,0.193982,-0.287463,-0.109156,0.077138,-0.272129
19.220000,19.220000,sine,-0.492645,0.000000,-0.505198,-0.002694,0.224327,0.005698,0.651156,0.277025,-0.262645,-1.624109,-15.099551,-0.419813,0.089806,-0.835119,0.343901,-0.203635,0.192172,-0.287758,-0.100633,0.071978,-0.288082
19.240000,19.240000,sine,-0.486831,0.000000,-0.499978,-0.002722,0.246037,0.007285,0.649499,0.280513,-0.263432,-1.625226,-15.107471,-0.419846,0.089506,-0.836388,0.340843,-0.205418,0.190212,-0.288078,-0.091898,0.066693,-0.303444
19.260000,19.260000,sine,-0.480536,0.000000,-0.494274,-0.002751,0.267606,0.008888,0.649592,0.281071,-0.264231,-1.626304,-15.115400,-0.419903,0.089041,-0.837687,0.337687,-0.207271,0.188101,-0.288423,-0.082935,0.061294,-0.318224
19.280000,19.280000,sine,-0.473767,0.000000,-0.488092,-0.002781,0.288968,0.010505,0.649843,0.281510,-0.265044,-1.627341,-15.123334,-0.419984,0.088413,-0.839015,0.334440,-0.209186,0.185842,-0.288792,-0.073746,0.055803,-0.332372
19.300000,19.300000,sine,-0.466531,0.000000,-0.481436,-0.002811,0.310073,0.012131,0.650191,0.281906,-0.265870,-1.628337,-15.131275,-0.420088,0.087621,-0.840367,0.331107,-0.211154,0.183436,-0.289183,-0.064329,0.050239,-0.345856
19.320000,19.320000,sine,-0.458834,0.000000,-0.474313,-0.002840,0.330882,0.013762,0.650621,0.282247,-0.266710,-1.629291,-15.139220,-0.420214,0.086667,-0.841739,0.327696,-0.213166,0.180886,-0.289596,-0.054682,0.044621,-0.358654
19.340000,19.340000,sine,-0.450685,0.000000,-0.466729,-0.002870,0.351368,0.015395,0.651152,0.282532,-0.267564,-1.630203,-15.147172,-0.420361,0.085551,-0.843128,0.324211,-0.215215,0.178193,-0.290029,-0.044798,0.038970,-0.370761
19.360000,19.360000,sine,-0.442090,0.000000,-0.458692,-0.002900,0.371505,0.017030,0.651763,0.282746,-0.268431,-1.631074,-15.155128,-0.420527,0.084275,-0.844530,0.320661,-0.217291,0.175361,-0.290481,-0.034672,0.033306,-0.382175
19.380000,19.380000,sine,-0.433059,0.000000,-0.450209,-0.002929,0.391272,0.018667,0.652440,0.282882,-0.269313,-1.631903,-15.163088,-0.420711,0.082840,-0.845942,0.317052,-0.219386,0.172392,-0.290951,-0.024298,0.027650,-0.392902
19.400000,19.400000,sine,-0.423601,0.000000,-0.441289,-0.002958,0.410654,0.020302,0.653191,0.282941,-0.270209,-1.632690,-15.171055,-0.420911,0.081245,-0.847361,0.313390,-0.221492,0.169288,-0.291438,-0.013670,0.022024,-0.402951
19.420000,19.420000,sine,-0.413725,0.000000,-0.431940,-0.002986,0.429629,0.021936,0.653966,0.282907,-0.271120,-1.633437,-15.179025,-0.421125,0.079493,-0.848783,0.309681,-0.223600,0.166052,-0.291940,-0.002779,0.016450,-0.412333
19.440000,19.440000,sine,-0.403441,0.000000,-0.422171,-0.003014,0.448170,0.023562,0.654772,0.282780,-0.272045,-1.634142,-15.187000,-0.421352,0.077583,-0.850205,0.305932,-0.225703,0.162687,-0.292456,0.008367,0.010954,-0.421057
19.460000,19.460000,sine,-0.392758,0.000000,-0.411993,-0.003041,0.466251,0.025172,0.655646,0.282577,-0.272986,-1.634806,-15.194975,-0.421589,0.075518,-0.851625,0.302150,-0.227791,0.159196,-0.292985,0.019729,0.005573,-0.429149
19.480000,19.480000,sine,-0.381688,0.000000,-0.401414,-0.003067,0.483852,0.026756,0.656628,0.282325,-0.273942,-1.635430,-15.202955,-0.421834,0.073298,-0.853040,0.298339,-0.229859,0.155581,-0.293526,0.031264,0.000339,-0.436643
19.500000,19.500000,sine,-0.370241,0.000000,-0.390447,-0.003093,0.500960,0.028306,0.657734,0.282042,-0.274914,-1.636014,-15.210942,-0.422083,0.070927,-0.854448,0.294506,-0.231898,0.151845,-0.294078,0.042932,-0.004714,-0.443576
19.520000,19.520000,sine,-0.358429,0.000000,-0.379103,-0.003118,0.517567,0.029815,0.658976,0.281757,-0.275902,-1.636559,-15.218925,-0.422336,0.068404,-0.855846,0.290655,-0.233902,0.147992,-0.294638,0.054693,-0.009552,-0.449981
19.540000,19.540000,sine,-0.346263,0.000000,-0.367391,-0.003142,0.533662,0.031273,0.660334,0.281486,-0.276906,-1.637066,-15.226919,-0.422589,0.065734,-0.857233,0.286791,-0.235864,0.144024,-0.295205,0.066511,-0.014149,-0.455883
19.560000,19.560000,sine,-0.333755,0.000000,-0.355325,-0.003165,0.549240,0.032662,0.661786,0.281271,-0.277926,-1.637535,-15.234915,-0.422839,0.062918,-0.858608,0.282916,-0.237777,0.139944,-0.295777,0.078348,-0.018474,-0.461306
19.580000,19.580000,sine,-0.320918,0.000000,-0.342917,-0.003187,0.564306,0.033946,0.663285,0.281206,-0.278963,-1.637967,-15.242908,-0.423083,0.059959,-0.859968,0.279037,-0.239637,0.135754,-0.296353,0.090164,-0.022503,-0.466273
19.600000,19.600000,sine,-0.307764,0.000000,-0.330178,-0.003208,0.578880,0.035067,0.664742,0.281445,-0.280018,-1.638363,-15.250901,-0.423319,0.056862,-0.861312,0.275154,-0.241437,0.131458,-0.296932,0.101911,-0.026209,-0.470809
19.620000,19.620000,sine,-0.294307,0.000000,-0.317121,-0.003228,0.592946,0.036029,0.666150,0.281965,-0.281090,-1.638724,-15.258894,-0.423544,0.053629,-0.862639,0.271272,-0.243171,0.127059,-0.297510,0.113540,-0.029566,-0.474946
19.640000,19.640000,sine,-0.280559,0.000000,-0.303759,-0.003246,0.606467,0.036868,0.667565,0.282643,-0.282179,-1.639051,-15.266888,-0.423754,0.050265,-0.863949,0.267393,-0.244837,0.122561,-0.298087,0.125004,-0.032549,-0.478708
19.660000,19.660000,sine,-0.266534,0.000000,-0.290106,-0.003263,0.619424,0.037604,0.669008,0.283439,-0.283287,-1.639346,-15.274885,-0.423946,0.046774,-0.865239,0.263520,-0.246427,0.117967,-0.298660,0.136261,-0.035141,-0.482125
19.680000,19.680000,sine,-0.252246,0.000000,-0.276174,-0.003279,0.631797,0.038243,0.670478,0.284320,-0.284413,-1.639608,-15.282877,-0.424119,0.043162,-0.866510,0.259654,-0.247938,0.113282,-0.299227,0.147278,-0.037329,-0.485217
19.700000,19.700000,sine,-0.237709,0.000000,-0.261977,-0.003293,0.643573,0.038793,0.671965,0.285277,-0.285558,-1.639839,-15.290867,-0.424267,0.039431,-0.867762,0.255796,-0.249366,0.108509,-0.299787,0.158029,-0.039103,-0.488002
19.720000,19.720000,sine,-0.222938,0.000000,-0.247528,-0.003306,0.654741,0.039258,0.673461,0.286299,-0.286721,-1.640041,-15.298853,-0.424389,0.035589,-0.868994,0.251948,-0.250707,0.103653,-0.300339,0.168493,-0.040460,-0.490495
19.740000,19.740000,sine,-0.207947,0.000000,-0.232843,-0.003318,0.665288,0.039645,0.674940,0.287365,-0.287904,-1.640213,-15.306841,-0.424481,0.031638,-0.870204,0.248111,-0.251959,0.098716,-0.300879,0.178655,-0.041398,-0.492703
19.760000,19.760000,sine,-0.192750,0.000000,-0.217936,-0.003329,0.675206,0.039957,0.676398,0.288464,-0.289106,-1.640358,-15.314825,-0.424540,0.027586,-0.871395,0.244287,-0.253117,0.093704,-0.301408,0.188504,-0.041920,-0.494633
19.780000,19.780000,sine,-0.177363,0.000000,-0.202820,-0.003338,0.684483,0.040202,0.677796,0.289577,-0.290327,-1.640476,-15.322803,-0.424564,0.023437,-0.872564,0.240476,-0.254179,0.088620,-0.301923,0.198026,-0.042028,-0.496289
19.800000,19.800000,sine,-0.161801,0.000000,-0.187510,-0.003346,0.693108,0.040383,0.679117,0.290686,-0.291569,-1.640568,-15.330780,-0.424549,0.019197,-0.873712,0.236680,-0.255144,0.083469,-0.302424,0.207219,-0.041729,-0.497669
19.820000,19.820000,sine,-0.146080,0.000000,-0.172022,-0.003353,0.701070,0.040506,0.680339,0.291774,-0.292830,-1.640636,-15.338748,-0.424492,0.014870,-0.874839,0.232900,-0.256008,0.078253,-0.302910,0.216074,-0.041030,-0.498771
19.840000,19.840000,sine,-0.130214,0.000000,-0.156370,-0.003359,0.708361,0.040574,0.681440,0.292827,-0.294112,-1.640679,-15.346710,-0.424392,0.010462,-0.875944,0.229137,-0.256770,0.072978,-0.303379,0.224590,-0.039940,-0.499592
19.860000,19.860000,sine,-0.114220,0.000000,-0.140570,-0.003364,0.714970,0.040592,0.682396,0.293828,-0.295414,-1.640699,-15.354668,-0.424244,0.005979,-0.877029,0.225392,-0.257430,0.067646,-0.303830,0.232763,-0.038468,-0.500128
19.880000,19.880000,sine,-0.098113,0.000000,-0.124636,-0.003367,0.720890,0.040564,0.683190,0.294761,-0.296737,-1.640696,-15.362621,-0.424048,0.001426,-0.878091,0.221668,-0.257985,0.062263,-0.304264,0.240592,-0.036627,-0.500372
19.900000,19.900000,sine,-0.081909,0.000000,-0.108585,-0.003369,0.726113,0.040493,0.683799,0.295616,-0.298081,-1.640672,-15.370566,-0.423800,-0.003192,-0.879133,0.217966,-0.258434,0.056832,-0.304678,0.248082,-0.034427,-0.500318
19.920000,19.920000,sine,-0.065624,0.000000,-0.092432,-0.003369,0.730631,0.040381,0.684208,0.296377,-0.299446,-1.640627,-15.378506,-0.423498,-0.007869,-0.880153,0.214286,-0.258779,0.051356,-0.305074,0.255230,-0.031883,-0.499960
19.940000,19.940000,sine,-0.049275,0.000000,-0.076192,-0.003368,0.734439,0.040233,0.684393,0.297034,-0.300831,-1.640561,-15.386439,-0.423139,-0.012601,-0.881152,0.210631,-0.259018,0.045840,-0.305449,0.262043,-0.029008,-0.499288
19.960000,19.960000,sine,-0.032877,0.000000,-0.059881,-0.003366,0.737532,0.040049,0.684347,0.297575,-0.302238,-1.640475,-15.394365,-0.422724,-0.017381,-0.882130,0.207002,-0.259151,0.040288,-0.305804,0.268523,-0.025816,-0.498296
19.980000,19.980000,sine,-0.016447,0.000000,-0.043516,-0.003362,0.739904,0.039832,0.684046,0.297992,-0.303666,-1.640369,-15.402284,-0.422248,-0.022205,-0.883086,0.203403,-0.259180,0.034703,-0.306138,0.274675,-0.022323,-0.496975
