t_wall,t_rel,label,q1_cmd,q2_cmd,q1,q2,dq1,dq2,tau1,tau2,px,py,pz,qx,qy,qz,qw,vx,vy,vz,wx,wy,wz
0.000000,0.000000,sine,0.000000,0.000000,-0.006776,-0.002554,-0.000024,0.000000,0.677696,0.255426,0.800509,-0.974649,-7.556049,-0.404388,-0.120720,-0.839327,0.342675,-0.246253,0.054830,-0.303727,-0.091049,0.008909,-0.076932
0.020000,0.020000,sine,0.000002,0.000000,-0.006776,-0.002554,-0.000016,0.000000,0.677809,0.255440,0.799839,-0.976089,-7.563790,-0.404532,-0.120238,-0.839736,0.341673,-0.246253,0.054830,-0.303727,-0.091049,0.008910,-0.076936
0.040000,0.040000,sine,0.000025,0.000000,-0.006771,-0.002557,0.000100,0.000000,0.679434,0.255656,0.799166,-0.977526,-7.571530,-0.404674,-0.119756,-0.840143,0.340672,-0.246254,0.054828,-0.303727,-0.091031,0.008911,-0.077018
0.060000,0.060000,sine,0.000124,0.000000,-0.006746,-0.002568,0.000573,0.000000,0.685905,0.256630,0.798489,-0.978961,-7.579270,-0.404815,-0.119278,-0.840551,0.339664,-0.246255,0.054819,-0.303727,-0.090955,0.008912,-0.077359
0.080000,0.080000,sine,0.000380,0.000000,-0.006665,-0.002595,0.003010,0.000000,0.697924,0.259171,0.797809,-0.980394,-7.587011,-0.404952,-0.118810,-0.840963,0.338644,-0.246262,0.054781,-0.303729,-0.090558,0.008917,-0.079123
0.100000,0.100000,sine,0.000893,0.000000,-0.006461,-0.002630,0.009765,0.000000,0.712003,0.263040,0.797123,-0.981825,-7.594750,-0.405080,-0.118367,-0.841387,0.337590,-0.246282,0.054672,-0.303732,-0.089454,0.008932,-0.083994
0.120000,0.120000,sine,0.001779,0.000000,-0.006098,-0.002659,0.018169,0.000000,0.742590,0.266296,0.796432,-0.983250,-7.602493,-0.405195,-0.117959,-0.841829,0.336492,-0.246313,0.054495,-0.303739,-0.088064,0.008939,-0.089982
0.140000,0.140000,sine,0.003154,0.000000,-0.005388,-0.002727,0.037425,0.000000,0.762268,0.273324,0.795734,-0.984670,-7.610233,-0.405287,-0.117621,-0.842305,0.335306,-0.246376,0.054130,-0.303752,-0.084875,0.008970,-0.103759
0.160000,0.160000,sine,0.005132,0.000000,-0.004169,-0.002804,0.063628,0.000000,0.770549,0.281904,0.795026,-0.986080,-7.617973,-0.405343,-0.117390,-0.842835,0.333984,-0.246475,0.053541,-0.303774,-0.080469,0.008993,-0.122313
0.180000,0.180000,sine,0.007812,0.000000,-0.002325,-0.002876,0.094625,0.000000,0.772443,0.290435,0.794307,-0.987478,-7.625713,-0.405353,-0.117294,-0.843432,0.332496,-0.246609,0.052702,-0.303808,-0.075126,0.008995,-0.143962
0.200000,0.200000,sine,0.011273,0.000000,0.000230,-0.002944,0.129197,0.000000,0.771041,0.298519,0.793574,-0.988862,-7.633454,-0.405313,-0.117350,-0.844101,0.330823,-0.246778,0.051592,-0.303854,-0.068961,0.008979,-0.167722
0.220000,0.220000,sine,0.015565,0.000000,0.003561,-0.003006,0.165711,0.001417,0.767597,0.306136,0.792826,-0.990229,-7.641195,-0.405217,-0.117573,-0.844847,0.328951,-0.246979,0.050198,-0.303914,-0.062056,0.008956,-0.192849
0.240000,0.240000,sine,0.020707,0.000000,0.007711,-0.003062,0.202884,0.004792,0.762169,0.313192,0.792060,-0.991577,-7.648934,-0.405060,-0.117973,-0.845672,0.326875,-0.247205,0.048514,-0.303990,-0.054492,0.008943,-0.218541
0.260000,0.260000,sine,0.026678,0.000000,0.012698,-0.003111,0.240403,0.008188,0.754691,0.318784,0.791276,-0.992903,-7.656675,-0.404841,-0.118556,-0.846573,0.324597,-0.247449,0.046541,-0.304082,-0.046353,0.008960,-0.243810
0.280000,0.280000,sine,0.033415,0.000000,0.018506,-0.003148,0.276765,0.011493,0.747962,0.316420,0.790470,-0.994206,-7.664414,-0.404558,-0.119318,-0.847543,0.322127,-0.247701,0.044296,-0.304190,-0.037810,0.009028,-0.267517
0.300000,0.300000,sine,0.040815,0.000000,0.025082,-0.003170,0.310156,0.014583,0.738120,0.312610,0.789643,-0.995485,-7.672155,-0.404213,-0.120253,-0.848574,0.319489,-0.247948,0.041815,-0.304314,-0.029130,0.009163,-0.288353
0.320000,0.320000,sine,0.048730,0.000000,0.032332,-0.003174,0.338707,0.017298,0.724931,0.307272,0.788794,-0.996739,-7.679894,-0.403809,-0.121342,-0.849650,0.316715,-0.248176,0.039145,-0.304452,-0.020624,0.009372,-0.305021
0.340000,0.340000,sine,0.056971,0.000000,0.040118,-0.003156,0.360547,0.019455,0.708264,0.300397,0.787923,-0.997969,-7.687635,-0.403355,-0.122560,-0.850755,0.313846,-0.248376,0.036351,-0.304603,-0.012652,0.009647,-0.316284
0.360000,0.360000,sine,0.065310,0.000000,0.048262,-0.003114,0.373865,0.020863,0.688122,0.292062,0.787030,-0.999177,-7.695376,-0.402859,-0.123871,-0.851868,0.310937,-0.248534,0.033511,-0.304763,-0.005610,0.009960,-0.321010
0.380000,0.380000,sine,0.073486,0.000000,0.056549,-0.003045,0.376964,0.021329,0.664710,0.282433,0.786117,-1.000363,-7.703117,-0.402336,-0.125234,-0.852965,0.308047,-0.248646,0.030716,-0.304931,0.000075,0.010261,-0.318205
0.400000,0.400000,sine,0.081209,0.000000,0.064725,-0.002948,0.368323,0.020670,0.638506,0.271777,0.785188,-1.001532,-7.710854,-0.401803,-0.126598,-0.854022,0.305243,-0.248708,0.028066,-0.305101,0.003967,0.010477,-0.307035
0.420000,0.420000,sine,0.088170,0.000000,0.072509,-0.002822,0.346649,0.018727,0.610315,0.260471,0.784243,-1.002688,-7.718592,-0.401280,-0.127908,-0.855013,0.302600,-0.248721,0.025671,-0.305269,0.005659,0.010519,-0.286834
0.440000,0.440000,sine,0.094044,0.000000,0.079591,-0.002669,0.310921,0.015375,0.581328,0.248998,0.783289,-1.003836,-7.726329,-0.400793,-0.129101,-0.855910,0.300194,-0.248688,0.023642,-0.305430,0.004799,0.010289,-0.257113
0.460000,0.460000,sine,0.098503,0.000000,0.085649,-0.002494,0.260436,0.010539,0.553171,0.237939,0.782330,-1.004982,-7.734065,-0.400366,-0.130112,-0.856687,0.298104,-0.248617,0.022091,-0.305580,0.001118,0.009699,-0.217559
0.480000,0.480000,sine,0.101222,0.000000,0.090347,-0.002303,0.194846,0.004205,0.527912,0.227955,0.781372,-1.006134,-7.741803,-0.400029,-0.130872,-0.857316,0.296410,-0.248514,0.021130,-0.305713,-0.005553,0.008687,-0.168038
0.500000,0.500000,sine,0.101893,0.000000,0.093353,-0.002102,0.112436,0.000000,0.510606,0.214620,0.780422,-1.007298,-7.749540,-0.399810,-0.131313,-0.857771,0.295191,-0.248384,0.020863,-0.305824,-0.015291,0.007233,-0.108626
0.520000,0.520000,sine,0.100229,0.000000,0.094342,-0.001898,0.012855,0.000000,0.507516,0.190524,0.779484,-1.008483,-7.757279,-0.399736,-0.131370,-0.858025,0.294526,-0.248227,0.021381,-0.305909,-0.027948,0.005390,-0.039641
0.540000,0.540000,sine,0.095978,0.000000,0.093148,-0.001721,-0.088503,-0.000000,0.474263,0.168840,0.778566,-1.009696,-7.765017,-0.399821,-0.131008,-0.858067,0.294450,-0.248045,0.022626,-0.305966,-0.041169,0.003540,0.029591
0.560000,0.560000,sine,0.088927,0.000000,0.089444,-0.001532,-0.209008,-0.007802,0.467101,0.146259,0.777673,-1.010943,-7.772756,-0.400090,-0.130158,-0.857868,0.295041,-0.247805,0.024840,-0.305988,-0.058418,0.001363,0.114578
0.580000,0.580000,sine,0.078914,0.000000,0.082917,-0.001352,-0.338233,-0.020441,0.473610,0.137610,0.776811,-1.012235,-7.780495,-0.400564,-0.128752,-0.857399,0.296375,-0.247492,0.028069,-0.305969,-0.078372,-0.000730,0.205680
0.600000,0.600000,sine,0.065833,0.000000,0.073414,-0.001196,-0.472650,-0.032259,0.480912,0.142727,0.775988,-1.013579,-7.788230,-0.401250,-0.126753,-0.856650,0.298468,-0.247079,0.032333,-0.305903,-0.100654,-0.002399,0.297356
0.620000,0.620000,sine,0.049639,0.000000,0.060876,-0.001039,-0.608748,-0.041594,0.487672,0.141080,0.775210,-1.014985,-7.795967,-0.402142,-0.124146,-0.855622,0.301297,-0.246524,0.037613,-0.305783,-0.125064,-0.003295,0.385885
0.640000,0.640000,sine,0.030354,0.000000,0.045309,-0.000868,-0.744810,-0.047310,0.489842,0.128136,0.774481,-1.016460,-7.803703,-0.403228,-0.120923,-0.854325,0.304817,-0.245779,0.043879,-0.305605,-0.151618,-0.003060,0.469359
0.660000,0.660000,sine,0.008069,0.000000,0.026765,-0.000676,-0.879334,-0.049075,0.486947,0.101933,0.773806,-1.018012,-7.811435,-0.404490,-0.117082,-0.852771,0.308969,-0.244785,0.051081,-0.305361,-0.180238,-0.001305,0.546595
0.680000,0.680000,sine,-0.017055,0.000000,0.005339,-0.000469,-1.010453,-0.047288,0.480473,0.063978,0.773189,-1.019648,-7.819163,-0.405901,-0.112631,-0.850977,0.313682,-0.243481,0.059142,-0.305047,-0.210642,0.002386,0.616668
0.700000,0.700000,sine,-0.044788,0.000000,-0.018825,-0.000251,-1.135668,-0.042490,0.472726,0.016446,0.772633,-1.021374,-7.826884,-0.407431,-0.107580,-0.848966,0.318879,-0.241809,0.067957,-0.304658,-0.242255,0.008418,0.678506
0.720000,0.720000,sine,-0.074831,0.000000,-0.045534,-0.000035,-1.252460,-0.035145,0.461756,-0.028493,0.772139,-1.023196,-7.834599,-0.409043,-0.101954,-0.846762,0.324474,-0.239720,0.077396,-0.304193,-0.274348,0.017120,0.731225
0.740000,0.740000,sine,-0.106825,0.000000,-0.074532,0.000161,-1.358136,-0.025693,0.440983,-0.048984,0.771706,-1.025116,-7.842304,-0.410693,-0.095785,-0.844398,0.330376,-0.237177,0.087306,-0.303651,-0.306030,0.028699,0.773986
0.760000,0.760000,sine,-0.140350,0.000000,-0.105510,0.000326,-1.449370,-0.014981,0.425131,-0.066046,0.771331,-1.027137,-7.850000,-0.412336,-0.089123,-0.841910,0.336488,-0.234166,0.097498,-0.303037,-0.336180,0.043166,0.805789
0.780000,0.780000,sine,-0.174935,0.000000,-0.138099,0.000448,-1.523174,-0.003881,0.417371,-0.078523,0.771011,-1.029255,-7.857682,-0.413924,-0.082029,-0.839337,0.342712,-0.230700,0.107774,-0.302359,-0.363742,0.060302,0.825956
0.800000,0.800000,sine,-0.210068,0.000000,-0.171878,0.000521,-1.573381,-0.000003,0.420396,-0.085808,0.770739,-1.031468,-7.865349,-0.415412,-0.074578,-0.836725,0.348945,-0.226824,0.117917,-0.301630,-0.387631,0.079612,0.833990
0.820000,0.820000,sine,-0.245203,0.000000,-0.206380,0.000535,-1.599732,-0.000003,0.436910,-0.087246,0.770507,-1.033767,-7.872999,-0.416756,-0.066859,-0.834121,0.355085,-0.222612,0.127725,-0.300867,-0.407120,0.100390,0.829556
0.840000,0.840000,sine,-0.279773,0.000000,-0.241101,0.000487,-1.602520,-0.000003,0.468554,-0.082462,0.770307,-1.036145,-7.880635,-0.417925,-0.058970,-0.831575,0.361032,-0.218170,0.137004,-0.300089,-0.421686,0.121740,0.812406
0.860000,0.860000,sine,-0.313197,0.000000,-0.275503,0.000375,-1.580395,-0.000003,0.515832,-0.071462,0.770129,-1.038587,-7.888256,-0.418892,-0.051019,-0.829137,0.366685,-0.213633,0.145574,-0.299320,-0.430977,0.142612,0.782368
0.880000,0.880000,sine,-0.344896,0.000000,-0.309027,0.000198,-1.532439,-0.000003,0.578371,-0.054068,0.769963,-1.041080,-7.895863,-0.419646,-0.043120,-0.826860,0.371942,-0.209158,0.153278,-0.298582,-0.434892,0.161897,0.739379
0.900000,0.900000,sine,-0.374304,0.000000,-0.341098,-0.000043,-1.458108,-0.000003,0.654225,-0.030262,0.769798,-1.043605,-7.903460,-0.420185,-0.035393,-0.824793,0.376706,-0.204919,0.159986,-0.297898,-0.433568,0.178515,0.683445
0.920000,0.920000,sine,-0.400876,0.000000,-0.371142,-0.000346,-1.357319,-0.000004,0.740275,-0.000027,0.769625,-1.046144,-7.911047,-0.420522,-0.027956,-0.822988,0.380880,-0.201092,0.165602,-0.297287,-0.427361,0.191509,0.614666
0.940000,0.940000,sine,-0.424106,0.000000,-0.398591,-0.000710,-1.230377,-0.000004,0.831386,0.036800,0.769435,-1.048678,-7.918631,-0.420680,-0.020927,-0.821493,0.384369,-0.197848,0.170058,-0.296762,-0.416794,0.200122,0.533193
0.960000,0.960000,sine,-0.443530,0.000000,-0.422893,-0.001130,-1.074216,-0.007851,0.919487,0.080136,0.769220,-1.051185,-7.926214,-0.420691,-0.014418,-0.820354,0.387080,-0.195345,0.173305,-0.296335,-0.402420,0.203822,0.439399
0.980000,0.980000,sine,-0.458742,0.000000,-0.443529,-0.001600,-0.894787,-0.014764,0.996334,0.129751,0.768972,-1.053644,-7.933804,-0.420594,-0.008534,-0.819614,0.388922,-0.193710,0.175337,-0.296006,-0.385168,0.202525,0.333787
1.000000,1.000000,sine,-0.469399,0.000000,-0.460022,-0.002107,-0.695474,-0.017157,1.045139,0.202170,0.768686,-1.056037,-7.941405,-0.420433,-0.003369,-0.819314,0.389808,-0.193037,0.176159,-0.295772,-0.365948,0.196486,0.216567
1.020000,1.020000,sine,-0.475231,0.000000,-0.471954,-0.002665,-0.479977,-0.012104,1.072515,0.273338,0.768357,-1.058345,-7.949019,-0.420248,0.001000,-0.819486,0.389658,-0.193377,0.175793,-0.295621,-0.345689,0.186313,0.088122
1.040000,1.040000,sine,-0.476042,0.000000,-0.478981,-0.003195,-0.250236,-0.000001,1.074407,0.321370,0.767983,-1.060553,-7.956653,-0.420077,0.004506,-0.820166,0.388384,-0.194747,0.174251,-0.295539,-0.325235,0.172837,-0.051494
1.060000,1.060000,sine,-0.471720,0.000000,-0.480849,-0.003643,-0.005213,-0.000000,1.040064,0.364405,0.767562,-1.062648,-7.964307,-0.419952,0.007103,-0.821377,0.385913,-0.197114,0.171534,-0.295509,-0.304937,0.156803,-0.196663
1.080000,1.080000,sine,-0.462233,0.000000,-0.477630,-0.003991,0.221254,0.013020,1.032037,0.407955,0.767093,-1.064621,-7.971986,-0.419894,0.008808,-0.823091,0.382272,-0.200293,0.167773,-0.295517,-0.285933,0.139486,-0.330729
1.100000,1.100000,sine,-0.447632,0.000000,-0.469287,-0.004347,0.449248,0.035627,1.026515,0.417492,0.766574,-1.066461,-7.979689,-0.419916,0.009615,-0.825275,0.377491,-0.204294,0.162789,-0.295558,-0.263519,0.119379,-0.466159
1.120000,1.120000,sine,-0.428050,0.000000,-0.455898,-0.004662,0.671260,0.054265,1.035826,0.413230,0.765999,-1.068154,-7.987417,-0.420020,0.009511,-0.827882,0.371623,-0.208940,0.156603,-0.295630,-0.237712,0.097342,-0.591684
1.140000,1.140000,sine,-0.403696,0.000000,-0.437683,-0.004927,0.885705,0.064163,1.057442,0.428575,0.765365,-1.069692,-7.995166,-0.420199,0.008513,-0.830844,0.364773,-0.214045,0.149238,-0.295732,-0.207624,0.073999,-0.704467
1.160000,1.160000,sine,-0.374852,0.000000,-0.414886,-0.005166,1.095077,0.059603,1.093815,0.459550,0.764668,-1.071065,-8.002934,-0.420434,0.006632,-0.834085,0.357062,-0.219421,0.140708,-0.295867,-0.172145,0.050008,-0.804794
1.180000,1.180000,sine,-0.341863,0.000000,-0.387772,-0.005409,1.294992,0.047207,1.141593,0.503584,0.763901,-1.072266,-8.010719,-0.420699,0.003880,-0.837537,0.348611,-0.224869,0.131059,-0.296039,-0.130751,0.026383,-0.892775
1.200000,1.200000,sine,-0.305130,0.000000,-0.356636,-0.005653,1.482432,0.031832,1.194181,0.556418,0.763059,-1.073288,-8.018512,-0.420954,0.000265,-0.841134,0.339545,-0.230192,0.120345,-0.296257,-0.083031,0.004242,-0.968956
1.220000,1.220000,sine,-0.265099,0.000000,-0.321807,-0.005881,1.655928,0.013869,1.244196,0.614275,0.762134,-1.074129,-8.026307,-0.421152,-0.004202,-0.844820,0.329987,-0.235202,0.108637,-0.296527,-0.028849,-0.015168,-1.033357
1.240000,1.240000,sine,-0.222251,0.000000,-0.283648,-0.006068,1.810524,0.000005,1.292375,0.658881,0.761120,-1.074785,-8.034095,-0.421238,-0.009506,-0.848543,0.320066,-0.239718,0.096045,-0.296860,0.031410,-0.030482,-1.085831
1.260000,1.260000,sine,-0.177092,0.000000,-0.242563,-0.006190,1.939380,0.000003,1.341325,0.672948,0.760010,-1.075260,-8.041874,-0.421150,-0.015619,-0.852259,0.309910,-0.243579,0.082702,-0.297265,0.095928,-0.040256,-1.126451
1.280000,1.280000,sine,-0.130136,0.000000,-0.198989,-0.006245,2.046351,0.000004,1.377709,0.679271,0.758798,-1.075558,-8.049633,-0.420824,-0.022488,-0.855930,0.299641,-0.246651,0.068766,-0.297752,0.162200,-0.043395,-1.154456
1.300000,1.300000,sine,-0.081897,0.000000,-0.153427,-0.006233,2.128770,0.000004,1.409450,0.678374,0.757480,-1.075688,-8.057365,-0.420202,-0.030033,-0.859528,0.289378,-0.248834,0.054441,-0.298324,0.227231,-0.039315,-1.169493
1.320000,1.320000,sine,-0.032877,0.000000,-0.106379,-0.006171,2.188821,0.000005,1.433827,0.671883,0.756052,-1.075664,-8.065071,-0.419234,-0.038156,-0.863030,0.279223,-0.250088,0.039910,-0.298977,0.288880,-0.028152,-1.174434
1.340000,1.340000,sine,0.016447,0.000000,-0.058317,-0.006070,2.227723,0.000005,1.445671,0.661094,0.754514,-1.075499,-8.072741,-0.417881,-0.046751,-0.866426,0.269251,-0.250411,0.025347,-0.299706,0.345323,-0.010512,-1.170863
1.360000,1.360000,sine,0.065624,0.000000,-0.009689,-0.005935,2.246360,0.000005,1.442251,0.646651,0.752867,-1.075212,-8.080378,-0.416115,-0.055710,-0.869708,0.259523,-0.249839,0.010918,-0.300499,0.395213,0.012629,-1.159707
1.380000,1.380000,sine,0.114220,0.000000,0.039065,-0.005771,2.245342,0.000005,1.421681,0.628920,0.751112,-1.074816,-8.087972,-0.413925,-0.064922,-0.872872,0.250090,-0.248435,-0.003219,-0.301347,0.437717,0.039994,-1.141381
1.400000,1.400000,sine,0.161801,0.000000,0.087519,-0.005580,2.224946,0.000005,1.382828,0.608294,0.749255,-1.074330,-8.095532,-0.411312,-0.074274,-0.875913,0.241002,-0.246289,-0.016901,-0.302240,0.472463,0.070086,-1.115891
1.420000,1.420000,sine,0.207947,0.000000,0.135247,-0.005364,2.185314,0.000005,1.325345,0.584796,0.747301,-1.073770,-8.103057,-0.408294,-0.083659,-0.878823,0.232307,-0.243517,-0.029952,-0.303176,0.499472,0.101333,-1.083085
1.440000,1.440000,sine,0.252246,0.000000,0.181827,-0.005121,2.126577,0.000005,1.249989,0.558423,0.745259,-1.073152,-8.110554,-0.404905,-0.092974,-0.881593,0.224057,-0.240253,-0.042213,-0.304149,0.519073,0.132185,-1.042771
1.460000,1.460000,sine,0.294307,0.000000,0.226841,-0.004852,2.048915,0.000004,1.158571,0.529226,0.743139,-1.072494,-8.118022,-0.401189,-0.102122,-0.884211,0.216308,-0.236650,-0.053548,-0.305158,0.531818,0.161197,-0.994789
1.480000,1.480000,sine,0.333755,0.000000,0.269880,-0.004559,1.952617,0.000004,1.053895,0.497331,0.740952,-1.071811,-8.125473,-0.397208,-0.111019,-0.886663,0.209116,-0.232868,-0.063854,-0.306199,0.538407,0.187088,-0.939072
1.500000,1.500000,sine,0.370241,0.000000,0.310546,-0.004245,1.838113,0.000003,0.939746,0.463075,0.738712,-1.071120,-8.132915,-0.393028,-0.119589,-0.888935,0.202539,-0.229070,-0.073051,-0.307267,0.539630,0.208791,-0.875661
1.520000,1.520000,sine,0.403441,0.000000,0.348452,-0.003912,1.706053,0.000003,0.820489,0.426693,0.736432,-1.070435,-8.140354,-0.388728,-0.127767,-0.891011,0.196636,-0.225414,-0.081091,-0.308355,0.536317,0.225488,-0.804751
1.540000,1.540000,sine,0.433059,0.000000,0.383231,-0.003561,1.557265,0.000003,0.701124,0.388461,0.734128,-1.069770,-8.147796,-0.384388,-0.135499,-0.892876,0.191465,-0.222047,-0.087951,-0.309451,0.529289,0.236633,-0.726633
1.560000,1.560000,sine,0.458834,0.000000,0.414539,-0.003197,1.392775,0.000002,0.587080,0.348739,0.731816,-1.069136,-8.155252,-0.380093,-0.142743,-0.894514,0.187080,-0.219095,-0.093633,-0.310541,0.519328,0.241955,-0.641676
1.580000,1.580000,sine,0.480536,0.000000,0.442059,-0.002823,1.213818,0.000002,0.483885,0.307956,0.729510,-1.068545,-8.162725,-0.375925,-0.149464,-0.895911,0.183535,-0.216662,-0.098157,-0.311607,0.507218,0.241492,-0.550247
1.600000,1.600000,sine,0.497973,0.000000,0.465505,-0.002445,1.021846,0.000001,0.396958,0.266612,0.727226,-1.068007,-8.170228,-0.371962,-0.155638,-0.897053,0.180880,-0.214820,-0.101556,-0.312630,0.493814,0.235613,-0.452665
1.620000,1.620000,sine,0.510990,0.000000,0.484629,-0.002068,0.818622,0.000001,0.331181,0.225341,0.724977,-1.067530,-8.177762,-0.368275,-0.161250,-0.897927,0.179163,-0.213614,-0.103871,-0.313591,0.479840,0.224896,-0.349552
1.640000,1.640000,sine,0.519471,0.000000,0.499225,-0.001701,0.606213,0.000001,0.290355,0.185021,0.722776,-1.067120,-8.185333,-0.364927,-0.166290,-0.898521,0.178425,-0.213059,-0.105144,-0.314467,0.465638,0.209975,-0.241966
1.660000,1.660000,sine,0.523342,0.000000,0.509150,-0.001387,0.386185,0.000001,0.276988,0.147945,0.720634,-1.066782,-8.192946,-0.361969,-0.170758,-0.898825,0.178699,-0.213141,-0.105417,-0.315237,0.451425,0.191578,-0.130438
1.680000,1.680000,sine,0.522567,0.000000,0.514316,-0.001185,0.160950,0.000000,0.290032,0.118067,0.718559,-1.066522,-8.200602,-0.359441,-0.174651,-0.898830,0.180010,-0.213814,-0.104737,-0.315884,0.437444,0.170563,-0.015492
1.700000,1.700000,sine,0.517154,0.000000,0.514659,-0.001064,-0.054055,-0.018395,0.307692,0.128443,0.716560,-1.066341,-8.208298,-0.357374,-0.177975,-0.898525,0.182378,-0.215007,-0.103165,-0.316391,0.424175,0.148018,0.100434
1.720000,1.720000,sine,0.507150,0.000000,0.510250,-0.000906,-0.268553,-0.016056,0.342304,0.088553,0.714641,-1.066243,-8.216033,-0.355775,-0.180747,-0.897910,0.185774,-0.216658,-0.100731,-0.316747,0.410853,0.124423,0.210070
1.740000,1.740000,sine,0.492645,0.000000,0.501299,-0.000712,-0.475536,-0.009412,0.348359,0.057023,0.712808,-1.066231,-8.223805,-0.354648,-0.182986,-0.896988,0.190139,-0.218695,-0.097436,-0.316943,0.395724,0.099601,0.314246
1.760000,1.760000,sine,0.473767,0.000000,0.487991,-0.000478,-0.675721,-0.000002,0.325276,0.031910,0.711065,-1.066307,-8.231611,-0.353999,-0.184690,-0.895761,0.195412,-0.221050,-0.093259,-0.316979,0.377218,0.073459,0.413964
1.780000,1.780000,sine,0.450685,0.000000,0.470484,-0.000205,-0.864121,-0.000002,0.282531,0.003770,0.709419,-1.066478,-8.239447,-0.353838,-0.185843,-0.894228,0.201536,-0.223645,-0.088178,-0.316859,0.354237,0.046196,0.509999
1.800000,1.800000,sine,0.423601,0.000000,0.448931,0.000095,-1.045682,-0.000002,0.226634,-0.026594,0.707877,-1.066750,-8.247304,-0.354174,-0.186414,-0.892389,0.208451,-0.226405,-0.082151,-0.316593,0.325683,0.018098,0.602315
1.820000,1.820000,sine,0.392758,0.000000,0.423496,0.000411,-1.219577,-0.000002,0.162829,-0.058270,0.706443,-1.067131,-8.255183,-0.355010,-0.186367,-0.890247,0.216091,-0.229240,-0.075156,-0.316193,0.290916,-0.010195,0.690146
1.840000,1.840000,sine,0.358429,0.000000,0.394374,0.000729,-1.384698,-0.000003,0.095588,-0.090446,0.705123,-1.067627,-8.263073,-0.356342,-0.185666,-0.887808,0.224376,-0.232049,-0.067187,-0.315671,0.249575,-0.037749,0.772578
1.860000,1.860000,sine,0.320918,0.000000,0.361786,0.001040,-1.539508,-0.000003,0.029051,-0.121947,0.703920,-1.068246,-8.270969,-0.358153,-0.184274,-0.885086,0.233220,-0.234724,-0.058260,-0.315040,0.201554,-0.063427,0.848417
1.880000,1.880000,sine,0.280559,0.000000,0.325987,0.001334,-1.682744,-0.000003,-0.032541,-0.152155,0.702838,-1.068994,-8.278865,-0.360416,-0.182155,-0.882101,0.242523,-0.237149,-0.048413,-0.314316,0.146863,-0.086065,0.916690
1.900000,1.900000,sine,0.237709,0.000000,0.287257,0.001603,-1.813152,-0.000004,-0.085012,-0.180116,0.701877,-1.069880,-8.286755,-0.363091,-0.179277,-0.878880,0.252181,-0.239212,-0.037704,-0.313514,0.085645,-0.104520,0.976434
1.920000,1.920000,sine,0.192750,0.000000,0.245903,0.001840,-1.929464,-0.000004,-0.124414,-0.204643,0.701038,-1.070909,-8.294629,-0.366127,-0.175609,-0.875457,0.262084,-0.240803,-0.026216,-0.312654,0.018159,-0.117723,1.026669
1.940000,1.940000,sine,0.146080,0.000000,0.202262,0.002032,-2.030354,-0.000004,-0.147614,-0.224793,0.700318,-1.072086,-8.302481,-0.369466,-0.171129,-0.871874,0.272113,-0.241826,-0.014053,-0.311760,-0.054679,-0.124654,1.066652
1.960000,1.960000,sine,0.098113,0.000000,0.156697,0.002176,-2.114011,-0.000004,-0.154261,-0.239863,0.699715,-1.073417,-8.310306,-0.373036,-0.165829,-0.868178,0.282156,-0.242199,-0.001341,-0.310862,-0.130252,-0.124386,1.096053
1.980000,1.980000,sine,0.049275,0.000000,0.109622,0.002268,-2.176763,-0.000004,-0.150560,-0.249755,0.699221,-1.074902,-8.318102,-0.376752,-0.159727,-0.864418,0.292108,-0.241864,0.011742,-0.309989,-0.205016,-0.116433,1.113442
2.000000,2.000000,sine,0.000000,0.000000,0.061497,0.002311,-2.217692,-0.000004,-0.145439,-0.254463,0.698826,-1.076538,-8.325863,-0.380522,-0.152875,-0.860643,0.301870,-0.240804,0.024983,-0.309164,-0.275868,-0.101056,1.119499
2.020000,2.020000,sine,-0.049275,0.000000,0.012767,0.002315,-2.239384,-0.000005,-0.134273,-0.254990,0.698517,-1.078323,-8.333587,-0.384256,-0.145343,-0.856896,0.311370,-0.239032,0.038187,-0.308397,-0.340773,-0.079123,1.117117
2.040000,2.040000,sine,-0.098113,0.000000,-0.036153,0.002284,-2.242544,-0.000005,-0.111168,-0.251887,0.698280,-1.080245,-8.341274,-0.387871,-0.137211,-0.853213,0.320557,-0.236598,0.051173,-0.307696,-0.398136,-0.051805,1.107307
2.060000,2.060000,sine,-0.146080,0.000000,-0.084854,0.002215,-2.227194,-0.000005,-0.073516,-0.245162,0.698102,-1.082296,-8.348921,-0.391296,-0.128573,-0.849623,0.329389,-0.233580,0.063761,-0.307058,-0.446937,-0.020495,1.090298
2.080000,2.080000,sine,-0.192750,0.000000,-0.132923,0.002111,-2.193093,-0.000005,-0.020337,-0.234936,0.697967,-1.084462,-8.356531,-0.394470,-0.119534,-0.846155,0.337827,-0.230086,0.075785,-0.306481,-0.486758,0.013295,1.065900
2.100000,2.100000,sine,-0.237709,0.000000,-0.179944,0.001966,-2.140319,-0.000005,0.048148,-0.221116,0.697862,-1.086728,-8.364108,-0.397346,-0.110202,-0.842837,0.345829,-0.226237,0.087100,-0.305965,-0.517733,0.047969,1.034041
2.120000,2.120000,sine,-0.280559,0.000000,-0.225502,0.001778,-2.068916,-0.000005,0.130693,-0.203608,0.697773,-1.089078,-8.371659,-0.399895,-0.100693,-0.839695,0.353351,-0.222173,0.097580,-0.305515,-0.540337,0.081887,0.994570
2.140000,2.140000,sine,-0.320918,0.000000,-0.269190,0.001545,-1.979142,-0.000005,0.225013,-0.182242,0.697688,-1.091494,-8.379189,-0.402103,-0.091119,-0.836755,0.360348,-0.218040,0.107128,-0.305137,-0.555308,0.113552,0.947476
2.160000,2.160000,sine,-0.358429,0.000000,-0.310608,0.001271,-1.871111,-0.000004,0.327726,-0.156665,0.697596,-1.093956,-8.386705,-0.403974,-0.081594,-0.834042,0.366772,-0.213990,0.115671,-0.304830,-0.563487,0.141683,0.892625
2.180000,2.180000,sine,-0.392758,0.000000,-0.349363,0.000945,-1.745595,-0.000004,0.435278,-0.126330,0.697488,-1.096446,-8.394212,-0.405526,-0.072222,-0.831577,0.372574,-0.210171,0.123168,-0.304593,-0.565861,0.165274,0.830354
2.200000,2.200000,sine,-0.423601,0.000000,-0.385090,0.000572,-1.603127,-0.000003,0.543659,-0.090801,0.697355,-1.098943,-8.401717,-0.406790,-0.063106,-0.829383,0.377708,-0.206721,0.129601,-0.304419,-0.563398,0.183615,0.760740
2.220000,2.220000,sine,-0.450685,0.000000,-0.417443,0.000160,-1.444547,-0.000003,0.648629,-0.050455,0.697190,-1.101428,-8.409228,-0.407804,-0.054335,-0.827480,0.382125,-0.203759,0.134977,-0.304295,-0.557134,0.196329,0.683960
2.240000,2.240000,sine,-0.473767,0.000000,-0.446103,-0.000280,-1.270874,-0.000004,0.744673,-0.006093,0.696987,-1.103884,-8.416753,-0.408616,-0.045993,-0.825888,0.385780,-0.201384,0.139316,-0.304207,-0.548161,0.203391,0.600230
2.260000,2.260000,sine,-0.492645,0.000000,-0.470777,-0.000744,-1.078494,-0.010082,0.825459,0.042054,0.696744,-1.106292,-8.424296,-0.409275,-0.038150,-0.824626,0.388627,-0.199675,0.142639,-0.304134,-0.537204,0.204938,0.510354
2.280000,2.280000,sine,-0.507150,0.000000,-0.491209,-0.001225,-0.875962,-0.017466,0.886224,0.093587,0.696456,-1.108635,-8.431864,-0.409830,-0.030863,-0.823708,0.390630,-0.198670,0.144998,-0.304053,-0.524846,0.201393,0.415854
2.300000,2.300000,sine,-0.517154,0.000000,-0.507191,-0.001707,-0.666611,-0.019433,0.910560,0.173434,0.696123,-1.110901,-8.439460,-0.410330,-0.024182,-0.823144,0.391763,-0.198380,0.146446,-0.303940,-0.511547,0.193368,0.317838
2.320000,2.320000,sine,-0.522567,0.000000,-0.518566,-0.002225,-0.453406,-0.016405,0.924555,0.242084,0.695742,-1.113075,-8.447086,-0.410818,-0.018138,-0.822936,0.392015,-0.198784,0.147042,-0.303770,-0.497763,0.181675,0.217240
2.340000,2.340000,sine,-0.523342,0.000000,-0.525261,-0.002743,-0.237489,-0.012008,0.928366,0.303915,0.695315,-1.115149,-8.454744,-0.411328,-0.012757,-0.823089,0.391371,-0.199845,0.146821,-0.303524,-0.483569,0.167068,0.113791
2.360000,2.360000,sine,-0.519471,0.000000,-0.527185,-0.003192,-0.010122,-0.000001,0.907372,0.332079,0.694839,-1.117112,-8.462433,-0.411888,-0.008084,-0.823620,0.389787,-0.201607,0.145699,-0.303186,-0.467089,0.149320,-0.003812
2.380000,2.380000,sine,-0.510990,0.000000,-0.524450,-0.003330,0.193384,0.011851,0.899388,0.346377,0.694315,-1.118957,-8.470153,-0.412517,-0.004150,-0.824539,0.387231,-0.203828,0.143893,-0.302749,-0.452858,0.131628,-0.108198
2.400000,2.400000,sine,-0.497973,0.000000,-0.517198,-0.003391,0.401275,0.014020,0.906878,0.360568,0.693744,-1.120680,-8.477896,-0.413227,-0.000938,-0.825821,0.383746,-0.206569,0.141255,-0.302214,-0.435949,0.112202,-0.216744
2.420000,2.420000,sine,-0.480536,0.000000,-0.505506,-0.003432,0.609233,0.002307,0.930309,0.370360,0.693123,-1.122276,-8.485661,-0.414022,0.001522,-0.827458,0.379337,-0.209755,0.137760,-0.301592,-0.415814,0.091410,-0.324130
2.440000,2.440000,sine,-0.458834,0.000000,-0.489513,-0.003512,0.803616,0.000003,0.973023,0.380770,0.692451,-1.123739,-8.493444,-0.414897,0.003208,-0.829425,0.374037,-0.213303,0.133398,-0.300902,-0.391903,0.069679,-0.428421
2.460000,2.460000,sine,-0.433059,0.000000,-0.469390,-0.003638,0.988693,0.000003,1.032047,0.395212,0.691725,-1.125061,-8.501243,-0.415843,0.004093,-0.831695,0.367888,-0.217145,0.128119,-0.300166,-0.363092,0.047183,-0.529469
2.480000,2.480000,sine,-0.403441,0.000000,-0.445316,-0.003810,1.165747,0.000004,1.102284,0.414296,0.690940,-1.126237,-8.509050,-0.416842,0.004148,-0.834235,0.360941,-0.221194,0.121883,-0.299410,-0.328586,0.024352,-0.626706
2.500000,2.500000,sine,-0.370241,0.000000,-0.417483,-0.004022,1.334056,0.000004,1.178242,0.437467,0.690093,-1.127261,-8.516859,-0.417868,0.003346,-0.837010,0.353256,-0.225349,0.114668,-0.298663,-0.287916,0.001862,-0.718985
2.520000,2.520000,sine,-0.333755,0.000000,-0.386106,-0.004261,1.492535,0.000005,1.254909,0.463606,0.689178,-1.128128,-8.524658,-0.418887,0.001667,-0.839982,0.344909,-0.229493,0.106472,-0.297951,-0.240845,-0.019402,-0.805002
2.540000,2.540000,sine,-0.294307,0.000000,-0.351429,-0.004516,1.639868,0.000005,1.327765,0.491475,0.688189,-1.128833,-8.532449,-0.419856,-0.000903,-0.843110,0.335984,-0.233497,0.097316,-0.297298,-0.187366,-0.038385,-0.883421
2.560000,2.560000,sine,-0.252246,0.000000,-0.313725,-0.004775,1.774767,0.000005,1.392418,0.519651,0.687121,-1.129375,-8.540224,-0.420725,-0.004366,-0.846354,0.326581,-0.237230,0.087247,-0.296729,-0.127619,-0.053996,-0.953036
2.580000,2.580000,sine,-0.207947,0.000000,-0.273291,-0.005023,1.896012,0.000005,1.444733,0.546696,0.685968,-1.129752,-8.547978,-0.421437,-0.008715,-0.849676,0.316807,-0.240562,0.076337,-0.296265,-0.061851,-0.065188,-1.012792
2.600000,2.600000,sine,-0.161801,0.000000,-0.230455,-0.005239,2.002558,0.000005,1.480641,0.570313,0.684723,-1.129966,-8.555702,-0.421927,-0.013935,-0.853036,0.306777,-0.243367,0.064679,-0.295930,0.009600,-0.071010,-1.061837
2.620000,2.620000,sine,-0.114220,0.000000,-0.185566,-0.005406,2.092784,0.000005,1.498073,0.588619,0.683381,-1.130018,-8.563390,-0.422131,-0.019994,-0.856403,0.296613,-0.245538,0.052394,-0.295745,0.085067,-0.070484,-1.099540
2.640000,2.640000,sine,-0.065624,0.000000,-0.139006,-0.005518,2.164947,0.000005,1.497912,0.601037,0.681936,-1.129914,-8.571035,-0.421984,-0.026841,-0.859748,0.286431,-0.246986,0.039626,-0.295725,0.161501,-0.062874,-1.125860
2.660000,2.660000,sine,-0.016447,0.000000,-0.091208,-0.005570,2.214461,0.000005,1.489464,0.606890,0.680385,-1.129665,-8.578637,-0.421430,-0.034389,-0.863047,0.276341,-0.247649,0.026571,-0.295872,0.235118,-0.047992,-1.138791
2.680000,2.680000,sine,0.032877,0.000000,-0.042648,-0.005569,2.242390,0.000006,1.480303,0.606904,0.678728,-1.129285,-8.586196,-0.420431,-0.042524,-0.866279,0.266442,-0.247518,0.013417,-0.296181,0.303234,-0.026404,-1.140460
2.700000,2.700000,sine,0.081909,0.000000,0.006238,-0.005527,2.251314,0.000006,1.462826,0.602384,0.676964,-1.128788,-8.593705,-0.418957,-0.051125,-0.869431,0.256808,-0.246622,0.000319,-0.296638,0.364179,0.000850,-1.133528
2.720000,2.720000,sine,0.130214,0.000000,0.055043,-0.005447,2.241812,0.000005,1.431432,0.593720,0.675098,-1.128190,-8.601174,-0.416998,-0.060073,-0.872497,0.247492,-0.245016,-0.012567,-0.297223,0.416767,0.032438,-1.118742
2.740000,2.740000,sine,0.177363,0.000000,0.103360,-0.005329,2.213769,0.000005,1.383821,0.580933,0.673133,-1.127509,-8.608599,-0.414558,-0.069242,-0.875468,0.238542,-0.242776,-0.025062,-0.297922,0.460388,0.066736,-1.096134
2.760000,2.760000,sine,0.222938,0.000000,0.150778,-0.005173,2.167020,0.000005,1.319432,0.563970,0.671077,-1.126761,-8.615985,-0.411659,-0.078513,-0.878333,0.230008,-0.240004,-0.036996,-0.298724,0.494975,0.102010,-1.065561
2.780000,2.780000,sine,0.266534,0.000000,0.196886,-0.004979,2.101512,0.000005,1.238997,0.542883,0.668939,-1.125965,-8.623341,-0.408338,-0.087770,-0.881079,0.221939,-0.236824,-0.048214,-0.299618,0.520897,0.136560,-1.026893
2.800000,2.800000,sine,0.307764,0.000000,0.241277,-0.004749,2.017354,0.000004,1.144318,0.517841,0.666728,-1.125136,-8.630672,-0.404646,-0.096906,-0.883690,0.214388,-0.233372,-0.058586,-0.300594,0.538828,0.168825,-0.980084
2.820000,2.820000,sine,0.346263,0.000000,0.283549,-0.004485,1.914825,0.000004,1.038203,0.489111,0.664458,-1.124291,-8.637984,-0.400650,-0.105826,-0.886150,0.207410,-0.229799,-0.068008,-0.301641,0.549637,0.197451,-0.925198
2.840000,2.840000,sine,0.381688,0.000000,0.323310,-0.004191,1.794397,0.000003,0.924355,0.457048,0.662141,-1.123446,-8.645291,-0.396425,-0.114448,-0.888439,0.201060,-0.226253,-0.076404,-0.302747,0.554285,0.221339,-0.862430
2.860000,2.860000,sine,0.413725,0.000000,0.360183,-0.003870,1.656733,0.000003,0.807183,0.422102,0.659791,-1.122614,-8.652597,-0.392053,-0.122700,-0.890539,0.195396,-0.222881,-0.083724,-0.303898,0.553741,0.239666,-0.792105
2.880000,2.880000,sine,0.442090,0.000000,0.393812,-0.003529,1.502709,0.000002,0.691673,0.384808,0.657424,-1.121809,-8.659915,-0.387620,-0.130525,-0.892432,0.190470,-0.219816,-0.089946,-0.305076,0.548936,0.251903,-0.714662
2.900000,2.900000,sine,0.466531,0.000000,0.423862,-0.003170,1.333436,0.000002,0.583025,0.345672,0.655055,-1.121043,-8.667253,-0.383216,-0.137878,-0.894100,0.186333,-0.217172,-0.095071,-0.306259,0.540760,0.257836,-0.630578
2.920000,2.920000,sine,0.486831,0.000000,0.450029,-0.002801,1.150264,0.000002,0.486462,0.305260,0.652699,-1.120327,-8.674617,-0.378926,-0.144722,-0.895527,0.183034,-0.215036,-0.099120,-0.307424,0.530215,0.257644,-0.540225
2.940000,2.940000,sine,0.502810,0.000000,0.472042,-0.002426,0.954805,0.000001,0.406875,0.264238,0.650370,-1.119669,-8.682015,-0.374831,-0.151035,-0.896698,0.180620,-0.213468,-0.102125,-0.308545,0.518285,0.251827,-0.444105
2.960000,2.960000,sine,0.514326,0.000000,0.489671,-0.002054,0.748981,0.000001,0.348284,0.223497,0.648081,-1.119077,-8.689456,-0.371002,-0.156800,-0.897598,0.179133,-0.212504,-0.104123,-0.309598,0.505554,0.240975,-0.343203
2.980000,2.980000,sine,0.521276,0.000000,0.502731,-0.001704,0.533712,0.002388,0.315793,0.180142,0.645844,-1.118557,-8.696937,-0.367501,-0.162012,-0.898218,0.178606,-0.212145,-0.105155,-0.310558,0.492417,0.225804,-0.238620
3.000000,3.000000,sine,0.523600,0.000000,0.511122,-0.001454,0.313877,0.000000,0.302204,0.150811,0.643670,-1.118114,-8.704462,-0.364378,-0.166668,-0.898547,0.179064,-0.212367,-0.105265,-0.311399,0.479117,0.207105,-0.130223
3.020000,3.020000,sine,0.521276,0.000000,0.514741,-0.001286,0.086992,0.000224,0.312760,0.126384,0.641566,-1.117750,-8.712034,-0.361677,-0.170768,-0.898575,0.180531,-0.213129,-0.104468,-0.312103,0.465353,0.185466,-0.016568
3.040000,3.040000,sine,0.514326,0.000000,0.513534,-0.001090,-0.124366,-0.006652,0.332251,0.101898,0.639540,-1.117470,-8.719648,-0.359426,-0.174310,-0.898294,0.183023,-0.214343,-0.102886,-0.312656,0.453080,0.162921,0.091418
3.060000,3.060000,sine,0.502810,0.000000,0.507708,-0.000876,-0.336847,-0.000001,0.332695,0.077553,0.637596,-1.117275,-8.727306,-0.357632,-0.177319,-0.897705,0.186502,-0.215966,-0.100468,-0.313045,0.439415,0.138690,0.198607
3.080000,3.080000,sine,0.486831,0.000000,0.497402,-0.000637,-0.538359,-0.000001,0.315205,0.051761,0.635738,-1.117169,-8.735002,-0.356313,-0.179790,-0.896805,0.190940,-0.217940,-0.097212,-0.313269,0.423362,0.113014,0.303306
3.100000,3.100000,sine,0.466531,0.000000,0.482771,-0.000375,-0.732587,-0.000002,0.279258,0.024466,0.633974,-1.117155,-8.742734,-0.355481,-0.181708,-0.895591,0.196296,-0.220211,-0.093074,-0.313329,0.403472,0.085870,0.405374
3.120000,3.120000,sine,0.442090,0.000000,0.463968,-0.000090,-0.919832,-0.000002,0.228037,-0.004429,0.632308,-1.117239,-8.750497,-0.355152,-0.183048,-0.894061,0.202521,-0.222715,-0.088015,-0.313235,0.378612,0.057469,0.504630
3.140000,3.140000,sine,0.413725,0.000000,0.441152,0.000214,-1.099748,-0.000002,0.166330,-0.034761,0.630747,-1.117429,-8.758282,-0.355336,-0.183778,-0.892215,0.209558,-0.225379,-0.082000,-0.313001,0.347943,0.028265,0.600377
3.160000,3.160000,sine,0.381688,0.000000,0.414505,0.000523,-1.271624,-0.000003,0.098799,-0.066101,0.629296,-1.117732,-8.766088,-0.356037,-0.183860,-0.890055,0.217338,-0.228112,-0.075006,-0.312642,0.310869,-0.001063,0.691668
3.180000,3.180000,sine,0.346263,0.000000,0.384230,0.000831,-1.434101,-0.000003,0.029979,-0.097583,0.627960,-1.118153,-8.773909,-0.357248,-0.183258,-0.887589,0.225779,-0.230818,-0.067030,-0.312176,0.267110,-0.029543,0.777154
3.200000,3.200000,sine,0.307764,0.000000,0.350562,0.001130,-1.585842,-0.000004,-0.035939,-0.128507,0.626742,-1.118702,-8.781734,-0.358952,-0.181937,-0.884832,0.234787,-0.233387,-0.058093,-0.311618,0.216598,-0.056005,0.855619
3.220000,3.220000,sine,0.266534,0.000000,0.313764,0.001413,-1.725473,-0.000004,-0.094898,-0.158084,0.625646,-1.119384,-8.789561,-0.361119,-0.179863,-0.881805,0.244260,-0.235706,-0.048236,-0.310981,0.159438,-0.079225,0.925877
3.240000,3.240000,sine,0.222938,0.000000,0.274131,0.001672,-1.851770,-0.000004,-0.142989,-0.185500,0.624671,-1.120206,-8.797381,-0.363705,-0.177006,-0.878537,0.254087,-0.237663,-0.037526,-0.310285,0.095845,-0.098031,0.986910
3.260000,3.260000,sine,0.177363,0.000000,0.231978,0.001899,-1.963505,-0.000004,-0.176501,-0.209566,0.623817,-1.121175,-8.805187,-0.366660,-0.173340,-0.875064,0.264152,-0.239150,-0.026053,-0.309547,0.026143,-0.111345,1.037735
3.280000,3.280000,sine,0.130214,0.000000,0.187649,0.002084,-2.059463,-0.000004,-0.192448,-0.229264,0.623084,-1.122295,-8.812977,-0.369919,-0.168846,-0.871432,0.274331,-0.240073,-0.013924,-0.308790,-0.048816,-0.118178,1.077623
3.300000,3.300000,sine,0.081909,0.000000,0.141518,0.002219,-2.137798,-0.000004,-0.190685,-0.243820,0.622465,-1.123571,-8.820741,-0.373410,-0.163517,-0.867688,0.284507,-0.240352,-0.001276,-0.308043,-0.126334,-0.117633,1.106255
3.320000,3.320000,sine,0.032877,0.000000,0.093999,0.002304,-2.195357,-0.000004,-0.176332,-0.253101,0.621955,-1.125003,-8.828472,-0.377046,-0.157378,-0.863885,0.294569,-0.239936,0.011717,-0.307334,-0.202810,-0.109301,1.122658
3.340000,3.340000,sine,-0.016447,0.000000,0.045563,0.002338,-2.229988,-0.000004,-0.161400,-0.257000,0.621542,-1.126588,-8.836172,-0.380733,-0.150484,-0.860073,0.304419,-0.238812,0.024827,-0.306682,-0.274819,-0.093498,1.126704
3.360000,3.360000,sine,-0.065624,0.000000,-0.003332,0.002332,-2.245013,-0.000005,-0.141901,-0.256611,0.621214,-1.128321,-8.843835,-0.384379,-0.142914,-0.856298,0.313978,-0.237000,0.037862,-0.306098,-0.340373,-0.071219,1.121929
3.380000,3.380000,sine,-0.114220,0.000000,-0.052269,0.002290,-2.241454,-0.000004,-0.111164,-0.252528,0.620955,-1.130192,-8.851465,-0.387903,-0.134752,-0.852595,0.323195,-0.234557,0.050641,-0.305584,-0.397950,-0.043735,1.109611
3.400000,3.400000,sine,-0.161801,0.000000,-0.100837,0.002210,-2.219436,-0.000005,-0.066383,-0.244783,0.620751,-1.132190,-8.859062,-0.391234,-0.126097,-0.848994,0.332031,-0.231565,0.062992,-0.305135,-0.446619,-0.012514,1.090053
3.420000,3.420000,sine,-0.207947,0.000000,-0.148626,0.002093,-2.178769,-0.000005,-0.006639,-0.233474,0.620589,-1.134301,-8.866626,-0.394313,-0.117057,-0.845524,0.340446,-0.228134,0.074755,-0.304748,-0.486056,0.020882,1.063102
3.440000,3.440000,sine,-0.252246,0.000000,-0.195222,0.001934,-2.119508,-0.000005,0.067682,-0.218425,0.620453,-1.136509,-8.874162,-0.397097,-0.107744,-0.842213,0.348401,-0.224391,0.085792,-0.304420,-0.516474,0.054798,1.028677
3.460000,3.460000,sine,-0.294307,0.000000,-0.240213,0.001731,-2.041767,-0.000005,0.155110,-0.199657,0.620331,-1.138797,-8.881676,-0.399559,-0.098274,-0.839086,0.355851,-0.220472,0.095984,-0.304156,-0.538429,0.087597,0.986685
3.480000,3.480000,sine,-0.333755,0.000000,-0.283196,0.001482,-1.945769,-0.000004,0.253098,-0.176826,0.620211,-1.141147,-8.889172,-0.401690,-0.088763,-0.836168,0.362753,-0.216524,0.105240,-0.303957,-0.552717,0.117817,0.937081
3.500000,3.500000,sine,-0.370241,0.000000,-0.323775,0.001190,-1.831696,-0.000004,0.358134,-0.149532,0.620081,-1.143539,-8.896657,-0.403496,-0.079323,-0.833483,0.369060,-0.212697,0.113495,-0.303821,-0.560228,0.144228,0.879786
3.520000,3.520000,sine,-0.403441,0.000000,-0.361565,0.000846,-1.700408,-0.000004,0.466636,-0.117360,0.619933,-1.145955,-8.904140,-0.404998,-0.070061,-0.831053,0.374724,-0.209132,0.120712,-0.303743,-0.562003,0.165903,0.815173
3.540000,3.540000,sine,-0.433059,0.000000,-0.396208,0.000457,-1.552408,-0.000003,0.574649,-0.079922,0.619759,-1.148373,-8.911623,-0.406229,-0.061077,-0.828900,0.379701,-0.205961,0.126880,-0.303714,-0.559050,0.182220,0.743237
3.560000,3.560000,sine,-0.458834,0.000000,-0.427367,0.000032,-1.388636,-0.000004,0.677468,-0.037856,0.619552,-1.150776,-8.919121,-0.407228,-0.052459,-0.827044,0.383942,-0.203295,0.132008,-0.303720,-0.552485,0.192911,0.664168
3.580000,3.580000,sine,-0.480536,0.000000,-0.454733,-0.000418,-1.208425,-0.003480,0.769366,0.007982,0.619307,-1.153145,-8.926634,-0.408043,-0.044289,-0.825505,0.387403,-0.201227,0.136115,-0.303744,-0.543358,0.198016,0.578268
3.600000,3.600000,sine,-0.497973,0.000000,-0.478022,-0.000891,-1.011581,-0.014351,0.844322,0.057663,0.619021,-1.155463,-8.934169,-0.408723,-0.036632,-0.824300,0.390041,-0.199823,0.139224,-0.303766,-0.532313,0.197740,0.486745
3.620000,3.620000,sine,-0.510990,0.000000,-0.496997,-0.001373,-0.806720,-0.019688,0.891036,0.123113,0.618690,-1.157714,-8.941730,-0.409317,-0.029546,-0.823444,0.391824,-0.199112,0.141389,-0.303761,-0.519885,0.192573,0.391076
3.640000,3.640000,sine,-0.519471,0.000000,-0.511461,-0.001873,-0.595954,-0.019530,0.912604,0.199245,0.618313,-1.159884,-8.949322,-0.409871,-0.023074,-0.822943,0.392732,-0.199092,0.142665,-0.303705,-0.506571,0.183207,0.292260
3.660000,3.660000,sine,-0.523342,0.000000,-0.521289,-0.002394,-0.381759,-0.015631,0.923873,0.264735,0.617890,-1.161961,-8.956946,-0.410424,-0.017245,-0.822799,0.392756,-0.199739,0.143100,-0.303575,-0.492732,0.170440,0.190945
3.680000,3.680000,sine,-0.522567,0.000000,-0.526415,-0.002911,-0.161995,-0.012697,0.919922,0.331655,0.617419,-1.163935,-8.964603,-0.411008,-0.012089,-0.823018,0.391877,-0.201028,0.142708,-0.303354,-0.478035,0.154847,0.084757
3.700000,3.700000,sine,-0.517154,0.000000,-0.526760,-0.003242,0.052491,0.006995,0.901252,0.331544,0.616901,-1.165798,-8.972293,-0.411648,-0.007663,-0.823627,0.390033,-0.202931,0.141474,-0.303030,-0.462592,0.137220,-0.027266
3.720000,3.720000,sine,-0.507150,0.000000,-0.522543,-0.003345,0.262888,0.011999,0.903765,0.350817,0.616335,-1.167544,-8.980008,-0.412360,-0.003956,-0.824610,0.387248,-0.205316,0.139488,-0.302597,-0.446965,0.118756,-0.135562
3.740000,3.740000,sine,-0.492645,0.000000,-0.513804,-0.003384,0.470612,0.012206,0.914165,0.362526,0.615721,-1.169168,-8.987748,-0.413153,-0.000988,-0.825960,0.383528,-0.208172,0.136673,-0.302061,-0.428899,0.098947,-0.244565
3.760000,3.760000,sine,-0.473767,0.000000,-0.500654,-0.003429,0.676083,0.000003,0.942569,0.370995,0.615056,-1.170665,-8.995512,-0.414026,0.001219,-0.827661,0.378891,-0.211434,0.132993,-0.301437,-0.407429,0.077966,-0.351158
3.780000,3.780000,sine,-0.450685,0.000000,-0.483257,-0.003520,0.866432,0.000003,0.990518,0.381997,0.614340,-1.172027,-9.003293,-0.414974,0.002643,-0.829686,0.373376,-0.215021,0.128435,-0.300745,-0.381909,0.056200,-0.454468
3.800000,3.800000,sine,-0.423601,0.000000,-0.461791,-0.003657,1.048793,0.000004,1.053508,0.397497,0.613568,-1.173250,-9.011083,-0.415984,0.003256,-0.832008,0.367028,-0.218867,0.122943,-0.300010,-0.351161,0.033816,-0.554522
3.820000,3.820000,sine,-0.392758,0.000000,-0.436436,-0.003840,1.222925,0.000004,1.125910,0.417695,0.612736,-1.174327,-9.018881,-0.417035,0.003029,-0.834593,0.359900,-0.222881,0.116484,-0.299257,-0.314536,0.011337,-0.650477
3.840000,3.840000,sine,-0.358429,0.000000,-0.407392,-0.004060,1.388038,0.000005,1.202362,0.441770,0.611839,-1.175252,-9.026675,-0.418098,0.001937,-0.837405,0.352056,-0.226958,0.109041,-0.298517,-0.271630,-0.010502,-0.741146
3.860000,3.860000,sine,-0.320918,0.000000,-0.374882,-0.004306,1.542905,0.000005,1.278016,0.468528,0.610873,-1.176020,-9.034464,-0.419136,-0.000039,-0.840405,0.343576,-0.230979,0.100620,-0.297814,-0.222304,-0.030737,-0.825149
3.880000,3.880000,sine,-0.280559,0.000000,-0.339161,-0.004563,1.686212,0.000005,1.348354,0.496592,0.609831,-1.176629,-9.042242,-0.420104,-0.002908,-0.843553,0.334548,-0.234817,0.091250,-0.297173,-0.166594,-0.048300,-0.901168
3.900000,3.900000,sine,-0.237709,0.000000,-0.300509,-0.004819,1.816682,0.000005,1.409062,0.524532,0.608707,-1.177075,-9.049999,-0.420948,-0.006671,-0.846809,0.325073,-0.238340,0.080985,-0.296618,-0.104678,-0.062120,-0.968017
3.920000,3.920000,sine,-0.192750,0.000000,-0.259235,-0.005059,1.933139,0.000005,1.456032,0.550697,0.607496,-1.177360,-9.057727,-0.421608,-0.011316,-0.850134,0.315263,-0.241421,0.069906,-0.296173,-0.036824,-0.071187,-1.024682
3.940000,3.940000,sine,-0.146080,0.000000,-0.215671,-0.005260,2.034459,0.000006,1.485601,0.572693,0.606190,-1.177482,-9.065426,-0.422020,-0.016825,-0.853491,0.305235,-0.243942,0.058113,-0.295859,0.036409,-0.074565,-1.070351
3.960000,3.960000,sine,-0.098113,0.000000,-0.170179,-0.005410,2.118799,0.000006,1.496845,0.589157,0.604786,-1.177447,-9.073086,-0.422118,-0.023160,-0.856849,0.295111,-0.245800,0.045736,-0.295698,0.112667,-0.071292,-1.104562
3.980000,3.980000,sine,-0.049275,0.000000,-0.123151,-0.005505,2.184235,0.000005,1.491084,0.599708,0.603276,-1.177261,-9.080707,-0.421839,-0.030257,-0.860179,0.285004,-0.246916,0.032928,-0.295701,0.188702,-0.060816,-1.127194
4.000000,4.000000,sine,-0.000000,0.000000,-0.075044,-0.005538,2.225699,0.000005,1.483227,0.603456,0.601660,-1.176936,-9.088280,-0.421135,-0.038020,-0.863460,0.275022,-0.247242,0.019904,-0.295868,0.260665,-0.043179,-1.135917
4.020000,4.020000,sine,0.049275,0.000000,-0.026332,-0.005524,2.247017,0.000006,1.473113,0.602053,0.599938,-1.176486,-9.095805,-0.419968,-0.046326,-0.866671,0.265258,-0.246787,0.006831,-0.296191,0.326513,-0.019174,-1.134771
4.040000,4.040000,sine,0.098113,0.000000,0.022569,-0.005472,2.249796,0.000005,1.451836,0.596396,0.598110,-1.175927,-9.103283,-0.418319,-0.055058,-0.869803,0.255776,-0.245589,-0.006139,-0.296653,0.384732,0.010058,-1.125477
4.060000,4.060000,sine,0.146080,0.000000,0.071253,-0.005382,2.234165,0.000005,1.415483,0.586677,0.596181,-1.175275,-9.110720,-0.416180,-0.064093,-0.872847,0.246625,-0.243711,-0.018837,-0.297239,0.434320,0.043089,-1.108373
4.080000,4.080000,sine,0.192750,0.000000,0.119312,-0.005254,2.199937,0.000005,1.362480,0.572787,0.594156,-1.174546,-9.118114,-0.413562,-0.073308,-0.875795,0.237856,-0.241237,-0.031085,-0.297934,0.474858,0.078232,-1.083391
4.100000,4.100000,sine,0.237709,0.000000,0.166337,-0.005087,2.146962,0.000005,1.292792,0.554706,0.592042,-1.173757,-9.125470,-0.410493,-0.082583,-0.878634,0.229515,-0.238277,-0.042716,-0.298729,0.506446,0.113750,-1.050367
4.120000,4.120000,sine,0.280559,0.000000,0.211916,-0.004883,2.075239,0.000004,1.207533,0.532528,0.589850,-1.172927,-9.132799,-0.407015,-0.091808,-0.881351,0.221655,-0.234959,-0.053586,-0.299614,0.529570,0.147980,-1.009195
4.140000,4.140000,sine,0.320918,0.000000,0.255642,-0.004644,1.984936,0.000004,1.108874,0.506458,0.587591,-1.172071,-9.140105,-0.403186,-0.100877,-0.883927,0.214329,-0.231425,-0.063574,-0.300580,0.544986,0.179423,-0.959869
4.160000,4.160000,sine,0.358429,0.000000,0.297117,-0.004372,1.876395,0.000004,0.999910,0.476799,0.585276,-1.171206,-9.147400,-0.399076,-0.109699,-0.886346,0.207593,-0.227826,-0.072584,-0.301616,0.553605,0.206806,-0.902499
4.180000,4.180000,sine,0.392758,0.000000,0.335954,-0.004070,1.750149,0.000003,0.884609,0.443934,0.582920,-1.170345,-9.154687,-0.394762,-0.118198,-0.888588,0.201503,-0.224309,-0.080551,-0.302710,0.556399,0.229120,-0.837331
4.200000,4.200000,sine,0.423601,0.000000,0.371782,-0.003744,1.606933,0.000003,0.767638,0.408374,0.580537,-1.169504,-9.161979,-0.390328,-0.126307,-0.890635,0.196114,-0.221018,-0.087437,-0.303846,0.554330,0.245640,-0.764732
4.220000,4.220000,sine,0.450685,0.000000,0.404252,-0.003398,1.447706,0.000002,0.654019,0.370613,0.578143,-1.168696,-9.169284,-0.385863,-0.133973,-0.892467,0.191479,-0.218078,-0.093226,-0.305005,0.548309,0.255938,-0.685173
4.240000,4.240000,sine,0.473767,0.000000,0.433038,-0.003037,1.273655,0.000002,0.549007,0.331179,0.575752,-1.167930,-9.176611,-0.381455,-0.141153,-0.894067,0.187649,-0.215596,-0.097928,-0.306166,0.539244,0.259920,-0.599115
4.260000,4.260000,sine,0.492645,0.000000,0.457846,-0.002667,1.086211,0.000001,0.457749,0.290662,0.573380,-1.167218,-9.183969,-0.377189,-0.147817,-0.895419,0.184670,-0.213649,-0.101569,-0.307304,0.528169,0.257898,-0.506916
4.280000,4.280000,sine,0.507150,0.000000,0.478419,-0.002294,0.887084,0.000001,0.384927,0.249799,0.571041,-1.166568,-9.191361,-0.373143,-0.153944,-0.896508,0.182589,-0.212289,-0.104184,-0.308393,0.515963,0.250422,-0.409229
4.300000,4.300000,sine,0.517154,0.000000,0.494541,-0.001927,0.678316,0.000001,0.334121,0.209597,0.568747,-1.165985,-9.198796,-0.369384,-0.159523,-0.897321,0.181444,-0.211539,-0.105811,-0.309408,0.503120,0.238120,-0.307153
4.320000,4.320000,sine,0.522567,0.000000,0.506053,-0.001606,0.460201,0.002844,0.308169,0.171284,0.566509,-1.165477,-9.206277,-0.365973,-0.164549,-0.897847,0.181268,-0.211393,-0.106491,-0.310324,0.489949,0.221721,-0.201423
4.340000,4.340000,sine,0.523342,0.000000,0.512864,-0.001392,0.239520,0.000000,0.303008,0.141450,0.564338,-1.165046,-9.213801,-0.362956,-0.169021,-0.898076,0.182082,-0.211815,-0.106272,-0.311118,0.476757,0.202101,-0.092259
4.360000,4.360000,sine,0.519471,0.000000,0.514840,-0.001209,0.008089,0.000000,0.331279,0.117614,0.562241,-1.164698,-9.221375,-0.360374,-0.172934,-0.897997,0.183919,-0.212774,-0.105124,-0.311769,0.462416,0.179368,0.025706
4.380000,4.380000,sine,0.510990,0.000000,0.512042,-0.001028,-0.196359,-0.005055,0.343134,0.094238,0.560225,-1.164433,-9.228995,-0.358250,-0.176295,-0.897603,0.186776,-0.214146,-0.103266,-0.312270,0.450860,0.156794,0.129084
4.400000,4.400000,sine,0.497973,0.000000,0.504715,-0.000807,-0.403726,-0.000001,0.331521,0.069910,0.558292,-1.164254,-9.236653,-0.356585,-0.179135,-0.896901,0.190596,-0.215912,-0.100566,-0.312606,0.436835,0.132183,0.234205
4.420000,4.420000,sine,0.480536,0.000000,0.492975,-0.000557,-0.602522,-0.000001,0.303988,0.043454,0.556449,-1.164163,-9.244348,-0.355398,-0.181438,-0.895884,0.195357,-0.218015,-0.097014,-0.312778,0.419698,0.105958,0.337923
4.440000,4.440000,sine,0.458834,0.000000,0.476957,-0.000283,-0.794760,-0.000002,0.260990,0.015283,0.554702,-1.164168,-9.252080,-0.354707,-0.183181,-0.894549,0.201021,-0.220399,-0.092565,-0.312790,0.398230,0.078242,0.439429
4.460000,4.460000,sine,0.433059,0.000000,0.456812,0.000012,-0.980019,-0.000002,0.205348,-0.014500,0.553057,-1.164273,-9.259841,-0.354526,-0.184337,-0.892894,0.207538,-0.222997,-0.087182,-0.312654,0.371474,0.049368,0.537974
4.480000,4.480000,sine,0.403441,0.000000,0.432706,0.000320,-1.157664,-0.000003,0.141240,-0.045438,0.551519,-1.164485,-9.267623,-0.354864,-0.184870,-0.890918,0.214846,-0.225730,-0.080832,-0.312385,0.338687,0.019881,0.632648
4.500000,4.500000,sine,0.370241,0.000000,0.404829,0.000631,-1.326675,-0.000003,0.072841,-0.077001,0.550095,-1.164813,-9.275422,-0.355721,-0.184746,-0.888628,0.222872,-0.228504,-0.073502,-0.311999,0.299391,-0.009445,0.722285
4.520000,4.520000,sine,0.333755,0.000000,0.373398,0.000938,-1.485806,-0.000003,0.004524,-0.108519,0.548788,-1.165261,-9.283233,-0.357088,-0.183926,-0.886033,0.231529,-0.231217,-0.065195,-0.311513,0.253363,-0.037561,0.805669
4.540000,4.540000,sine,0.294307,0.000000,0.338658,0.001233,-1.633720,-0.000004,-0.059556,-0.139134,0.547601,-1.165839,-9.291050,-0.358943,-0.182377,-0.883149,0.240720,-0.233758,-0.055938,-0.310940,0.200606,-0.063259,0.881605
4.560000,4.560000,sine,0.252246,0.000000,0.300882,0.001508,-1.769070,-0.000004,-0.115354,-0.168136,0.546538,-1.166551,-9.298862,-0.361251,-0.180066,-0.880002,0.250339,-0.236013,-0.045782,-0.310297,0.141272,-0.085322,0.948946
4.580000,4.580000,sine,0.207947,0.000000,0.260373,0.001758,-1.890640,-0.000004,-0.159029,-0.194612,0.545598,-1.167405,-9.306672,-0.363968,-0.176965,-0.876623,0.260273,-0.237869,-0.034801,-0.309603,0.075615,-0.102599,1.006705
4.600000,4.600000,sine,0.161801,0.000000,0.217456,0.001973,-1.997311,-0.000004,-0.186968,-0.217418,0.544780,-1.168407,-9.314466,-0.367036,-0.173050,-0.873053,0.270402,-0.239223,-0.023091,-0.308874,0.003987,-0.114055,1.053989
4.620000,4.620000,sine,0.114220,0.000000,0.172484,0.002142,-2.087611,-0.000004,-0.196864,-0.235490,0.544082,-1.169561,-9.322241,-0.370390,-0.168303,-0.869336,0.280605,-0.239983,-0.010769,-0.308138,-0.072198,-0.118699,1.090154
4.640000,4.640000,sine,0.065624,0.000000,0.125841,0.002261,-2.159774,-0.000004,-0.189432,-0.248356,0.543499,-1.170871,-9.329986,-0.373953,-0.162726,-0.865525,0.290767,-0.240079,0.002023,-0.307422,-0.149919,-0.115772,1.115077
4.660000,4.660000,sine,0.016447,0.000000,0.077961,0.002328,-2.209378,-0.000004,-0.173991,-0.255795,0.543022,-1.172337,-9.337704,-0.377635,-0.156354,-0.861670,0.300781,-0.239471,0.015085,-0.306753,-0.225307,-0.105044,1.126914
4.680000,4.680000,sine,-0.032877,0.000000,0.029321,0.002348,-2.237352,-0.000005,-0.157804,-0.258119,0.542639,-1.173954,-9.345385,-0.381341,-0.149251,-0.857824,0.310551,-0.238157,0.028202,-0.306147,-0.295539,-0.087118,1.127764
4.700000,4.700000,sine,-0.081909,0.000000,-0.019638,0.002329,-2.246133,-0.000005,-0.134591,-0.256445,0.542337,-1.175716,-9.353033,-0.384981,-0.141498,-0.854027,0.320010,-0.236167,0.041184,-0.305610,-0.358749,-0.063088,1.120307
4.720000,4.720000,sine,-0.130214,0.000000,-0.068501,0.002274,-2.236400,-0.000005,-0.099095,-0.251101,0.542103,-1.177612,-9.360644,-0.388477,-0.133184,-0.850313,0.329113,-0.233569,0.053854,-0.305143,-0.413596,-0.034307,1.105464
4.740000,4.740000,sine,-0.177363,0.000000,-0.116858,0.002182,-2.208135,-0.000005,-0.049167,-0.242104,0.541919,-1.179631,-9.368223,-0.391762,-0.124410,-0.846713,0.337819,-0.230454,0.066043,-0.304741,-0.459348,-0.002287,1.083344
4.760000,4.760000,sine,-0.222938,0.000000,-0.164297,0.002050,-2.161249,-0.000005,0.015679,-0.229522,0.541773,-1.181758,-9.375774,-0.394782,-0.115285,-0.843255,0.346090,-0.226939,0.077598,-0.304398,-0.495879,0.031386,1.053828
4.780000,4.780000,sine,-0.266534,0.000000,-0.210405,0.001875,-2.095803,-0.000005,0.094706,-0.213111,0.541650,-1.183977,-9.383298,-0.397497,-0.105926,-0.839965,0.353886,-0.223152,0.088386,-0.304116,-0.523523,0.065036,1.016816
4.800000,4.800000,sine,-0.307764,0.000000,-0.254773,0.001656,-2.011934,-0.000004,0.186092,-0.192963,0.541537,-1.186271,-9.390801,-0.399886,-0.096446,-0.836869,0.361163,-0.219235,0.098297,-0.303898,-0.542927,0.097073,0.972217
4.820000,4.820000,sine,-0.346263,0.000000,-0.297000,0.001393,-1.909835,-0.000004,0.286929,-0.168592,0.541423,-1.188620,-9.398291,-0.401946,-0.086963,-0.833993,0.367875,-0.215337,0.107248,-0.303743,-0.554923,0.126103,0.919967
4.840000,4.840000,sine,-0.381688,0.000000,-0.336693,0.001083,-1.789941,-0.000004,0.393617,-0.139745,0.541298,-1.191006,-9.405773,-0.403686,-0.077585,-0.831360,0.373977,-0.211604,0.115183,-0.303649,-0.560471,0.150991,0.860151
4.860000,4.860000,sine,-0.413725,0.000000,-0.373473,0.000723,-1.652989,-0.000003,0.502556,-0.105667,0.541151,-1.193409,-9.413253,-0.405131,-0.068418,-0.828992,0.379421,-0.208177,0.122075,-0.303609,-0.560594,0.170907,0.793023
4.880000,4.880000,sine,-0.442090,0.000000,-0.406992,0.000321,-1.499607,-0.000003,0.609464,-0.066637,0.540975,-1.195810,-9.420739,-0.406317,-0.059558,-0.826910,0.384161,-0.205179,0.127919,-0.303612,-0.556335,0.185340,0.718630
4.900000,4.900000,sine,-0.466531,0.000000,-0.436922,-0.000113,-1.330795,-0.000004,0.709381,-0.023294,0.540765,-1.198189,-9.428241,-0.407285,-0.051092,-0.825134,0.388152,-0.202717,0.132728,-0.303644,-0.548837,0.194144,0.637163
4.920000,4.920000,sine,-0.486831,0.000000,-0.462958,-0.000572,-1.143783,-0.007971,0.796356,0.023974,0.540516,-1.200529,-9.435759,-0.408085,-0.043096,-0.823684,0.391348,-0.200877,0.136520,-0.303687,-0.538998,0.197400,0.549154
4.940000,4.940000,sine,-0.502810,0.000000,-0.484835,-0.001054,-0.944157,-0.016839,0.864866,0.075174,0.540224,-1.202813,-9.443303,-0.408764,-0.035634,-0.822578,0.393710,-0.199709,0.139331,-0.303718,-0.527452,0.195434,0.456067
4.960000,4.960000,sine,-0.514326,0.000000,-0.502327,-0.001535,-0.736943,-0.020391,0.899167,0.150380,0.539887,-1.205026,-9.450874,-0.409370,-0.028760,-0.821826,0.395209,-0.199236,0.141213,-0.303712,-0.514649,0.188772,0.359115
4.980000,4.980000,sine,-0.521276,0.000000,-0.515256,-0.002047,-0.524855,-0.018538,0.917378,0.222409,0.539503,-1.207155,-9.458476,-0.409948,-0.022510,-0.821434,0.395831,-0.199447,0.142222,-0.303647,-0.501124,0.178189,0.259395
5.000000,5.000000,sine,-0.523600,0.000000,-0.523523,-0.002569,-0.309830,-0.014091,0.925314,0.285637,0.539071,-1.209188,-9.466112,-0.410534,-0.016914,-0.821404,0.395565,-0.200309,0.142401,-0.303500,-0.487107,0.164468,0.157153
5.020000,5.020000,sine,-0.521276,0.000000,-0.527058,-0.003062,-0.089540,-0.000667,0.910009,0.344874,0.538591,-1.211116,-9.473780,-0.411158,-0.012005,-0.821747,0.394382,-0.201825,0.141725,-0.303256,-0.471615,0.147859,0.045724
5.040000,5.040000,sine,-0.514326,0.000000,-0.525888,-0.003280,0.122131,0.008415,0.908837,0.338023,0.538063,-1.212931,-9.481478,-0.411841,-0.007829,-0.822482,0.392237,-0.203869,0.140280,-0.302906,-0.456741,0.130236,-0.061750
5.060000,5.060000,sine,-0.502810,0.000000,-0.520154,-0.003365,0.332973,0.012560,0.908090,0.355460,0.537486,-1.214628,-9.489203,-0.412597,-0.004377,-0.823592,0.389154,-0.206417,0.138028,-0.302446,-0.440226,0.111251,-0.171565
5.080000,5.080000,sine,-0.486831,0.000000,-0.509919,-0.003398,0.541753,0.006256,0.921464,0.365749,0.536860,-1.216203,-9.496950,-0.413431,-0.001674,-0.825070,0.385138,-0.209413,0.134933,-0.301887,-0.421035,0.091019,-0.280223
5.100000,5.100000,sine,-0.466531,0.000000,-0.495323,-0.003456,0.740995,0.000003,0.955541,0.374359,0.536183,-1.217648,-9.504719,-0.414342,0.000260,-0.826895,0.380218,-0.212780,0.130975,-0.301246,-0.398374,0.069826,-0.385566
5.120000,5.120000,sine,-0.442090,0.000000,-0.476542,-0.003560,0.928442,0.000003,1.008717,0.386568,0.535451,-1.218958,-9.512502,-0.415320,0.001402,-0.829038,0.374436,-0.216450,0.126119,-0.300542,-0.371222,0.047877,-0.487637
5.140000,5.140000,sine,-0.413725,0.000000,-0.453754,-0.003711,1.107962,0.000004,1.075475,0.403550,0.534661,-1.220127,-9.520293,-0.416352,0.001725,-0.831470,0.367840,-0.220348,0.120318,-0.299802,-0.338590,0.025463,-0.586285
5.160000,5.160000,sine,-0.381688,0.000000,-0.427143,-0.003908,1.279109,0.000004,1.149860,0.425072,0.533809,-1.221149,-9.528090,-0.417411,0.001201,-0.834156,0.360487,-0.224378,0.113542,-0.299055,-0.299912,0.003178,-0.680525
5.180000,5.180000,sine,-0.346263,0.000000,-0.396917,-0.004137,1.440910,0.000004,1.226589,0.450103,0.532889,-1.222018,-9.535881,-0.418467,-0.000196,-0.837059,0.352445,-0.228432,0.105782,-0.298327,-0.254873,-0.018165,-0.769075
5.200000,5.200000,sine,-0.307764,0.000000,-0.363307,-0.004387,1.592047,0.000005,1.300985,0.477414,0.531897,-1.222730,-9.543668,-0.419481,-0.002481,-0.840140,0.343794,-0.232388,0.097050,-0.297644,-0.203411,-0.037549,-0.850529
5.220000,5.220000,sine,-0.266534,0.000000,-0.326576,-0.004645,1.731203,0.000005,1.368553,0.505553,0.530825,-1.223283,-9.551436,-0.420403,-0.005659,-0.843358,0.334629,-0.236116,0.087384,-0.297029,-0.145605,-0.053898,-0.923602
5.240000,5.240000,sine,-0.222938,0.000000,-0.287014,-0.004898,1.857116,0.000005,1.425127,0.533091,0.529669,-1.223674,-9.559181,-0.421178,-0.009727,-0.846673,0.325054,-0.239485,0.076849,-0.296507,-0.081671,-0.066158,-0.987149
5.260000,5.260000,sine,-0.177363,0.000000,-0.244938,-0.005126,1.968687,0.000005,1.466602,0.558014,0.528422,-1.223904,-9.566897,-0.421744,-0.014672,-0.850045,0.315183,-0.242372,0.065529,-0.296101,-0.011893,-0.073352,-1.040234
5.280000,5.280000,sine,-0.130214,0.000000,-0.200690,-0.005310,2.064543,0.000006,1.489998,0.578192,0.527078,-1.223975,-9.574579,-0.422035,-0.020469,-0.853440,0.305135,-0.244661,0.053535,-0.295833,0.062669,-0.074523,-1.082104
5.300000,5.300000,sine,-0.081909,0.000000,-0.154640,-0.005442,2.142831,0.000005,1.495487,0.592704,0.525631,-1.223891,-9.582224,-0.421988,-0.027072,-0.856826,0.295030,-0.246259,0.041007,-0.295722,0.139207,-0.068799,-1.112515
5.320000,5.320000,sine,-0.032877,0.000000,-0.107202,-0.005516,2.200311,0.000006,1.488099,0.601001,0.524079,-1.223661,-9.589828,-0.421542,-0.034406,-0.860178,0.284978,-0.247095,0.028116,-0.295775,0.214169,-0.055809,-1.130420
5.340000,5.340000,sine,0.016447,0.000000,-0.058847,-0.005533,2.234852,0.000005,1.480351,0.602906,0.522418,-1.223297,-9.597383,-0.420655,-0.042364,-0.863472,0.275085,-0.247140,0.015069,-0.295990,0.284249,-0.035872,-1.135648
5.360000,5.360000,sine,0.065624,0.000000,-0.010027,-0.005506,2.249953,0.000005,1.467027,0.600055,0.520650,-1.222814,-9.604892,-0.419295,-0.050824,-0.866692,0.265432,-0.246416,0.002023,-0.296355,0.347643,-0.009923,-1.131751
5.380000,5.380000,sine,0.114220,0.000000,0.038847,-0.005441,2.246606,0.000005,1.441009,0.593059,0.518777,-1.222228,-9.612354,-0.417445,-0.059667,-0.869830,0.256077,-0.244967,-0.010866,-0.296853,0.403000,0.020807,-1.119881
5.400000,5.400000,sine,0.161801,0.000000,0.087368,-0.005338,2.224789,0.000005,1.399231,0.581964,0.516804,-1.221556,-9.619777,-0.415107,-0.068769,-0.872876,0.247070,-0.242865,-0.023422,-0.297469,0.449522,0.054782,-1.100198
5.420000,5.420000,sine,0.207947,0.000000,0.135128,-0.005198,2.184313,0.000005,1.340670,0.566688,0.514737,-1.220814,-9.627156,-0.412297,-0.078009,-0.875821,0.238458,-0.240202,-0.035470,-0.298191,0.486984,0.090280,-1.072579
5.440000,5.440000,sine,0.252246,0.000000,0.181716,-0.005019,2.125079,0.000005,1.265668,0.547248,0.512584,-1.220019,-9.634501,-0.409047,-0.087269,-0.878652,0.230292,-0.237096,-0.046850,-0.299009,0.515627,0.125578,-1.036881
5.460000,5.460000,sine,0.294307,0.000000,0.226721,-0.004803,2.047136,0.000004,1.175698,0.523776,0.510356,-1.219189,-9.641819,-0.405407,-0.096439,-0.881353,0.222623,-0.233680,-0.057424,-0.299914,0.536043,0.159062,-0.993019
5.480000,5.480000,sine,0.333755,0.000000,0.269741,-0.004553,1.950707,0.000004,1.073253,0.496505,0.508064,-1.218339,-9.649117,-0.401439,-0.105422,-0.883906,0.215505,-0.230099,-0.067081,-0.300897,0.549052,0.189301,-0.941024
5.500000,5.500000,sine,0.370241,0.000000,0.310378,-0.004270,1.836198,0.000004,0.961743,0.465766,0.505722,-1.217485,-9.656405,-0.397214,-0.114130,-0.886294,0.208995,-0.226503,-0.075736,-0.301947,0.555593,0.215110,-0.881052
5.520000,5.520000,sine,0.403441,0.000000,0.348252,-0.003961,1.704208,0.000003,0.845376,0.431982,0.503344,-1.216642,-9.663692,-0.392815,-0.122489,-0.888495,0.203148,-0.223041,-0.083332,-0.303050,0.556643,0.235572,-0.813386
5.540000,5.540000,sine,0.433059,0.000000,0.382998,-0.003628,1.555539,0.000003,0.728970,0.395673,0.500944,-1.215822,-9.670988,-0.388326,-0.130439,-0.890492,0.198019,-0.219849,-0.089840,-0.304190,0.553144,0.250060,-0.738437
5.560000,5.560000,sine,0.458834,0.000000,0.414274,-0.003277,1.391226,0.000002,0.617662,0.357329,0.498538,-1.215039,-9.678297,-0.383838,-0.137931,-0.892266,0.193660,-0.217048,-0.095252,-0.305347,0.545992,0.258250,-0.656692
5.580000,5.580000,sine,0.480536,0.000000,0.441765,-0.002912,1.212541,0.000002,0.516715,0.317504,0.496142,-1.214303,-9.685633,-0.379438,-0.144926,-0.893800,0.190121,-0.214735,-0.099584,-0.306497,0.536134,0.260183,-0.568571
5.600000,5.600000,sine,0.497973,0.000000,0.465188,-0.002540,1.021006,0.000001,0.431153,0.276807,0.493769,-1.213624,-9.693000,-0.375208,-0.151397,-0.895076,0.187447,-0.212978,-0.102869,-0.307617,0.524609,0.256282,-0.474472
5.620000,5.620000,sine,0.510990,0.000000,0.484299,-0.002168,0.818427,0.000001,0.365363,0.236073,0.491434,-1.213008,-9.700405,-0.371224,-0.157328,-0.896081,0.185684,-0.211820,-0.105140,-0.308681,0.512148,0.247122,-0.375216
5.640000,5.640000,sine,0.519471,0.000000,0.498896,-0.001809,0.606912,0.000001,0.322479,0.196486,0.489149,-1.212463,-9.707852,-0.367551,-0.162710,-0.896803,0.184868,-0.211274,-0.106439,-0.309662,0.499194,0.233379,-0.271936
5.660000,5.660000,sine,0.523342,0.000000,0.508852,-0.001524,0.387860,0.000001,0.303978,0.161005,0.486925,-1.211992,-9.715343,-0.364244,-0.167540,-0.897230,0.185027,-0.211325,-0.106806,-0.310536,0.486003,0.215807,-0.164929
5.680000,5.680000,sine,0.522567,0.000000,0.514077,-0.001342,0.164761,-0.000000,0.305239,0.133464,0.484770,-1.211599,-9.722881,-0.361347,-0.171819,-0.897353,0.186181,-0.211929,-0.106285,-0.311282,0.472772,0.195261,-0.054691
5.700000,5.700000,sine,0.517154,0.000000,0.514445,-0.001149,-0.053131,-0.009039,0.328649,0.114889,0.482693,-1.211289,-9.730470,-0.358898,-0.175540,-0.897160,0.188364,-0.213030,-0.104908,-0.311883,0.459781,0.172713,0.057799
5.720000,5.720000,sine,0.507150,0.000000,0.510143,-0.000947,-0.266736,-0.002056,0.335549,0.085525,0.480698,-1.211063,-9.738098,-0.356907,-0.178726,-0.896653,0.191541,-0.214551,-0.102745,-0.312326,0.446896,0.149064,0.164576
5.740000,5.740000,sine,0.492645,0.000000,0.501321,-0.000717,-0.471451,-0.000001,0.322246,0.060326,0.478790,-1.210923,-9.745768,-0.355387,-0.181383,-0.895828,0.195683,-0.216444,-0.099753,-0.312606,0.431886,0.123831,0.269912
5.760000,5.760000,sine,0.473767,0.000000,0.488125,-0.000462,-0.668043,-0.000002,0.291050,0.033548,0.476974,-1.210873,-9.753474,-0.354354,-0.183498,-0.894684,0.200755,-0.218656,-0.095897,-0.312722,0.413440,0.097066,0.372917
5.780000,5.780000,sine,0.450685,0.000000,0.470705,-0.000183,-0.857742,-0.000002,0.243749,0.005056,0.475257,-1.210919,-9.761210,-0.353824,-0.185047,-0.893217,0.206712,-0.221128,-0.091135,-0.312684,0.390345,0.068912,0.473322
5.800000,5.800000,sine,0.423601,0.000000,0.449214,0.000116,-1.040301,-0.000002,0.184694,-0.024971,0.473645,-1.211067,-9.768977,-0.353810,-0.186001,-0.891426,0.213500,-0.223789,-0.085428,-0.312501,0.361681,0.039754,0.570507
5.820000,5.820000,sine,0.392758,0.000000,0.423828,0.000425,-1.215087,-0.000003,0.118440,-0.056093,0.472144,-1.211323,-9.776762,-0.354318,-0.186323,-0.889313,0.221053,-0.226556,-0.078749,-0.312191,0.326779,0.010203,0.663564
5.840000,5.840000,sine,0.358429,0.000000,0.394740,0.000735,-1.380894,-0.000003,0.049433,-0.087655,0.470758,-1.211696,-9.784565,-0.355346,-0.185977,-0.886885,0.229295,-0.229331,-0.071088,-0.311771,0.285255,-0.018874,0.751219
5.860000,5.860000,sine,0.320918,0.000000,0.362177,0.001039,-1.536405,-0.000004,-0.018026,-0.118939,0.469492,-1.212192,-9.792378,-0.356881,-0.184927,-0.884155,0.238135,-0.232008,-0.062458,-0.311255,0.236984,-0.046350,0.832232
5.880000,5.880000,sine,0.280559,0.000000,0.326394,0.001328,-1.680251,-0.000004,-0.079840,-0.149131,0.468349,-1.212817,-9.800196,-0.358898,-0.183139,-0.881141,0.247474,-0.234476,-0.052892,-0.310659,0.182014,-0.071001,0.905410
5.900000,5.900000,sine,0.237709,0.000000,0.287673,0.001596,-1.811164,-0.000004,-0.132054,-0.177449,0.467330,-1.213580,-9.808008,-0.361357,-0.180581,-0.877872,0.257202,-0.236620,-0.042450,-0.309999,0.120533,-0.091626,0.969689
5.920000,5.920000,sine,0.192750,0.000000,0.246324,0.001836,-1.927880,-0.000004,-0.170879,-0.202819,0.466436,-1.214485,-9.815810,-0.364211,-0.177225,-0.874381,0.267206,-0.238330,-0.031212,-0.309293,0.052845,-0.107103,1.024047
5.940000,5.940000,sine,0.146080,0.000000,0.202682,0.002036,-2.029325,-0.000004,-0.192893,-0.224194,0.465664,-1.215539,-9.823594,-0.367398,-0.173050,-0.870713,0.277363,-0.239505,-0.019281,-0.308561,-0.020595,-0.116435,1.067687
5.960000,5.960000,sine,0.098113,0.000000,0.157108,0.002189,-2.113762,-0.000004,-0.196814,-0.240536,0.465012,-1.216745,-9.831357,-0.370852,-0.168041,-0.866916,0.287555,-0.240061,-0.006784,-0.307832,-0.097671,-0.118646,1.100085
5.980000,5.980000,sine,0.049275,0.000000,0.109999,0.002291,-2.179332,-0.000004,-0.184086,-0.251671,0.464474,-1.218107,-9.839091,-0.374489,-0.162211,-0.863041,0.297669,-0.239935,0.006131,-0.307132,-0.175137,-0.113149,1.121151
6.000000,6.000000,sine,0.000000,0.000000,0.061809,0.002341,-2.220985,-0.000004,-0.168451,-0.257264,0.464041,-1.219623,-9.846796,-0.378217,-0.155604,-0.859140,0.307600,-0.239100,0.019236,-0.306486,-0.249026,-0.099935,1.128608
6.020000,6.020000,sine,-0.049275,0.000000,0.013016,0.002347,-2.242320,-0.000004,-0.151282,-0.258116,0.463698,-1.221287,-9.854466,-0.381940,-0.148293,-0.855264,0.317261,-0.237564,0.032330,-0.305907,-0.317111,-0.079861,1.126438
6.040000,6.040000,sine,-0.098113,0.000000,-0.035955,0.002316,-2.244901,-0.000005,-0.124499,-0.255203,0.463433,-1.223092,-9.862101,-0.385573,-0.140360,-0.851451,0.326594,-0.235372,0.045231,-0.305399,-0.377679,-0.054109,1.116456
6.060000,6.060000,sine,-0.146080,0.000000,-0.084694,0.002249,-2.229038,-0.000005,-0.084356,-0.248645,0.463231,-1.225028,-9.869701,-0.389041,-0.131898,-0.847733,0.335557,-0.232598,0.057763,-0.304958,-0.429577,-0.024093,1.099207
6.080000,6.080000,sine,-0.192750,0.000000,-0.132791,0.002144,-2.194560,-0.000005,-0.029427,-0.238456,0.463076,-1.227082,-9.877274,-0.392281,-0.123010,-0.844140,0.344111,-0.229343,0.069761,-0.304580,-0.472266,0.008643,1.074622
6.100000,6.100000,sine,-0.237709,0.000000,-0.179832,0.001998,-2.141495,-0.000005,0.040315,-0.224654,0.462955,-1.229238,-9.884815,-0.395241,-0.113808,-0.840699,0.352218,-0.225729,0.081080,-0.304262,-0.505804,0.042483,1.042621
6.120000,6.120000,sine,-0.280559,0.000000,-0.225406,0.001809,-2.069887,-0.000005,0.123744,-0.207022,0.462853,-1.231481,-9.892332,-0.397889,-0.104409,-0.837437,0.359835,-0.221889,0.091592,-0.304006,-0.530638,0.075755,1.003072
6.140000,6.140000,sine,-0.320918,0.000000,-0.269104,0.001575,-1.979951,-0.000004,0.218695,-0.185528,0.462758,-1.233792,-9.899829,-0.400209,-0.094926,-0.834381,0.366920,-0.217968,0.101197,-0.303813,-0.547495,0.106927,0.955941
6.160000,6.160000,sine,-0.358429,0.000000,-0.310530,0.001298,-1.871807,-0.000004,0.321869,-0.159712,0.462659,-1.236153,-9.907317,-0.402200,-0.085475,-0.831554,0.373425,-0.214114,0.109820,-0.303683,-0.557238,0.134682,0.901099
6.180000,6.180000,sine,-0.392758,0.000000,-0.349292,0.000970,-1.746197,-0.000004,0.429805,-0.129147,0.462545,-1.238544,-9.914793,-0.403879,-0.076165,-0.828980,0.379305,-0.210472,0.117417,-0.303612,-0.560877,0.157990,0.838852
6.200000,6.200000,sine,-0.423601,0.000000,-0.385024,0.000594,-1.603666,-0.000003,0.538500,-0.093302,0.462408,-1.240946,-9.922276,-0.405272,-0.067097,-0.826681,0.384513,-0.207179,0.123965,-0.303592,-0.559421,0.176116,0.769268
6.220000,6.220000,sine,-0.450685,0.000000,-0.417381,0.000180,-1.445031,-0.000003,0.643773,-0.052646,0.462240,-1.243339,-9.929767,-0.406418,-0.058365,-0.824679,0.389003,-0.204352,0.129468,-0.303610,-0.553957,0.188673,0.692487
6.240000,6.240000,sine,-0.473767,0.000000,-0.446046,-0.000263,-1.271323,-0.000004,0.740160,-0.007955,0.462035,-1.245706,-9.937271,-0.407361,-0.050054,-0.822992,0.392729,-0.202090,0.133943,-0.303651,-0.545625,0.195624,0.608718
6.260000,6.260000,sine,-0.492645,0.000000,-0.470724,-0.000730,-1.078138,-0.011634,0.821349,0.040536,0.461789,-1.248028,-9.944795,-0.408148,-0.042235,-0.821641,0.395648,-0.200473,0.137406,-0.303696,-0.535128,0.197078,0.518806
6.280000,6.280000,sine,-0.507150,0.000000,-0.491162,-0.001215,-0.875824,-0.018656,0.881243,0.095351,0.461499,-1.250289,-9.952349,-0.408829,-0.034968,-0.820641,0.397723,-0.199537,0.139906,-0.303720,-0.523104,0.193479,0.424318
6.300000,6.300000,sine,-0.517154,0.000000,-0.507150,-0.001700,-0.666601,-0.020391,0.906145,0.175702,0.461163,-1.252475,-9.959930,-0.409450,-0.028303,-0.820003,0.398929,-0.199295,0.141495,-0.303700,-0.509999,0.185417,0.326304
6.320000,6.320000,sine,-0.522567,0.000000,-0.518532,-0.002220,-0.453427,-0.017256,0.921054,0.244129,0.460779,-1.254573,-9.967544,-0.410053,-0.022272,-0.819728,0.399258,-0.199726,0.142228,-0.303611,-0.496302,0.173709,0.225780
6.340000,6.340000,sine,-0.523342,0.000000,-0.525233,-0.002741,-0.237094,-0.013300,0.925332,0.306333,0.460347,-1.256572,-9.975190,-0.410672,-0.016903,-0.819821,0.398694,-0.200798,0.142139,-0.303436,-0.482074,0.159095,0.122393
6.360000,6.360000,sine,-0.519471,0.000000,-0.527154,-0.003181,-0.009159,-0.000000,0.904706,0.326551,0.459865,-1.258464,-9.982867,-0.411334,-0.012246,-0.820301,0.397191,-0.202558,0.141134,-0.303161,-0.465348,0.141289,0.004207
6.380000,6.380000,sine,-0.510990,0.000000,-0.524420,-0.003306,0.193566,0.011088,0.896468,0.344230,0.459333,-1.260241,-9.990574,-0.412058,-0.008327,-0.821177,0.394724,-0.204745,0.139457,-0.302776,-0.451136,0.123753,-0.099014
6.400000,6.400000,sine,-0.497973,0.000000,-0.517176,-0.003361,0.401469,0.012837,0.905745,0.357748,0.458753,-1.261900,-9.998308,-0.412854,-0.005127,-0.822424,0.391335,-0.207436,0.136944,-0.302283,-0.434118,0.104494,-0.207238
6.420000,6.420000,sine,-0.480536,0.000000,-0.505490,-0.003401,0.610072,0.000073,0.929609,0.367140,0.458121,-1.263435,-10.006063,-0.413725,-0.002678,-0.824035,0.387028,-0.210557,0.133571,-0.301696,-0.413825,0.083913,-0.314654
6.440000,6.440000,sine,-0.458834,0.000000,-0.489499,-0.003479,0.803478,0.000003,0.972066,0.377304,0.457436,-1.264839,-10.013838,-0.414667,-0.001006,-0.825987,0.381832,-0.214025,0.129331,-0.301032,-0.389805,0.062479,-0.419129
6.460000,6.460000,sine,-0.433059,0.000000,-0.469374,-0.003602,0.988703,0.000003,1.030455,0.391407,0.456694,-1.266107,-10.021626,-0.415669,-0.000136,-0.828252,0.375789,-0.217777,0.124169,-0.300314,-0.360852,0.040314,-0.520449
6.480000,6.480000,sine,-0.403441,0.000000,-0.445296,-0.003772,1.165800,0.000004,1.100058,0.410182,0.455892,-1.267232,-10.029421,-0.416713,-0.000097,-0.830799,0.368948,-0.221726,0.118048,-0.299569,-0.326215,0.017864,-0.617966
6.500000,6.500000,sine,-0.370241,0.000000,-0.417458,-0.003981,1.334113,0.000004,1.175471,0.433075,0.455025,-1.268209,-10.037219,-0.417773,-0.000916,-0.833592,0.361371,-0.225773,0.110946,-0.298826,-0.285414,-0.004207,-0.710564
6.520000,6.520000,sine,-0.333755,0.000000,-0.386076,-0.004218,1.492560,0.000005,1.251733,0.459021,0.454087,-1.269031,-10.045008,-0.418813,-0.002613,-0.836592,0.353132,-0.229805,0.102860,-0.298110,-0.238222,-0.025003,-0.796927
6.540000,6.540000,sine,-0.294307,0.000000,-0.351395,-0.004472,1.639859,0.000005,1.324242,0.486743,0.453072,-1.269697,-10.052789,-0.419791,-0.005201,-0.839760,0.344314,-0.233694,0.093813,-0.297447,-0.184623,-0.043481,-0.875721
6.560000,6.560000,sine,-0.252246,0.000000,-0.313686,-0.004730,1.774733,0.000005,1.388561,0.514815,0.451976,-1.270203,-10.060552,-0.420655,-0.008682,-0.843052,0.335017,-0.237312,0.083851,-0.296861,-0.124743,-0.058566,-0.945727
6.580000,6.580000,sine,-0.207947,0.000000,-0.273249,-0.004977,1.895962,0.000005,1.440558,0.541791,0.450792,-1.270548,-10.068292,-0.421350,-0.013049,-0.846430,0.325347,-0.240530,0.073044,-0.296374,-0.058823,-0.069223,-1.005866
6.600000,6.600000,sine,-0.161801,0.000000,-0.230409,-0.005192,2.002500,0.000006,1.476152,0.565313,0.449513,-1.270733,-10.076001,-0.421809,-0.018284,-0.849855,0.315420,-0.243224,0.061488,-0.296011,0.012795,-0.074508,-1.055269
6.620000,6.620000,sine,-0.114220,0.000000,-0.185518,-0.005359,2.092681,0.000005,1.493402,0.583573,0.448134,-1.270760,-10.083671,-0.421969,-0.024358,-0.853291,0.305357,-0.245288,0.049302,-0.295793,0.088370,-0.073438,-1.093308
6.640000,6.640000,sine,-0.065624,0.000000,-0.138956,-0.005472,2.164778,0.000005,1.493270,0.596089,0.446650,-1.270637,-10.091303,-0.421765,-0.031216,-0.856710,0.295275,-0.246634,0.036630,-0.295735,0.164834,-0.065290,-1.119952
6.660000,6.660000,sine,-0.016447,0.000000,-0.091159,-0.005526,2.214050,0.000005,1.485431,0.602051,0.445058,-1.270372,-10.098889,-0.421144,-0.038770,-0.860086,0.285282,-0.247201,0.023671,-0.295842,0.238381,-0.049887,-1.133073
6.680000,6.680000,sine,0.032877,0.000000,-0.042603,-0.005526,2.241921,0.000005,1.476933,0.602274,0.443356,-1.269979,-10.106431,-0.420067,-0.046905,-0.863398,0.275479,-0.246981,0.010609,-0.296108,0.306400,-0.027812,-1.135063
6.700000,6.700000,sine,0.081909,0.000000,0.006280,-0.005487,2.250857,0.000005,1.459869,0.598017,0.441547,-1.269474,-10.113925,-0.418508,-0.055501,-0.866631,0.265936,-0.246005,-0.002401,-0.296517,0.367226,-0.000108,-1.128474
6.720000,6.720000,sine,0.130214,0.000000,0.055081,-0.005409,2.241378,0.000005,1.428821,0.589682,0.439634,-1.268872,-10.121371,-0.416456,-0.064436,-0.869778,0.256707,-0.244325,-0.015198,-0.297054,0.419681,0.031899,-1.114019
6.740000,6.740000,sine,0.177363,0.000000,0.103394,-0.005294,2.213362,0.000005,1.381494,0.577209,0.437621,-1.268190,-10.128776,-0.413918,-0.073588,-0.872829,0.247841,-0.242021,-0.027601,-0.297705,0.463167,0.066584,-1.091717
6.760000,6.760000,sine,0.222938,0.000000,0.150809,-0.005141,2.166640,0.000005,1.317364,0.560546,0.435516,-1.267444,-10.136143,-0.410917,-0.082835,-0.875773,0.239387,-0.239194,-0.039440,-0.298458,0.497628,0.102210,-1.061427
6.780000,6.780000,sine,0.266534,0.000000,0.196914,-0.004950,2.101156,0.000005,1.237171,0.539749,0.433329,-1.266652,-10.143477,-0.407492,-0.092062,-0.878596,0.231394,-0.235966,-0.050562,-0.299305,0.523437,0.137080,-1.023023
6.800000,6.800000,sine,0.307764,0.000000,0.241302,-0.004722,2.017020,0.000004,1.142729,0.514988,0.431071,-1.265831,-10.150790,-0.403696,-0.101165,-0.881282,0.223916,-0.232475,-0.060839,-0.300235,0.541276,0.169633,-0.976448
6.820000,6.820000,sine,0.346263,0.000000,0.283571,-0.004461,1.914511,0.000004,1.036850,0.486528,0.428752,-1.264996,-10.158084,-0.399595,-0.110048,-0.883811,0.217007,-0.228871,-0.070167,-0.301240,0.552013,0.198516,-0.921778
6.840000,6.840000,sine,0.381688,0.000000,0.323329,-0.004169,1.794100,0.000003,0.923225,0.454729,0.426388,-1.264163,-10.165370,-0.395265,-0.118629,-0.886165,0.210723,-0.225301,-0.078472,-0.302308,0.556609,0.222632,-0.859210
6.860000,6.860000,sine,0.413725,0.000000,0.360200,-0.003851,1.656449,0.000003,0.806295,0.420060,0.423992,-1.263345,-10.172658,-0.390791,-0.126840,-0.888324,0.205120,-0.221913,-0.085705,-0.303424,0.556036,0.241159,-0.789069
6.880000,6.880000,sine,0.442090,0.000000,0.393826,-0.003512,1.502440,0.000002,0.691011,0.383023,0.421581,-1.262555,-10.179956,-0.386259,-0.134623,-0.890269,0.200252,-0.218838,-0.091843,-0.304570,0.551218,0.253567,-0.711808
6.900000,6.900000,sine,0.466531,0.000000,0.423873,-0.003156,1.333186,0.000002,0.582590,0.344130,0.419169,-1.261806,-10.187275,-0.381759,-0.141934,-0.891982,0.196170,-0.216190,-0.096890,-0.305726,0.543051,0.259647,-0.627906
6.920000,6.920000,sine,0.486831,0.000000,0.450038,-0.002788,1.150035,0.000002,0.486238,0.303950,0.416772,-1.261107,-10.194620,-0.377378,-0.148739,-0.893445,0.192921,-0.214055,-0.100867,-0.306868,0.532525,0.259574,-0.537740
6.940000,6.940000,sine,0.502810,0.000000,0.472049,-0.002415,0.954599,0.000001,0.406823,0.263143,0.414404,-1.260467,-10.201998,-0.373195,-0.155014,-0.894643,0.190553,-0.212495,-0.103807,-0.307971,0.520631,0.253853,-0.441810
6.960000,6.960000,sine,0.514326,0.000000,0.489675,-0.002046,0.748800,0.000001,0.348390,0.222616,0.412078,-1.259893,-10.209416,-0.369283,-0.160746,-0.895561,0.189107,-0.211541,-0.105747,-0.309009,0.507962,0.243081,-0.341094
6.980000,6.980000,sine,0.521276,0.000000,0.502733,-0.001697,0.533705,0.002088,0.315500,0.180478,0.409807,-1.259389,-10.216878,-0.365704,-0.165929,-0.896187,0.188617,-0.211198,-0.106728,-0.309956,0.494910,0.227975,-0.236699
7.000000,7.000000,sine,0.523600,0.000000,0.511123,-0.001450,0.313800,0.000000,0.302423,0.150364,0.407600,-1.258961,-10.224387,-0.362509,-0.170562,-0.896512,0.189108,-0.211438,-0.106794,-0.310789,0.481703,0.209319,-0.128488
7.020000,7.020000,sine,0.521276,0.000000,0.514742,-0.001284,0.086977,0.000227,0.312758,0.126118,0.405466,-1.258613,-10.231941,-0.359739,-0.174644,-0.896525,0.190604,-0.212222,-0.105962,-0.311487,0.468030,0.187696,-0.014930
7.040000,7.040000,sine,0.514326,0.000000,0.513536,-0.001088,-0.124249,-0.006581,0.331755,0.101706,0.403413,-1.258347,-10.239543,-0.357425,-0.178177,-0.896217,0.193120,-0.213462,-0.104349,-0.312037,0.455847,0.165143,0.092934
7.060000,7.060000,sine,0.502810,0.000000,0.507714,-0.000873,-0.336569,-0.000001,0.331445,0.077347,0.401443,-1.258164,-10.247183,-0.355575,-0.181181,-0.895589,0.196620,-0.215115,-0.101906,-0.312425,0.442252,0.140868,0.200060
7.080000,7.080000,sine,0.486831,0.000000,0.497413,-0.000634,-0.538030,-0.000001,0.313312,0.051501,0.399564,-1.258068,-10.254866,-0.354205,-0.183653,-0.894639,0.201074,-0.217121,-0.098628,-0.312650,0.426245,0.115111,0.304772
7.100000,7.100000,sine,0.466531,0.000000,0.482787,-0.000371,-0.732261,-0.000002,0.276824,0.024125,0.397779,-1.258064,-10.262583,-0.353330,-0.185578,-0.893364,0.206443,-0.219429,-0.094472,-0.312713,0.406377,0.087854,0.406910
7.120000,7.120000,sine,0.442090,0.000000,0.463989,-0.000085,-0.919543,-0.000002,0.225216,-0.004845,0.396097,-1.258157,-10.270329,-0.352965,-0.186931,-0.891762,0.212679,-0.221975,-0.089397,-0.312625,0.381527,0.059311,0.506266
7.140000,7.140000,sine,0.413725,0.000000,0.441177,0.000219,-1.099503,-0.000003,0.163215,-0.035246,0.394522,-1.258352,-10.278103,-0.353122,-0.187680,-0.889833,0.219723,-0.224683,-0.083368,-0.312397,0.350861,0.029945,0.602118
7.160000,7.160000,sine,0.381688,0.000000,0.414534,0.000529,-1.271422,-0.000003,0.095461,-0.066660,0.393061,-1.258658,-10.285895,-0.353803,-0.187787,-0.887581,0.227507,-0.227465,-0.076361,-0.312049,0.313785,0.000437,0.693510
7.180000,7.180000,sine,0.346263,0.000000,0.384261,0.000838,-1.433943,-0.000003,0.026464,-0.098207,0.391717,-1.259081,-10.293701,-0.355004,-0.187216,-0.885014,0.235949,-0.230222,-0.068374,-0.311595,0.270017,-0.028245,0.779088
7.200000,7.200000,sine,0.307764,0.000000,0.350595,0.001137,-1.585722,-0.000003,-0.039583,-0.129191,0.390496,-1.259629,-10.301517,-0.356709,-0.185932,-0.882148,0.244956,-0.232844,-0.059427,-0.311050,0.219498,-0.054922,0.857628
7.220000,7.220000,sine,0.266534,0.000000,0.313800,0.001421,-1.725385,-0.000004,-0.098641,-0.158837,0.389399,-1.260307,-10.309332,-0.358886,-0.183900,-0.879005,0.254425,-0.235219,-0.049561,-0.310431,0.162334,-0.078368,0.927950
7.240000,7.240000,sine,0.222938,0.000000,0.274168,0.001680,-1.851702,-0.000004,-0.146810,-0.186317,0.388428,-1.261124,-10.317141,-0.361495,-0.181091,-0.875616,0.264244,-0.237232,-0.038843,-0.309754,0.098747,-0.097402,0.989035
7.260000,7.260000,sine,0.177363,0.000000,0.232016,0.001908,-1.963457,-0.000004,-0.180392,-0.210466,0.387582,-1.262084,-10.324939,-0.364481,-0.177478,-0.872018,0.274298,-0.238777,-0.027361,-0.309038,0.029067,-0.110945,1.039908
7.280000,7.280000,sine,0.130214,0.000000,0.187688,0.002093,-2.059447,-0.000004,-0.196353,-0.230250,0.386860,-1.263193,-10.332716,-0.367785,-0.173040,-0.868257,0.284466,-0.239757,-0.015226,-0.308304,-0.045905,-0.118009,1.079835
7.300000,7.300000,sine,0.081909,0.000000,0.141557,0.002229,-2.137838,-0.000004,-0.194470,-0.244852,0.386257,-1.264456,-10.340470,-0.371331,-0.167771,-0.864385,0.294628,-0.240093,-0.002571,-0.307582,-0.123504,-0.117697,1.108484
7.320000,7.320000,sine,0.032877,0.000000,0.094036,0.002314,-2.195624,-0.000004,-0.179411,-0.254183,0.385766,-1.265873,-10.348196,-0.375035,-0.161692,-0.860452,0.304676,-0.239734,0.010433,-0.306899,-0.200154,-0.109589,1.124992
7.340000,7.340000,sine,-0.016447,0.000000,0.045595,0.002348,-2.230302,-0.000004,-0.163763,-0.258086,0.385377,-1.267441,-10.355889,-0.378801,-0.154859,-0.856512,0.314510,-0.238665,0.023557,-0.306275,-0.272358,-0.093984,1.128974
7.360000,7.360000,sine,-0.065624,0.000000,-0.003305,0.002341,-2.245311,-0.000004,-0.143827,-0.257639,0.385076,-1.269155,-10.363549,-0.382535,-0.147347,-0.852611,0.324051,-0.236905,0.036608,-0.305720,-0.338119,-0.071879,1.124079
7.380000,7.380000,sine,-0.114220,0.000000,-0.052245,0.002299,-2.241715,-0.000005,-0.112780,-0.253495,0.384849,-1.271006,-10.371173,-0.386157,-0.139242,-0.848787,0.333250,-0.234512,0.049406,-0.305236,-0.395902,-0.044542,1.111629
7.400000,7.400000,sine,-0.161801,0.000000,-0.100817,0.002218,-2.219664,-0.000005,-0.067770,-0.245686,0.384680,-1.272983,-10.378765,-0.389592,-0.130641,-0.845069,0.342067,-0.231567,0.061780,-0.304818,-0.444768,-0.013448,1.091941
7.420000,7.420000,sine,-0.207947,0.000000,-0.148608,0.002100,-2.178973,-0.000005,-0.007832,-0.234296,0.384556,-1.275073,-10.386323,-0.392781,-0.121650,-0.841487,0.350462,-0.228180,0.073568,-0.304461,-0.484386,0.019841,1.064881
7.440000,7.440000,sine,-0.252246,0.000000,-0.195206,0.001940,-2.119693,-0.000005,0.066649,-0.219173,0.384461,-1.277260,-10.393856,-0.395680,-0.112383,-0.838069,0.358396,-0.224477,0.084631,-0.304164,-0.514961,0.053671,1.030356
7.460000,7.460000,sine,-0.294307,0.000000,-0.240200,0.001737,-2.041936,-0.000005,0.154216,-0.200316,0.384382,-1.279528,-10.401367,-0.398260,-0.102954,-0.834841,0.365828,-0.220595,0.094852,-0.303930,-0.537049,0.086401,0.988271
7.480000,7.480000,sine,-0.333755,0.000000,-0.283184,0.001487,-1.945922,-0.000004,0.252330,-0.177405,0.384306,-1.281857,-10.408863,-0.400511,-0.093479,-0.831828,0.372713,-0.216680,0.104139,-0.303759,-0.551441,0.116569,0.938585
7.500000,7.500000,sine,-0.370241,0.000000,-0.323765,0.001194,-1.831838,-0.000004,0.357494,-0.150024,0.384223,-1.284231,-10.416345,-0.402436,-0.084073,-0.829056,0.379003,-0.212882,0.112424,-0.303650,-0.559034,0.142941,0.881215
7.520000,7.520000,sine,-0.403441,0.000000,-0.361557,0.000849,-1.700540,-0.000003,0.466107,-0.117778,0.384122,-1.286628,-10.423825,-0.404056,-0.074839,-0.826546,0.384654,-0.209343,0.119674,-0.303598,-0.560865,0.164587,0.816531
7.540000,7.540000,sine,-0.433059,0.000000,-0.396200,0.000460,-1.552536,-0.000003,0.574231,-0.080249,0.383995,-1.289030,-10.431308,-0.405400,-0.065879,-0.824322,0.389620,-0.206193,0.125874,-0.303593,-0.557952,0.180882,0.744527
7.560000,7.560000,sine,-0.458834,0.000000,-0.427361,0.000034,-1.388754,-0.000004,0.677182,-0.038094,0.383835,-1.291416,-10.438804,-0.406510,-0.057284,-0.822404,0.393853,-0.203546,0.131033,-0.303622,-0.551409,0.191559,0.665382
7.580000,7.580000,sine,-0.480536,0.000000,-0.454728,-0.000416,-1.208382,-0.003787,0.769186,0.007826,0.383637,-1.293771,-10.446317,-0.407431,-0.049133,-0.820812,0.397308,-0.201492,0.135169,-0.303667,-0.542285,0.196652,0.579405
7.600000,7.600000,sine,-0.497973,0.000000,-0.478019,-0.000890,-1.011560,-0.014599,0.844269,0.057601,0.383396,-1.296076,-10.453849,-0.408210,-0.041495,-0.819565,0.399944,-0.200099,0.138307,-0.303708,-0.531237,0.196371,0.487800
7.620000,7.620000,sine,-0.510990,0.000000,-0.496995,-0.001373,-0.806721,-0.019874,0.890778,0.123749,0.383110,-1.298316,-10.461409,-0.408896,-0.034427,-0.818677,0.401729,-0.199394,0.140499,-0.303721,-0.518797,0.191204,0.392042
7.640000,7.640000,sine,-0.519471,0.000000,-0.511461,-0.001874,-0.595955,-0.019654,0.912508,0.199757,0.382775,-1.300475,-10.469002,-0.409535,-0.027973,-0.818155,0.402642,-0.199380,0.141798,-0.303681,-0.505455,0.181839,0.293127
7.660000,7.660000,sine,-0.523342,0.000000,-0.521289,-0.002395,-0.381734,-0.015690,0.923790,0.265066,0.382393,-1.302544,-10.476624,-0.410165,-0.022163,-0.818002,0.402675,-0.200029,0.142255,-0.303566,-0.491584,0.169079,0.191730
7.680000,7.680000,sine,-0.522567,0.000000,-0.526414,-0.002912,-0.161963,-0.012642,0.919746,0.331751,0.381960,-1.304512,-10.484282,-0.410818,-0.017026,-0.818222,0.401810,-0.201318,0.141882,-0.303359,-0.476854,0.153500,0.085492
7.700000,7.700000,sine,-0.517154,0.000000,-0.526758,-0.003242,0.052563,0.007013,0.900930,0.331535,0.381477,-1.306370,-10.491970,-0.411518,-0.012620,-0.818845,0.399984,-0.203217,0.140665,-0.303048,-0.461381,0.135897,-0.026513
7.720000,7.720000,sine,-0.507150,0.000000,-0.522540,-0.003344,0.262978,0.012032,0.903178,0.350766,0.380944,-1.308113,-10.499685,-0.412281,-0.008934,-0.819853,0.397223,-0.205595,0.138696,-0.302626,-0.445727,0.117468,-0.134782
7.740000,7.740000,sine,-0.492645,0.000000,-0.513799,-0.003383,0.470739,0.012198,0.913338,0.362426,0.380360,-1.309736,-10.507427,-0.413115,-0.005988,-0.821239,0.393531,-0.208441,0.135895,-0.302101,-0.427640,0.097705,-0.243742
7.760000,7.760000,sine,-0.473767,0.000000,-0.500647,-0.003428,0.676199,0.000003,0.941519,0.370837,0.379723,-1.311232,-10.515192,-0.414020,-0.003803,-0.822987,0.388928,-0.211689,0.132230,-0.301486,-0.406157,0.076783,-0.350272
7.780000,7.780000,sine,-0.450685,0.000000,-0.483248,-0.003518,0.866534,0.000003,0.989312,0.381782,0.379031,-1.312597,-10.522974,-0.414990,-0.002403,-0.825071,0.383451,-0.215261,0.127685,-0.300801,-0.380630,0.055087,-0.453517
7.800000,7.800000,sine,-0.423601,0.000000,-0.461780,-0.003654,1.048881,0.000004,1.052171,0.397221,0.378280,-1.313824,-10.530765,-0.416012,-0.001813,-0.827462,0.377145,-0.219087,0.122206,-0.300072,-0.349877,0.032781,-0.553511
7.820000,7.820000,sine,-0.392758,0.000000,-0.436424,-0.003837,1.222997,0.000004,1.124477,0.417358,0.377465,-1.314906,-10.538560,-0.417063,-0.002062,-0.830125,0.370063,-0.223080,0.115761,-0.299325,-0.313246,0.010386,-0.649414
7.840000,7.840000,sine,-0.358429,0.000000,-0.407378,-0.004057,1.388095,0.000004,1.200843,0.441371,0.376582,-1.315839,-10.546355,-0.418116,-0.003177,-0.833025,0.362270,-0.227134,0.108331,-0.298588,-0.270336,-0.011362,-0.740042
7.860000,7.860000,sine,-0.320918,0.000000,-0.374868,-0.004301,1.542949,0.000005,1.276443,0.468072,0.375626,-1.316617,-10.554140,-0.419132,-0.005175,-0.836121,0.353842,-0.231131,0.099922,-0.297887,-0.221010,-0.031497,-0.824015
7.880000,7.880000,sine,-0.280559,0.000000,-0.339146,-0.004558,1.686244,0.000005,1.346736,0.496076,0.374590,-1.317238,-10.561917,-0.420065,-0.008065,-0.839372,0.344868,-0.234944,0.090564,-0.297246,-0.165297,-0.048958,-0.900013
7.900000,7.900000,sine,-0.237709,0.000000,-0.300494,-0.004814,1.816704,0.000005,1.407406,0.523956,0.373469,-1.317699,-10.569673,-0.420864,-0.011846,-0.842738,0.335449,-0.238441,0.080312,-0.296691,-0.103373,-0.062674,-0.966849
7.920000,7.920000,sine,-0.192750,0.000000,-0.259218,-0.005053,1.933157,0.000005,1.454346,0.550042,0.372256,-1.318001,-10.577403,-0.421467,-0.016507,-0.846177,0.325696,-0.241496,0.069245,-0.296243,-0.035503,-0.071637,-1.023507
7.940000,7.940000,sine,-0.146080,0.000000,-0.215655,-0.005253,2.034467,0.000006,1.483883,0.571956,0.370945,-1.318144,-10.585096,-0.421810,-0.022029,-0.849652,0.315725,-0.243990,0.057464,-0.295925,0.037735,-0.074910,-1.069173
7.960000,7.960000,sine,-0.098113,0.000000,-0.170162,-0.005402,2.118783,0.000005,1.495181,0.588369,0.369531,-1.318132,-10.592754,-0.421828,-0.028372,-0.853129,0.305660,-0.245821,0.045100,-0.295759,0.113967,-0.071531,-1.103386
7.980000,7.980000,sine,-0.049275,0.000000,-0.123135,-0.005497,2.184140,0.000005,1.489520,0.598880,0.368009,-1.317973,-10.600372,-0.421460,-0.035472,-0.856579,0.295610,-0.246913,0.032305,-0.295757,0.189942,-0.060951,-1.125998
8.000000,8.000000,sine,-0.000000,0.000000,-0.075030,-0.005530,2.225552,0.000005,1.482121,0.602602,0.366377,-1.317677,-10.607940,-0.420657,-0.043231,-0.859979,0.285684,-0.247214,0.019294,-0.295917,0.261821,-0.043220,-1.134734
8.020000,8.020000,sine,0.049275,0.000000,-0.026320,-0.005516,2.246872,0.000006,1.472250,0.601214,0.364636,-1.317259,-10.615460,-0.419385,-0.051527,-0.863307,0.275976,-0.246736,0.006234,-0.296232,0.327583,-0.019134,-1.133647
8.040000,8.040000,sine,0.098113,0.000000,0.022579,-0.005464,2.249665,0.000005,1.451134,0.595598,0.362787,-1.316735,-10.622939,-0.417625,-0.060242,-0.866552,0.266547,-0.245518,-0.006722,-0.296686,0.385713,0.010170,-1.124422
8.060000,8.060000,sine,0.146080,0.000000,0.071262,-0.005375,2.234053,0.000005,1.414887,0.585920,0.360834,-1.316121,-10.630370,-0.415371,-0.069254,-0.869708,0.257448,-0.243619,-0.019407,-0.297262,0.435214,0.043261,-1.107386
8.080000,8.080000,sine,0.192750,0.000000,0.119320,-0.005247,2.199839,0.000005,1.361966,0.572073,0.358783,-1.315433,-10.637764,-0.412636,-0.078439,-0.872762,0.248728,-0.241128,-0.031640,-0.297947,0.475674,0.078454,-1.082461
8.100000,8.100000,sine,0.237709,0.000000,0.166344,-0.005081,2.146875,0.000004,1.292345,0.554033,0.356643,-1.314688,-10.645119,-0.409448,-0.087678,-0.875703,0.240435,-0.238151,-0.043255,-0.298732,0.507191,0.114011,-1.049490
8.120000,8.120000,sine,0.280559,0.000000,0.211922,-0.004878,2.075161,0.000005,1.207147,0.531899,0.354424,-1.313903,-10.652449,-0.405852,-0.096860,-0.878516,0.232620,-0.234819,-0.054109,-0.299607,0.530255,0.148274,-1.008370
8.140000,8.140000,sine,0.320918,0.000000,0.255647,-0.004639,1.984865,0.000004,1.108535,0.505874,0.352137,-1.313095,-10.659753,-0.401908,-0.105883,-0.881182,0.225337,-0.231273,-0.064079,-0.300563,0.545623,0.179743,-0.959087
8.160000,8.160000,sine,0.358429,0.000000,0.297122,-0.004367,1.876331,0.000003,0.999626,0.476260,0.349794,-1.312280,-10.667041,-0.397684,-0.114656,-0.883684,0.218641,-0.227663,-0.073072,-0.301590,0.554205,0.207147,-0.901757
8.180000,8.180000,sine,0.392758,0.000000,0.335958,-0.004066,1.750090,0.000003,0.884361,0.443444,0.347410,-1.311470,-10.674326,-0.393260,-0.123101,-0.886002,0.212588,-0.224138,-0.081022,-0.302675,0.556971,0.229477,-0.836623
8.200000,8.200000,sine,0.423601,0.000000,0.371786,-0.003740,1.606879,0.000003,0.767435,0.407935,0.345001,-1.310680,-10.681618,-0.388722,-0.131156,-0.888115,0.207234,-0.220840,-0.087891,-0.303803,0.554881,0.246008,-0.764059
8.220000,8.220000,sine,0.450685,0.000000,0.404255,-0.003395,1.447653,0.000002,0.653838,0.370222,0.342581,-1.309923,-10.688922,-0.384158,-0.138766,-0.890004,0.202631,-0.217896,-0.093664,-0.304955,0.548846,0.256312,-0.684533
8.240000,8.240000,sine,0.473767,0.000000,0.433041,-0.003034,1.273605,0.000002,0.548872,0.330836,0.340165,-1.309210,-10.696246,-0.379657,-0.145893,-0.891652,0.198828,-0.215410,-0.098350,-0.306109,0.539773,0.260300,-0.598508
8.260000,8.260000,sine,0.492645,0.000000,0.457849,-0.002664,1.086166,0.000002,0.457654,0.290366,0.337770,-1.308550,-10.703601,-0.375304,-0.152504,-0.893041,0.195874,-0.213461,-0.101977,-0.307240,0.528697,0.258281,-0.506344
8.280000,8.280000,sine,0.507150,0.000000,0.478421,-0.002291,0.887043,0.000001,0.384852,0.249549,0.335410,-1.307951,-10.710993,-0.371178,-0.158582,-0.894156,0.193815,-0.212101,-0.104579,-0.308324,0.516495,0.250805,-0.408690
8.300000,8.300000,sine,0.517154,0.000000,0.494542,-0.001925,0.678278,0.000001,0.334082,0.209390,0.333096,-1.307419,-10.718423,-0.367347,-0.164114,-0.894982,0.192688,-0.211352,-0.106193,-0.309335,0.503663,0.238503,-0.306646
8.320000,8.320000,sine,0.522567,0.000000,0.506054,-0.001604,0.460201,0.002785,0.308067,0.171319,0.330841,-1.306960,-10.725903,-0.363870,-0.169099,-0.895510,0.192526,-0.211209,-0.106862,-0.310246,0.490509,0.222104,-0.200952
8.340000,8.340000,sine,0.523342,0.000000,0.512865,-0.001391,0.239506,0.000000,0.302979,0.141333,0.328654,-1.306576,-10.733427,-0.360793,-0.173536,-0.895729,0.193349,-0.211634,-0.106634,-0.311036,0.477335,0.202481,-0.091815
8.360000,8.360000,sine,0.519471,0.000000,0.514841,-0.001208,0.008088,0.000000,0.331212,0.117538,0.326544,-1.306273,-10.740998,-0.358159,-0.177418,-0.895625,0.195192,-0.212597,-0.105478,-0.311685,0.463013,0.179741,0.026140
8.380000,8.380000,sine,0.510990,0.000000,0.512043,-0.001027,-0.196331,-0.005049,0.342961,0.094177,0.324516,-1.306052,-10.748614,-0.355989,-0.180756,-0.895195,0.198051,-0.213975,-0.103614,-0.312183,0.451473,0.157157,0.129501
8.400000,8.400000,sine,0.497973,0.000000,0.504717,-0.000806,-0.403669,-0.000001,0.331222,0.069847,0.322574,-1.305915,-10.756269,-0.354284,-0.183579,-0.894444,0.201869,-0.215748,-0.100908,-0.312516,0.437459,0.132529,0.234612
8.420000,8.420000,sine,0.480536,0.000000,0.492978,-0.000556,-0.602459,-0.000002,0.303543,0.043378,0.320725,-1.305864,-10.763967,-0.353065,-0.185870,-0.893367,0.206623,-0.217857,-0.097351,-0.312686,0.420328,0.106282,0.338337
8.440000,8.440000,sine,0.458834,0.000000,0.476961,-0.000282,-0.794702,-0.000002,0.260452,0.015192,0.318974,-1.305906,-10.771694,-0.352349,-0.187608,-0.891960,0.212276,-0.220250,-0.092897,-0.312697,0.398860,0.078536,0.439858
8.460000,8.460000,sine,0.433059,0.000000,0.456817,0.000013,-0.979969,-0.000002,0.204735,-0.014608,0.317327,-1.306046,-10.779449,-0.352150,-0.188765,-0.890221,0.218778,-0.222858,-0.087509,-0.312561,0.372100,0.049629,0.538421
8.480000,8.480000,sine,0.403441,0.000000,0.432712,0.000321,-1.157623,-0.000003,0.140579,-0.045562,0.315791,-1.306290,-10.787231,-0.352478,-0.189307,-0.888153,0.226068,-0.225602,-0.081156,-0.312291,0.339311,0.020107,0.633110
8.500000,8.500000,sine,0.370241,0.000000,0.404836,0.000633,-1.326644,-0.000003,0.072136,-0.077141,0.314371,-1.306646,-10.795029,-0.353334,-0.189197,-0.885760,0.234071,-0.228388,-0.073821,-0.311906,0.300009,-0.009258,0.722762
8.520000,8.520000,sine,0.333755,0.000000,0.373405,0.000940,-1.485781,-0.000003,0.003788,-0.108673,0.313072,-1.307121,-10.802840,-0.354709,-0.188398,-0.883054,0.242701,-0.231113,-0.065511,-0.311420,0.253978,-0.037414,0.806155
8.540000,8.540000,sine,0.294307,0.000000,0.338665,0.001234,-1.633701,-0.000004,-0.060306,-0.139306,0.311897,-1.307722,-10.810657,-0.356581,-0.186876,-0.880053,0.251862,-0.233666,-0.056250,-0.310849,0.201217,-0.063155,0.882097
8.560000,8.560000,sine,0.252246,0.000000,0.300890,0.001510,-1.769054,-0.000004,-0.116128,-0.168322,0.310848,-1.308455,-10.818472,-0.358917,-0.184599,-0.876782,0.261447,-0.235934,-0.046091,-0.310208,0.141877,-0.085261,0.949445
8.580000,8.580000,sine,0.207947,0.000000,0.260381,0.001760,-1.890629,-0.000004,-0.159821,-0.194813,0.309926,-1.309326,-10.826279,-0.361672,-0.181536,-0.873276,0.271344,-0.237803,-0.035107,-0.309516,0.076220,-0.102580,1.007208
8.600000,8.600000,sine,0.161801,0.000000,0.217464,0.001975,-1.997303,-0.000004,-0.187785,-0.217637,0.309130,-1.310342,-10.834071,-0.364788,-0.177664,-0.869575,0.281434,-0.239169,-0.023394,-0.308791,0.004593,-0.114077,1.054498
8.620000,8.620000,sine,0.114220,0.000000,0.172492,0.002144,-2.087613,-0.000004,-0.197679,-0.235724,0.308458,-1.311508,-10.841846,-0.368201,-0.172963,-0.865727,0.291596,-0.239943,-0.011070,-0.308058,-0.071599,-0.118763,1.090663
8.640000,8.640000,sine,0.065624,0.000000,0.125849,0.002263,-2.159789,-0.000004,-0.190209,-0.248600,0.307905,-1.312826,-10.849590,-0.371834,-0.167436,-0.861784,0.301716,-0.240052,0.001726,-0.307347,-0.149344,-0.115877,1.115588
8.660000,8.660000,sine,0.016447,0.000000,0.077968,0.002331,-2.209437,-0.000004,-0.174620,-0.256046,0.307462,-1.314298,-10.857306,-0.375597,-0.161115,-0.857800,0.311686,-0.239456,0.014792,-0.306682,-0.224769,-0.105187,1.127440
8.680000,8.680000,sine,-0.032877,0.000000,0.029327,0.002350,-2.237418,-0.000004,-0.158296,-0.258368,0.307118,-1.315918,-10.864986,-0.379392,-0.154063,-0.853827,0.321412,-0.238154,0.027913,-0.306080,-0.295043,-0.087294,1.128271
8.700000,8.700000,sine,-0.081909,0.000000,-0.019632,0.002331,-2.246197,-0.000004,-0.134992,-0.256679,0.306858,-1.317681,-10.872634,-0.383131,-0.146360,-0.849907,0.330829,-0.236176,0.040901,-0.305549,-0.358297,-0.063292,1.120789
8.720000,8.720000,sine,-0.130214,0.000000,-0.068496,0.002276,-2.236457,-0.000004,-0.099436,-0.251320,0.306668,-1.319577,-10.880246,-0.386734,-0.138093,-0.846075,0.339889,-0.233588,0.053577,-0.305087,-0.413184,-0.034533,1.105912
8.740000,8.740000,sine,-0.177363,0.000000,-0.116854,0.002183,-2.208185,-0.000005,-0.049459,-0.242301,0.306533,-1.321595,-10.887828,-0.390131,-0.129365,-0.842362,0.348554,-0.230483,0.065772,-0.304691,-0.458974,-0.002531,1.083769
8.760000,8.760000,sine,-0.222938,0.000000,-0.164293,0.002051,-2.161295,-0.000004,0.015435,-0.229702,0.306438,-1.323719,-10.895378,-0.393267,-0.120283,-0.838795,0.356785,-0.226977,0.077334,-0.304354,-0.495537,0.031127,1.054233
8.780000,8.780000,sine,-0.266534,0.000000,-0.210402,0.001877,-2.095843,-0.000004,0.094495,-0.213272,0.306369,-1.325935,-10.902903,-0.396103,-0.110961,-0.835404,0.364542,-0.223198,0.088129,-0.304078,-0.523210,0.064767,1.017195
8.800000,8.800000,sine,-0.307764,0.000000,-0.254771,0.001658,-2.011970,-0.000004,0.185909,-0.193106,0.306312,-1.328226,-10.910407,-0.398614,-0.101515,-0.832213,0.371783,-0.219289,0.098048,-0.303865,-0.542637,0.096796,0.972579
8.820000,8.820000,sine,-0.346263,0.000000,-0.296998,0.001394,-1.909868,-0.000004,0.286760,-0.168714,0.306255,-1.330574,-10.917895,-0.400795,-0.092060,-0.829249,0.378463,-0.215397,0.107007,-0.303715,-0.554653,0.125822,0.920309
8.840000,8.840000,sine,-0.381688,0.000000,-0.336690,0.001084,-1.789971,-0.000004,0.393485,-0.139850,0.306188,-1.332958,-10.925376,-0.402656,-0.082707,-0.826536,0.384534,-0.211670,0.114950,-0.303626,-0.560213,0.150708,0.860478
8.860000,8.860000,sine,-0.413725,0.000000,-0.373471,0.000724,-1.653018,-0.000003,0.502442,-0.105753,0.306100,-1.335360,-10.932858,-0.404219,-0.073561,-0.824096,0.389951,-0.208247,0.121850,-0.303591,-0.560347,0.170624,0.793333
8.880000,8.880000,sine,-0.442090,0.000000,-0.406991,0.000322,-1.499635,-0.000003,0.609377,-0.066703,0.305983,-1.337759,-10.940346,-0.405519,-0.064719,-0.821951,0.394668,-0.205254,0.127701,-0.303599,-0.556093,0.185057,0.718925
8.900000,8.900000,sine,-0.466531,0.000000,-0.436920,-0.000112,-1.330822,-0.000004,0.709317,-0.023343,0.305831,-1.340139,-10.947846,-0.406597,-0.056269,-0.820122,0.398639,-0.202795,0.132518,-0.303635,-0.548596,0.193862,0.637443
8.920000,8.920000,sine,-0.486831,0.000000,-0.462957,-0.000572,-1.143775,-0.008037,0.796318,0.023944,0.305639,-1.342480,-10.955364,-0.407500,-0.048286,-0.818629,0.401819,-0.200956,0.136317,-0.303682,-0.538756,0.197119,0.549416
8.940000,8.940000,sine,-0.502810,0.000000,-0.484834,-0.001054,-0.944154,-0.016892,0.864865,0.075164,0.305403,-1.344767,-10.962909,-0.408275,-0.040835,-0.817490,0.404170,-0.199790,0.139135,-0.303717,-0.527206,0.195156,0.456311
8.960000,8.960000,sine,-0.514326,0.000000,-0.502327,-0.001536,-0.736943,-0.020430,0.899118,0.150519,0.305120,-1.346984,-10.970479,-0.408970,-0.033971,-0.816718,0.405662,-0.199318,0.141022,-0.303715,-0.514396,0.188495,0.359340
8.980000,8.980000,sine,-0.521276,0.000000,-0.515256,-0.002048,-0.524851,-0.018563,0.917366,0.222512,0.304788,-1.349117,-10.978083,-0.409629,-0.027731,-0.816315,0.406281,-0.199528,0.142037,-0.303652,-0.500865,0.177916,0.259597
9.000000,9.000000,sine,-0.523600,0.000000,-0.523523,-0.002569,-0.309822,-0.014101,0.925287,0.285698,0.304406,-1.351157,-10.985716,-0.410288,-0.022145,-0.816287,0.406017,-0.200390,0.142220,-0.303509,-0.486839,0.164199,0.157342
9.020000,9.020000,sine,-0.521276,0.000000,-0.527058,-0.003062,-0.089533,-0.000652,0.909975,0.344841,0.303974,-1.353093,-10.993383,-0.410975,-0.017247,-0.816642,0.404842,-0.201906,0.141548,-0.303268,-0.471336,0.147595,0.045907
9.040000,9.040000,sine,-0.514326,0.000000,-0.525888,-0.003280,0.122150,0.008419,0.908756,0.338018,0.303490,-1.354917,-11.001081,-0.411713,-0.013083,-0.817403,0.402709,-0.203947,0.140107,-0.302919,-0.456457,0.129980,-0.061563
9.060000,9.060000,sine,-0.502810,0.000000,-0.520153,-0.003365,0.332996,0.012567,0.907948,0.355445,0.302955,-1.356625,-11.008805,-0.412514,-0.009644,-0.818550,0.399644,-0.206493,0.137859,-0.302462,-0.439937,0.111004,-0.171371
9.080000,9.080000,sine,-0.486831,0.000000,-0.509918,-0.003398,0.541788,0.006251,0.921285,0.365722,0.302367,-1.358212,-11.016556,-0.413383,-0.006955,-0.820078,0.395649,-0.209486,0.134766,-0.301905,-0.420741,0.090784,-0.280021
9.100000,9.100000,sine,-0.466531,0.000000,-0.495321,-0.003455,0.741025,0.000003,0.955302,0.374319,0.301724,-1.359670,-11.024325,-0.414319,-0.005035,-0.821964,0.390756,-0.212850,0.130811,-0.301265,-0.398077,0.069605,-0.385350
9.120000,9.120000,sine,-0.442090,0.000000,-0.476540,-0.003559,0.928467,0.000003,1.008440,0.386513,0.301024,-1.360996,-11.032110,-0.415313,-0.003908,-0.824179,0.385005,-0.216515,0.125959,-0.300563,-0.370926,0.047673,-0.487407
9.140000,9.140000,sine,-0.413725,0.000000,-0.453752,-0.003711,1.107981,0.000004,1.075169,0.403481,0.300262,-1.362181,-11.039904,-0.416349,-0.003600,-0.826693,0.378444,-0.220408,0.120160,-0.299825,-0.338295,0.025279,-0.586040
9.160000,9.160000,sine,-0.381688,0.000000,-0.427141,-0.003907,1.279124,0.000004,1.149539,0.424989,0.299435,-1.363222,-11.047701,-0.417401,-0.004140,-0.829471,0.371129,-0.224433,0.113387,-0.299078,-0.299617,0.003013,-0.680271
9.180000,9.180000,sine,-0.346263,0.000000,-0.396914,-0.004136,1.440921,0.000005,1.226256,0.450007,0.298535,-1.364111,-11.055492,-0.418440,-0.005553,-0.832475,0.363128,-0.228481,0.105629,-0.298350,-0.254579,-0.018309,-0.768815
9.200000,9.200000,sine,-0.307764,0.000000,-0.363304,-0.004386,1.592056,0.000005,1.300637,0.477305,0.297559,-1.364846,-11.063276,-0.419424,-0.007852,-0.835665,0.354521,-0.232430,0.096900,-0.297667,-0.203116,-0.037672,-0.850266
9.220000,9.220000,sine,-0.266534,0.000000,-0.326572,-0.004644,1.731210,0.000005,1.368201,0.505433,0.296500,-1.365423,-11.071045,-0.420306,-0.011044,-0.838998,0.345402,-0.236152,0.087237,-0.297052,-0.145312,-0.053999,-0.923336
9.240000,9.240000,sine,-0.222938,0.000000,-0.287010,-0.004896,1.857123,0.000005,1.424765,0.532956,0.295353,-1.365841,-11.078792,-0.421028,-0.015123,-0.842434,0.335874,-0.239515,0.076703,-0.296530,-0.081374,-0.066237,-0.986884
9.260000,9.260000,sine,-0.177363,0.000000,-0.244934,-0.005124,1.968691,0.000005,1.466229,0.557862,0.294110,-1.366100,-11.086511,-0.421530,-0.020076,-0.845932,0.326050,-0.242396,0.065386,-0.296123,-0.011593,-0.073409,-1.039969
9.280000,9.280000,sine,-0.130214,0.000000,-0.200686,-0.005308,2.064544,0.000005,1.489627,0.578022,0.292766,-1.366203,-11.094193,-0.421747,-0.025878,-0.849454,0.316051,-0.244679,0.053395,-0.295854,0.062968,-0.074559,-1.081840
9.300000,9.300000,sine,-0.081909,0.000000,-0.154637,-0.005440,2.142825,0.000005,1.495128,0.592524,0.291316,-1.366153,-11.101838,-0.421614,-0.032481,-0.852968,0.305993,-0.246271,0.040869,-0.295742,0.139497,-0.068814,-1.112253
9.320000,9.320000,sine,-0.032877,0.000000,-0.107199,-0.005515,2.200281,0.000005,1.487818,0.600813,0.289756,-1.365960,-11.109442,-0.421074,-0.039811,-0.856448,0.295989,-0.247101,0.027981,-0.295794,0.214442,-0.055803,-1.130154
9.340000,9.340000,sine,0.016447,0.000000,-0.058844,-0.005531,2.234819,0.000005,1.480135,0.602719,0.288084,-1.365637,-11.116998,-0.420084,-0.047758,-0.859867,0.286142,-0.247140,0.014936,-0.296007,0.284503,-0.035849,-1.135388
9.360000,9.360000,sine,0.065624,0.000000,-0.010024,-0.005504,2.249923,0.000005,1.466850,0.599873,0.286302,-1.365197,-11.124507,-0.418614,-0.056201,-0.863210,0.276534,-0.246410,0.001892,-0.296370,0.347877,-0.009884,-1.131507
9.380000,9.380000,sine,0.114220,0.000000,0.038849,-0.005439,2.246578,0.000005,1.440866,0.592886,0.284413,-1.364658,-11.131969,-0.416651,-0.065020,-0.866467,0.267224,-0.244956,-0.010994,-0.296866,0.403214,0.020858,-1.119655
9.400000,9.400000,sine,0.161801,0.000000,0.087370,-0.005337,2.224764,0.000005,1.399111,0.581801,0.282422,-1.364034,-11.139390,-0.414195,-0.074092,-0.869629,0.258260,-0.242849,-0.023547,-0.297479,0.449718,0.054844,-1.099985
9.420000,9.420000,sine,0.207947,0.000000,0.135130,-0.005196,2.184293,0.000005,1.340564,0.566535,0.280334,-1.363343,-11.146769,-0.411265,-0.083296,-0.872684,0.249689,-0.240182,-0.035592,-0.298199,0.487162,0.090350,-1.072379
9.440000,9.440000,sine,0.252246,0.000000,0.181717,-0.005017,2.125062,0.000005,1.265580,0.547104,0.278160,-1.362602,-11.154113,-0.407896,-0.092514,-0.875620,0.241562,-0.237072,-0.046968,-0.299015,0.515791,0.125654,-1.036692
9.460000,9.460000,sine,0.294307,0.000000,0.226722,-0.004802,2.047121,0.000004,1.175621,0.523642,0.275910,-1.361828,-11.161430,-0.404138,-0.101638,-0.878419,0.233930,-0.233653,-0.057539,-0.299918,0.536194,0.159142,-0.992842
9.480000,9.480000,sine,0.333755,0.000000,0.269742,-0.004551,1.950694,0.000004,1.073187,0.496382,0.273596,-1.361035,-11.168729,-0.400053,-0.110569,-0.881063,0.226848,-0.230069,-0.067193,-0.300899,0.549192,0.189384,-0.940858
9.500000,9.500000,sine,0.370241,0.000000,0.310379,-0.004269,1.836188,0.000003,0.961691,0.465652,0.271231,-1.360240,-11.176017,-0.395716,-0.119222,-0.883534,0.220371,-0.226471,-0.075844,-0.301947,0.555725,0.215195,-0.880894
9.520000,9.520000,sine,0.403441,0.000000,0.348253,-0.003960,1.704199,0.000003,0.845330,0.431879,0.268830,-1.359456,-11.183301,-0.391208,-0.127525,-0.885810,0.214555,-0.223006,-0.083437,-0.303048,0.556769,0.235659,-0.813236
9.540000,9.540000,sine,0.433059,0.000000,0.382999,-0.003627,1.555530,0.000003,0.728930,0.395581,0.266408,-1.358697,-11.190595,-0.386617,-0.135418,-0.887873,0.209454,-0.219812,-0.089941,-0.304186,0.553267,0.250147,-0.738293
9.560000,9.560000,sine,0.458834,0.000000,0.414275,-0.003276,1.391219,0.000002,0.617627,0.357248,0.263982,-1.357974,-11.197906,-0.382032,-0.142851,-0.889703,0.205120,-0.217010,-0.095350,-0.305341,0.546113,0.258337,-0.656556
9.580000,9.580000,sine,0.480536,0.000000,0.441765,-0.002912,1.212534,0.000002,0.516686,0.317432,0.261566,-1.357298,-11.205239,-0.377541,-0.149789,-0.891281,0.201602,-0.214696,-0.099680,-0.306490,0.536253,0.260270,-0.568440
9.600000,9.600000,sine,0.497973,0.000000,0.465188,-0.002540,1.020999,0.000001,0.431129,0.276745,0.259175,-1.356678,-11.212606,-0.373228,-0.156206,-0.892592,0.198947,-0.212939,-0.102961,-0.307608,0.524727,0.256367,-0.474348
9.620000,9.620000,sine,0.510990,0.000000,0.484299,-0.002168,0.818418,0.000001,0.365345,0.236020,0.256824,-1.356121,-11.220012,-0.369167,-0.162085,-0.893620,0.197199,-0.211781,-0.105229,-0.308670,0.512267,0.247205,-0.375098
9.640000,9.640000,sine,0.519471,0.000000,0.498897,-0.001808,0.606905,0.000001,0.322477,0.196442,0.254524,-1.355632,-11.227460,-0.365425,-0.167420,-0.894352,0.196394,-0.211236,-0.106525,-0.309650,0.499317,0.233462,-0.271826
9.660000,9.660000,sine,0.523342,0.000000,0.508852,-0.001524,0.387855,0.000001,0.303976,0.160971,0.252287,-1.355217,-11.234953,-0.362055,-0.172207,-0.894776,0.196559,-0.211287,-0.106890,-0.310524,0.486129,0.215888,-0.164826
9.680000,9.680000,sine,0.522567,0.000000,0.514077,-0.001342,0.164760,-0.000000,0.305227,0.133439,0.250122,-1.354879,-11.242494,-0.359103,-0.176449,-0.894885,0.197717,-0.211892,-0.106367,-0.311269,0.472903,0.195340,-0.054592
9.700000,9.700000,sine,0.517154,0.000000,0.514445,-0.001148,-0.053128,-0.009042,0.328616,0.114884,0.248036,-1.354621,-11.250076,-0.356605,-0.180138,-0.894664,0.199899,-0.212993,-0.104988,-0.311869,0.459918,0.172790,0.057896
9.720000,9.720000,sine,0.507150,0.000000,0.510143,-0.000947,-0.266729,-0.002054,0.335505,0.085510,0.246034,-1.354444,-11.257706,-0.354572,-0.183300,-0.894115,0.203071,-0.214516,-0.102824,-0.312312,0.447035,0.149138,0.164670
9.740000,9.740000,sine,0.492645,0.000000,0.501321,-0.000717,-0.471436,-0.000001,0.322172,0.060311,0.244122,-1.354352,-11.265376,-0.353017,-0.185939,-0.893237,0.207204,-0.216410,-0.099831,-0.312590,0.432028,0.123901,0.270004
9.760000,9.760000,sine,0.473767,0.000000,0.488126,-0.000462,-0.668028,-0.000002,0.290946,0.033530,0.242304,-1.354347,-11.273081,-0.351957,-0.188041,-0.892027,0.212262,-0.218624,-0.095974,-0.312706,0.413582,0.097130,0.373010
9.780000,9.780000,sine,0.450685,0.000000,0.470706,-0.000183,-0.857727,-0.000002,0.243622,0.005034,0.240588,-1.354436,-11.280818,-0.351406,-0.189584,-0.890483,0.218201,-0.221098,-0.091211,-0.312667,0.390485,0.068969,0.473419
9.800000,9.800000,sine,0.423601,0.000000,0.449215,0.000117,-1.040288,-0.000003,0.184556,-0.024996,0.238979,-1.354624,-11.288584,-0.351379,-0.190539,-0.888604,0.224967,-0.223762,-0.085503,-0.312484,0.361820,0.039804,0.570608
9.820000,9.820000,sine,0.392758,0.000000,0.423829,0.000425,-1.215077,-0.000003,0.118290,-0.056121,0.237484,-1.354918,-11.296371,-0.351882,-0.190869,-0.886394,0.232495,-0.226531,-0.078823,-0.312174,0.326920,0.010246,0.663668
9.840000,9.840000,sine,0.358429,0.000000,0.394742,0.000735,-1.380887,-0.000003,0.049270,-0.087688,0.236107,-1.355325,-11.304173,-0.352914,-0.190537,-0.883859,0.240707,-0.229308,-0.071161,-0.311753,0.285395,-0.018839,0.751326
9.860000,9.860000,sine,0.320918,0.000000,0.362179,0.001039,-1.536399,-0.000004,-0.018196,-0.118975,0.234853,-1.355851,-11.311985,-0.354463,-0.189508,-0.881014,0.249513,-0.231989,-0.062530,-0.311237,0.237118,-0.046323,0.832344
9.880000,9.880000,sine,0.280559,0.000000,0.326395,0.001329,-1.680248,-0.000004,-0.080010,-0.149170,0.233726,-1.356505,-11.319800,-0.356502,-0.187746,-0.877880,0.258814,-0.234459,-0.052964,-0.310641,0.182148,-0.070983,0.905524
9.900000,9.900000,sine,0.237709,0.000000,0.287675,0.001597,-1.811162,-0.000004,-0.132228,-0.177492,0.232726,-1.357291,-11.327616,-0.358994,-0.185221,-0.874485,0.268501,-0.236606,-0.042520,-0.309981,0.120668,-0.091616,0.969802
9.920000,9.920000,sine,0.192750,0.000000,0.246326,0.001837,-1.927879,-0.000004,-0.171063,-0.202865,0.231854,-1.358218,-11.335417,-0.361890,-0.181903,-0.870866,0.278459,-0.238319,-0.031282,-0.309276,0.052982,-0.107102,1.024161
9.940000,9.940000,sine,0.146080,0.000000,0.202684,0.002037,-2.029326,-0.000004,-0.193077,-0.224244,0.231109,-1.359290,-11.343204,-0.365131,-0.177770,-0.867066,0.288571,-0.239498,-0.019350,-0.308545,-0.020458,-0.116442,1.067803
9.960000,9.960000,sine,0.098113,0.000000,0.157110,0.002189,-2.113765,-0.000004,-0.196999,-0.240590,0.230488,-1.360511,-11.350965,-0.368648,-0.172807,-0.863137,0.298714,-0.240056,-0.006851,-0.307816,-0.097536,-0.118662,1.100200
9.980000,9.980000,sine,0.049275,0.000000,0.110001,0.002292,-2.179341,-0.000004,-0.184257,-0.251726,0.229985,-1.361885,-11.358701,-0.372361,-0.167025,-0.859131,0.308779,-0.239933,0.006064,-0.307118,-0.175007,-0.113173,1.121268
10.000000,10.000000,sine,0.000000,0.000000,0.061810,0.002342,-2.221002,-0.000004,-0.168582,-0.257320,0.229589,-1.363410,-11.366407,-0.376174,-0.160468,-0.855102,0.318660,-0.239101,0.019170,-0.306472,-0.248905,-0.099966,1.128730
10.020000,10.020000,sine,-0.049275,0.000000,0.013017,0.002347,-2.242337,-0.000005,-0.151378,-0.258169,0.229289,-1.365082,-11.374077,-0.379991,-0.153206,-0.851101,0.328271,-0.237567,0.032266,-0.305894,-0.316998,-0.079898,1.126550
10.040000,10.040000,sine,-0.098113,0.000000,-0.035954,0.002317,-2.244915,-0.000005,-0.124575,-0.255253,0.229070,-1.366892,-11.381714,-0.383727,-0.145321,-0.847167,0.337556,-0.235378,0.045168,-0.305386,-0.377574,-0.054151,1.116563
10.060000,10.060000,sine,-0.146080,0.000000,-0.084693,0.002249,-2.229050,-0.000005,-0.084422,-0.248693,0.228917,-1.368831,-11.389315,-0.387305,-0.136904,-0.843332,0.346472,-0.232606,0.057702,-0.304947,-0.429479,-0.024138,1.099307
10.080000,10.080000,sine,-0.192750,0.000000,-0.132791,0.002144,-2.194573,-0.000004,-0.029483,-0.238500,0.228814,-1.370887,-11.396885,-0.390659,-0.128060,-0.839628,0.354981,-0.229354,0.069703,-0.304571,-0.472176,0.008595,1.074715
10.100000,10.100000,sine,-0.237709,0.000000,-0.179832,0.001999,-2.141507,-0.000005,0.040267,-0.224692,0.228748,-1.373044,-11.404427,-0.393738,-0.118898,-0.836082,0.363044,-0.225742,0.081023,-0.304254,-0.505720,0.042433,1.042708
10.120000,10.120000,sine,-0.280559,0.000000,-0.225405,0.001810,-2.069897,-0.000004,0.123708,-0.207056,0.228704,-1.375288,-11.411942,-0.396507,-0.109534,-0.832722,0.370619,-0.221903,0.091536,-0.303998,-0.530559,0.075702,1.003153
10.140000,10.140000,sine,-0.320918,0.000000,-0.269104,0.001575,-1.979960,-0.000004,0.218662,-0.185558,0.228668,-1.377600,-11.419440,-0.398950,-0.100083,-0.829574,0.377664,-0.217983,0.101144,-0.303807,-0.547422,0.106874,0.956015
10.160000,10.160000,sine,-0.358429,0.000000,-0.310530,0.001298,-1.871816,-0.000004,0.321841,-0.159736,0.228629,-1.379961,-11.426923,-0.401063,-0.090659,-0.826663,0.384133,-0.214130,0.109769,-0.303678,-0.557167,0.134630,0.901169
10.180000,10.180000,sine,-0.392758,0.000000,-0.349292,0.000970,-1.746204,-0.000004,0.429789,-0.129167,0.228577,-1.382354,-11.434401,-0.402862,-0.081371,-0.824012,0.389981,-0.210489,0.117367,-0.303608,-0.560809,0.157938,0.838917
10.200000,10.200000,sine,-0.423601,0.000000,-0.385023,0.000594,-1.603673,-0.000003,0.538486,-0.093318,0.228501,-1.384758,-11.441882,-0.404372,-0.072322,-0.821646,0.395159,-0.207197,0.123917,-0.303589,-0.559355,0.176063,0.769330
10.220000,10.220000,sine,-0.450685,0.000000,-0.417381,0.000180,-1.445037,-0.000003,0.643763,-0.052658,0.228394,-1.387154,-11.449369,-0.405630,-0.063607,-0.819585,0.399624,-0.204371,0.129421,-0.303608,-0.553891,0.188620,0.692545
10.240000,10.240000,sine,-0.473767,0.000000,-0.446046,-0.000263,-1.271329,-0.000004,0.740152,-0.007964,0.228250,-1.389524,-11.456873,-0.406680,-0.055309,-0.817850,0.403329,-0.202109,0.133899,-0.303650,-0.545561,0.195571,0.608772
10.260000,10.260000,sine,-0.492645,0.000000,-0.470724,-0.000730,-1.078138,-0.011647,0.821350,0.040532,0.228064,-1.391850,-11.464397,-0.407569,-0.047501,-0.816461,0.406230,-0.200492,0.137362,-0.303696,-0.535064,0.197026,0.518855
10.280000,10.280000,sine,-0.507150,0.000000,-0.491162,-0.001215,-0.875826,-0.018666,0.881229,0.095385,0.227832,-1.394117,-11.471950,-0.408344,-0.040244,-0.815434,0.408293,-0.199556,0.139865,-0.303721,-0.523039,0.193426,0.424363
10.300000,10.300000,sine,-0.517154,0.000000,-0.507150,-0.001700,-0.666602,-0.020398,0.906142,0.175729,0.227552,-1.396310,-11.479529,-0.409051,-0.033588,-0.814779,0.409492,-0.199314,0.141454,-0.303701,-0.509934,0.185365,0.326344
10.320000,10.320000,sine,-0.522567,0.000000,-0.518532,-0.002220,-0.453428,-0.017259,0.921057,0.244145,0.227221,-1.398416,-11.487141,-0.409732,-0.027566,-0.814500,0.409817,-0.199745,0.142188,-0.303614,-0.496235,0.173657,0.225814
10.340000,10.340000,sine,-0.523342,0.000000,-0.525233,-0.002741,-0.237092,-0.013299,0.925331,0.306340,0.226840,-1.400426,-11.494786,-0.410420,-0.022207,-0.814599,0.409255,-0.200817,0.142100,-0.303440,-0.482007,0.159043,0.122424
10.360000,10.360000,sine,-0.519471,0.000000,-0.527154,-0.003181,-0.009159,-0.000001,0.904685,0.326547,0.226407,-1.402328,-11.502463,-0.411142,-0.017560,-0.815099,0.407759,-0.202577,0.141095,-0.303165,-0.465280,0.141238,0.004241
10.380000,10.380000,sine,-0.510990,0.000000,-0.524419,-0.003306,0.193568,0.011091,0.896442,0.344230,0.225921,-1.404118,-11.510171,-0.411917,-0.013651,-0.816006,0.405304,-0.204763,0.139419,-0.302780,-0.451066,0.123702,-0.098980
10.400000,10.400000,sine,-0.497973,0.000000,-0.517176,-0.003361,0.401473,0.012840,0.905703,0.357747,0.225383,-1.405791,-11.517908,-0.412754,-0.010462,-0.817297,0.401933,-0.207454,0.136907,-0.302288,-0.434047,0.104445,-0.207202
10.420000,10.420000,sine,-0.480536,0.000000,-0.505490,-0.003401,0.610076,0.000074,0.929551,0.367136,0.224790,-1.407340,-11.525663,-0.413657,-0.008026,-0.818962,0.397648,-0.210574,0.133534,-0.301701,-0.413755,0.083867,-0.314614
10.440000,10.440000,sine,-0.458834,0.000000,-0.489498,-0.003479,0.803483,0.000003,0.972003,0.377297,0.224141,-1.408761,-11.533438,-0.414621,-0.006366,-0.820981,0.392478,-0.214041,0.129295,-0.301037,-0.389736,0.062436,-0.419084
10.460000,10.460000,sine,-0.433059,0.000000,-0.469374,-0.003602,0.988706,0.000003,1.030390,0.391397,0.223432,-1.410047,-11.541224,-0.415635,-0.005510,-0.823324,0.386466,-0.217791,0.124134,-0.300320,-0.360784,0.040275,-0.520402
10.480000,10.480000,sine,-0.403441,0.000000,-0.445296,-0.003772,1.165803,0.000004,1.099989,0.410169,0.222659,-1.411191,-11.549018,-0.416680,-0.005485,-0.825958,0.379660,-0.221740,0.118013,-0.299575,-0.326147,0.017829,-0.617916
10.500000,10.500000,sine,-0.370241,0.000000,-0.417457,-0.003981,1.334117,0.000004,1.175397,0.433059,0.221816,-1.412189,-11.556817,-0.417728,-0.006318,-0.828848,0.372120,-0.225786,0.110911,-0.298832,-0.285347,-0.004238,-0.710511
10.520000,10.520000,sine,-0.333755,0.000000,-0.386075,-0.004218,1.492564,0.000005,1.251659,0.459003,0.220899,-1.413035,-11.564609,-0.418746,-0.008029,-0.831955,0.363921,-0.229816,0.102827,-0.298117,-0.238154,-0.025030,-0.796874
10.540000,10.540000,sine,-0.294307,0.000000,-0.351394,-0.004472,1.639862,0.000005,1.324160,0.486721,0.219902,-1.413726,-11.572389,-0.419691,-0.010630,-0.835235,0.355146,-0.233704,0.093780,-0.297454,-0.184555,-0.043503,-0.875666
10.560000,10.560000,sine,-0.252246,0.000000,-0.313685,-0.004730,1.774735,0.000005,1.388474,0.514790,0.218819,-1.414259,-11.580153,-0.420510,-0.014122,-0.838648,0.345893,-0.237321,0.083818,-0.296867,-0.124675,-0.058584,-0.945671
10.580000,10.580000,sine,-0.207947,0.000000,-0.273248,-0.004977,1.895963,0.000005,1.440473,0.541763,0.217644,-1.414634,-11.587892,-0.421147,-0.018498,-0.842150,0.336268,-0.240536,0.073012,-0.296380,-0.058756,-0.069237,-1.005808
10.600000,10.600000,sine,-0.161801,0.000000,-0.230409,-0.005192,2.002502,0.000005,1.476064,0.565279,0.216370,-1.414852,-11.595599,-0.421539,-0.023740,-0.845702,0.326387,-0.243230,0.061456,-0.296017,0.012864,-0.074518,-1.055213
10.620000,10.620000,sine,-0.114220,0.000000,-0.185517,-0.005358,2.092682,0.000005,1.493315,0.583538,0.214992,-1.414916,-11.603272,-0.421620,-0.029816,-0.849269,0.316370,-0.245292,0.049270,-0.295799,0.088437,-0.073443,-1.093249
10.640000,10.640000,sine,-0.065624,0.000000,-0.138955,-0.005472,2.164776,0.000005,1.493189,0.596050,0.213504,-1.414830,-11.610905,-0.421327,-0.036670,-0.852818,0.306334,-0.246637,0.036599,-0.295741,0.164899,-0.065291,-1.119894
10.660000,10.660000,sine,-0.016447,0.000000,-0.091158,-0.005525,2.214043,0.000005,1.485366,0.602009,0.211905,-1.414606,-11.618491,-0.420609,-0.044216,-0.856323,0.296386,-0.247202,0.023640,-0.295848,0.238441,-0.049884,-1.133015
10.680000,10.680000,sine,0.032877,0.000000,-0.042602,-0.005526,2.241912,0.000005,1.476883,0.602232,0.210194,-1.414257,-11.626033,-0.419426,-0.052337,-0.859761,0.286626,-0.246981,0.010579,-0.296113,0.306455,-0.027806,-1.135003
10.700000,10.700000,sine,0.081909,0.000000,0.006281,-0.005486,2.250849,0.000005,1.459830,0.597976,0.208372,-1.413798,-11.633528,-0.417755,-0.060912,-0.863117,0.277127,-0.246003,-0.002431,-0.296522,0.367276,-0.000098,-1.128420
10.720000,10.720000,sine,0.130214,0.000000,0.055082,-0.005409,2.241372,0.000005,1.428791,0.589643,0.206443,-1.413246,-11.640977,-0.415588,-0.069820,-0.866383,0.267940,-0.244323,-0.015227,-0.297059,0.419726,0.031910,-1.113966
10.740000,10.740000,sine,0.177363,0.000000,0.103395,-0.005294,2.213357,0.000005,1.381466,0.577173,0.204413,-1.412616,-11.648381,-0.412932,-0.078938,-0.869549,0.259115,-0.242018,-0.027629,-0.297709,0.463208,0.066597,-1.091668
10.760000,10.760000,sine,0.222938,0.000000,0.150809,-0.005141,2.166636,0.000005,1.317342,0.560511,0.202289,-1.411925,-11.655748,-0.409811,-0.088146,-0.872602,0.250700,-0.239189,-0.039468,-0.298461,0.497665,0.102224,-1.061384
10.780000,10.780000,sine,0.266534,0.000000,0.196915,-0.004949,2.101153,0.000004,1.237151,0.539716,0.200082,-1.411189,-11.663085,-0.406266,-0.097328,-0.875528,0.242745,-0.235960,-0.050590,-0.299307,0.523471,0.137095,-1.022979
10.800000,10.800000,sine,0.307764,0.000000,0.241303,-0.004722,2.017016,0.000004,1.142712,0.514958,0.197803,-1.410426,-11.670397,-0.402352,-0.106381,-0.878310,0.235303,-0.232469,-0.060866,-0.300237,0.541308,0.169648,-0.976406
10.820000,10.820000,sine,0.346263,0.000000,0.283571,-0.004461,1.914508,0.000003,1.036833,0.486499,0.195463,-1.409651,-11.677689,-0.398137,-0.115210,-0.880928,0.228428,-0.228864,-0.070193,-0.301242,0.552043,0.198532,-0.921736
10.840000,10.840000,sine,0.381688,0.000000,0.323329,-0.004169,1.794097,0.000003,0.923209,0.454703,0.193078,-1.408879,-11.684975,-0.393697,-0.123735,-0.883363,0.222175,-0.225294,-0.078496,-0.302309,0.556637,0.222648,-0.859172
10.860000,10.860000,sine,0.413725,0.000000,0.360200,-0.003851,1.656446,0.000003,0.806283,0.420037,0.190662,-1.408123,-11.692263,-0.389116,-0.131887,-0.885595,0.216601,-0.221905,-0.085728,-0.303424,0.556062,0.241174,-0.789034
10.880000,10.880000,sine,0.442090,0.000000,0.393826,-0.003512,1.502439,0.000002,0.691005,0.383003,0.188230,-1.407396,-11.699560,-0.384484,-0.139610,-0.887603,0.211759,-0.218830,-0.091866,-0.304570,0.551245,0.253583,-0.711775
10.900000,10.900000,sine,0.466531,0.000000,0.423873,-0.003156,1.333184,0.000002,0.582583,0.344111,0.185799,-1.406709,-11.706877,-0.379890,-0.146862,-0.889368,0.207700,-0.216181,-0.096912,-0.305726,0.543076,0.259662,-0.627873
10.920000,10.920000,sine,0.486831,0.000000,0.450038,-0.002788,1.150033,0.000001,0.486231,0.303934,0.183384,-1.406071,-11.714221,-0.375420,-0.153610,-0.890873,0.204471,-0.214047,-0.100889,-0.306867,0.532552,0.259589,-0.537709
10.940000,10.940000,sine,0.502810,0.000000,0.472049,-0.002415,0.954598,0.000001,0.406816,0.263129,0.181000,-1.405493,-11.721599,-0.371156,-0.159831,-0.892102,0.202119,-0.212486,-0.103828,-0.307970,0.520657,0.253868,-0.441781
10.960000,10.960000,sine,0.514326,0.000000,0.489675,-0.002046,0.748799,0.000001,0.348384,0.222604,0.178660,-1.404978,-11.729017,-0.367170,-0.165512,-0.893038,0.200686,-0.211532,-0.105767,-0.309008,0.507988,0.243094,-0.341067
10.980000,10.980000,sine,0.521276,0.000000,0.502734,-0.001697,0.533705,0.002084,0.315489,0.180481,0.176376,-1.404534,-11.736481,-0.363524,-0.170648,-0.893671,0.200204,-0.211189,-0.106748,-0.309955,0.494936,0.227987,-0.236674
11.000000,11.000000,sine,0.523600,0.000000,0.511123,-0.001450,0.313799,0.000000,0.302421,0.150357,0.174159,-1.404163,-11.743988,-0.360269,-0.175240,-0.893989,0.200699,-0.211430,-0.106814,-0.310787,0.481732,0.209332,-0.128462
11.020000,11.020000,sine,0.521276,0.000000,0.514742,-0.001284,0.086978,0.000228,0.312752,0.126113,0.172017,-1.403870,-11.751546,-0.357446,-0.179286,-0.893983,0.202195,-0.212214,-0.105981,-0.311485,0.468059,0.187708,-0.014906
11.040000,11.040000,sine,0.514326,0.000000,0.513537,-0.001088,-0.124247,-0.006582,0.331748,0.101701,0.169957,-1.403657,-11.759147,-0.355087,-0.182788,-0.893642,0.204708,-0.213453,-0.104367,-0.312035,0.455878,0.165155,0.092959
11.060000,11.060000,sine,0.502810,0.000000,0.507714,-0.000873,-0.336566,-0.000001,0.331432,0.077343,0.167983,-1.403525,-11.766789,-0.353199,-0.185768,-0.892969,0.208199,-0.215106,-0.101924,-0.312423,0.442284,0.140880,0.200084
11.080000,11.080000,sine,0.486831,0.000000,0.497413,-0.000634,-0.538027,-0.000001,0.313292,0.051498,0.166101,-1.403478,-11.774472,-0.351796,-0.188223,-0.891961,0.212641,-0.217114,-0.098646,-0.312647,0.426276,0.115121,0.304796
11.100000,11.100000,sine,0.466531,0.000000,0.482787,-0.000371,-0.732259,-0.000002,0.276800,0.024120,0.164317,-1.403519,-11.782191,-0.350897,-0.190137,-0.890617,0.217994,-0.219422,-0.094490,-0.312710,0.406408,0.087862,0.406935
11.120000,11.120000,sine,0.442090,0.000000,0.463989,-0.000085,-0.919540,-0.000002,0.225190,-0.004850,0.162637,-1.403655,-11.789938,-0.350514,-0.191485,-0.888934,0.224209,-0.221969,-0.089415,-0.312621,0.381558,0.059319,0.506290
11.140000,11.140000,sine,0.413725,0.000000,0.441177,0.000219,-1.099500,-0.000003,0.163190,-0.035252,0.161068,-1.403891,-11.797711,-0.350661,-0.192236,-0.886914,0.231228,-0.224678,-0.083385,-0.312394,0.350893,0.029952,0.602142
11.160000,11.160000,sine,0.381688,0.000000,0.414534,0.000529,-1.271420,-0.000003,0.095429,-0.066666,0.159614,-1.404234,-11.805503,-0.351340,-0.192352,-0.884561,0.238982,-0.227461,-0.076378,-0.312045,0.313816,0.000443,0.693535
11.180000,11.180000,sine,0.346263,0.000000,0.384262,0.000838,-1.433941,-0.000003,0.026428,-0.098214,0.158282,-1.404692,-11.813310,-0.352549,-0.191797,-0.881885,0.247391,-0.230217,-0.068391,-0.311591,0.270047,-0.028240,0.779114
11.200000,11.200000,sine,0.307764,0.000000,0.350596,0.001137,-1.585721,-0.000004,-0.039620,-0.129199,0.157075,-1.405270,-11.821125,-0.354270,-0.190535,-0.878902,0.256361,-0.232841,-0.059443,-0.311047,0.219526,-0.054919,0.857655
11.220000,11.220000,sine,0.266534,0.000000,0.313800,0.001421,-1.725384,-0.000004,-0.098674,-0.158847,0.155996,-1.405977,-11.828941,-0.356473,-0.188532,-0.875637,0.265788,-0.235216,-0.049577,-0.310428,0.162362,-0.078367,0.927976
11.240000,11.240000,sine,0.222938,0.000000,0.274168,0.001680,-1.851703,-0.000004,-0.146847,-0.186326,0.155046,-1.406819,-11.836750,-0.359118,-0.185756,-0.872120,0.275563,-0.237230,-0.038858,-0.309751,0.098776,-0.097404,0.989059
11.260000,11.260000,sine,0.177363,0.000000,0.232016,0.001908,-1.963457,-0.000004,-0.180423,-0.210476,0.154225,-1.407800,-11.844548,-0.362151,-0.182182,-0.868393,0.285571,-0.238775,-0.027376,-0.309034,0.029094,-0.110948,1.039933
11.280000,11.280000,sine,0.130214,0.000000,0.187688,0.002093,-2.059447,-0.000004,-0.196385,-0.230260,0.153532,-1.408928,-11.852324,-0.365511,-0.177788,-0.864500,0.295689,-0.239755,-0.015241,-0.308301,-0.045878,-0.118014,1.079861
11.300000,11.300000,sine,0.081909,0.000000,0.141557,0.002229,-2.137837,-0.000004,-0.194510,-0.244863,0.152962,-1.410205,-11.860080,-0.369126,-0.172565,-0.860496,0.305800,-0.240092,-0.002585,-0.307579,-0.123477,-0.117704,1.108509
11.320000,11.320000,sine,0.032877,0.000000,0.094036,0.002314,-2.195627,-0.000004,-0.179446,-0.254194,0.152508,-1.411634,-11.867805,-0.372908,-0.166535,-0.856433,0.315797,-0.239733,0.010418,-0.306897,-0.200128,-0.109598,1.125019
11.340000,11.340000,sine,-0.016447,0.000000,0.045595,0.002348,-2.230305,-0.000004,-0.163788,-0.258099,0.152160,-1.413212,-11.875497,-0.376762,-0.159751,-0.852366,0.325579,-0.238665,0.023543,-0.306272,-0.272332,-0.093995,1.129000
11.360000,11.360000,sine,-0.065624,0.000000,-0.003304,0.002342,-2.245314,-0.000004,-0.143848,-0.257651,0.151903,-1.414932,-11.883155,-0.380594,-0.152289,-0.848342,0.335070,-0.236907,0.036595,-0.305718,-0.338094,-0.071890,1.124103
11.380000,11.380000,sine,-0.114220,0.000000,-0.052245,0.002299,-2.241718,-0.000004,-0.112798,-0.253506,0.151723,-1.416789,-11.890779,-0.384320,-0.144232,-0.844398,0.344219,-0.234514,0.049393,-0.305233,-0.395878,-0.044554,1.111650
11.400000,11.400000,sine,-0.161801,0.000000,-0.100817,0.002218,-2.219667,-0.000005,-0.067782,-0.245696,0.151606,-1.418769,-11.898367,-0.387867,-0.135676,-0.840566,0.352986,-0.231569,0.061767,-0.304816,-0.444746,-0.013460,1.091961
11.420000,11.420000,sine,-0.207947,0.000000,-0.148608,0.002100,-2.178977,-0.000004,-0.007839,-0.234305,0.151535,-1.420861,-11.905926,-0.391172,-0.126728,-0.836876,0.361335,-0.228183,0.073555,-0.304459,-0.484365,0.019828,1.064900
11.440000,11.440000,sine,-0.252246,0.000000,-0.195206,0.001940,-2.119695,-0.000004,0.066643,-0.219180,0.151497,-1.423050,-11.913458,-0.394191,-0.117499,-0.833355,0.369225,-0.224480,0.084619,-0.304163,-0.514941,0.053658,1.030372
11.460000,11.460000,sine,-0.294307,0.000000,-0.240200,0.001737,-2.041938,-0.000004,0.154211,-0.200323,0.151476,-1.425318,-11.920970,-0.396893,-0.108104,-0.830031,0.376614,-0.220598,0.094840,-0.303929,-0.537031,0.086389,0.988286
11.480000,11.480000,sine,-0.333755,0.000000,-0.283184,0.001487,-1.945924,-0.000004,0.252323,-0.177412,0.151461,-1.427649,-11.928465,-0.399266,-0.098660,-0.826929,0.383460,-0.216684,0.104127,-0.303758,-0.551424,0.116557,0.938600
11.500000,11.500000,sine,-0.370241,0.000000,-0.323765,0.001194,-1.831839,-0.000004,0.357493,-0.150030,0.151439,-1.430023,-11.935947,-0.401313,-0.089279,-0.824075,0.389714,-0.212886,0.112413,-0.303650,-0.559017,0.142929,0.881229
11.520000,11.520000,sine,-0.403441,0.000000,-0.361557,0.000849,-1.700541,-0.000003,0.466103,-0.117782,0.151400,-1.432422,-11.943428,-0.403052,-0.080067,-0.821493,0.395332,-0.209347,0.119663,-0.303598,-0.560849,0.164575,0.816544
11.540000,11.540000,sine,-0.433059,0.000000,-0.396200,0.000460,-1.552537,-0.000003,0.574228,-0.080251,0.151336,-1.434826,-11.950912,-0.404513,-0.071125,-0.819204,0.400268,-0.206198,0.125864,-0.303593,-0.557934,0.180870,0.744540
11.560000,11.560000,sine,-0.458834,0.000000,-0.427361,0.000034,-1.388756,-0.000004,0.677179,-0.038096,0.151237,-1.437216,-11.958407,-0.405734,-0.062545,-0.817231,0.404476,-0.203550,0.131023,-0.303621,-0.551393,0.191547,0.665393
11.580000,11.580000,sine,-0.480536,0.000000,-0.454728,-0.000416,-1.208381,-0.003791,0.769187,0.007825,0.151100,-1.439575,-11.965919,-0.406760,-0.054408,-0.815595,0.407911,-0.201497,0.135160,-0.303667,-0.542268,0.196639,0.579416
11.600000,11.600000,sine,-0.497973,0.000000,-0.478019,-0.000890,-1.011561,-0.014601,0.844268,0.057600,0.150919,-1.441884,-11.973453,-0.407638,-0.046781,-0.814314,0.410531,-0.200103,0.138298,-0.303708,-0.531221,0.196359,0.487810
11.620000,11.620000,sine,-0.510990,0.000000,-0.496995,-0.001373,-0.806722,-0.019876,0.890776,0.123755,0.150691,-1.444130,-11.981012,-0.408416,-0.039722,-0.813403,0.412304,-0.199399,0.140490,-0.303721,-0.518780,0.191192,0.392051
11.640000,11.640000,sine,-0.519471,0.000000,-0.511461,-0.001874,-0.595956,-0.019655,0.912511,0.199762,0.150413,-1.446298,-11.988605,-0.409138,-0.033277,-0.812868,0.413211,-0.199384,0.141790,-0.303681,-0.505438,0.181827,0.293134
11.660000,11.660000,sine,-0.523342,0.000000,-0.521289,-0.002395,-0.381734,-0.015690,0.923792,0.265068,0.150083,-1.448376,-11.996228,-0.409843,-0.027476,-0.812715,0.413241,-0.200034,0.142246,-0.303567,-0.491567,0.169067,0.191735
11.680000,11.680000,sine,-0.522567,0.000000,-0.526414,-0.002912,-0.161963,-0.012642,0.919747,0.331749,0.149702,-1.450355,-12.003883,-0.410563,-0.022348,-0.812947,0.412379,-0.201322,0.141874,-0.303360,-0.476837,0.153489,0.085497
11.700000,11.700000,sine,-0.517154,0.000000,-0.526758,-0.003242,0.052563,0.007013,0.900928,0.331536,0.149267,-1.452224,-12.011570,-0.411320,-0.017951,-0.813592,0.410562,-0.203221,0.140657,-0.303049,-0.461365,0.135886,-0.026508
11.720000,11.720000,sine,-0.507150,0.000000,-0.522540,-0.003344,0.262980,0.012033,0.903172,0.350767,0.148779,-1.453980,-12.019286,-0.412131,-0.014276,-0.814636,0.407814,-0.205599,0.138688,-0.302627,-0.445710,0.117456,-0.134777
11.740000,11.740000,sine,-0.492645,0.000000,-0.513799,-0.003383,0.470741,0.012199,0.913325,0.362426,0.148237,-1.455617,-12.027028,-0.413003,-0.011341,-0.816070,0.404141,-0.208445,0.135887,-0.302102,-0.427622,0.097694,-0.243736
11.760000,11.760000,sine,-0.473767,0.000000,-0.500646,-0.003428,0.676201,0.000003,0.941506,0.370838,0.147639,-1.457130,-12.034791,-0.413936,-0.009168,-0.817878,0.399560,-0.211694,0.132222,-0.301487,-0.406140,0.076773,-0.350266
11.780000,11.780000,sine,-0.450685,0.000000,-0.483248,-0.003518,0.866536,0.000003,0.989296,0.381782,0.146983,-1.458512,-12.042570,-0.414924,-0.007780,-0.820033,0.394111,-0.215264,0.127677,-0.300803,-0.380612,0.055077,-0.453509
11.800000,11.800000,sine,-0.423601,0.000000,-0.461780,-0.003654,1.048882,0.000003,1.052152,0.397220,0.146263,-1.459757,-12.050362,-0.415953,-0.007204,-0.822504,0.387837,-0.219090,0.122199,-0.300073,-0.349860,0.032771,-0.553502
11.820000,11.820000,sine,-0.392758,0.000000,-0.436424,-0.003837,1.222997,0.000004,1.124461,0.417355,0.145477,-1.460860,-12.058158,-0.417001,-0.007467,-0.825259,0.380791,-0.223083,0.115753,-0.299326,-0.313231,0.010377,-0.649404
11.840000,11.840000,sine,-0.358429,0.000000,-0.407378,-0.004057,1.388096,0.000004,1.200824,0.441369,0.144618,-1.461816,-12.065954,-0.418039,-0.008596,-0.828259,0.373036,-0.227136,0.108323,-0.298589,-0.270320,-0.011371,-0.740032
11.860000,11.860000,sine,-0.320918,0.000000,-0.374868,-0.004301,1.542950,0.000005,1.276422,0.468069,0.143682,-1.462619,-12.073740,-0.419029,-0.010606,-0.831464,0.364649,-0.231133,0.099914,-0.297889,-0.220993,-0.031506,-0.824004
11.880000,11.880000,sine,-0.280559,0.000000,-0.339146,-0.004558,1.686245,0.000005,1.346716,0.496073,0.142663,-1.463266,-12.081516,-0.419925,-0.013509,-0.834832,0.355718,-0.234945,0.090556,-0.297248,-0.165282,-0.048966,-0.900002
11.900000,11.900000,sine,-0.237709,0.000000,-0.300493,-0.004814,1.816705,0.000005,1.407385,0.523951,0.141554,-1.463756,-12.089273,-0.420675,-0.017300,-0.838319,0.346344,-0.238442,0.080305,-0.296692,-0.103357,-0.062682,-0.966838
11.920000,11.920000,sine,-0.192750,0.000000,-0.259218,-0.005053,1.933159,0.000005,1.454323,0.550036,0.140349,-1.464089,-12.097003,-0.421217,-0.021969,-0.841884,0.336637,-0.241496,0.069237,-0.296244,-0.035487,-0.071644,-1.023496
11.940000,11.940000,sine,-0.146080,0.000000,-0.215655,-0.005253,2.034468,0.000005,1.483862,0.571949,0.139042,-1.464266,-12.104702,-0.421489,-0.027494,-0.845488,0.326712,-0.243990,0.057457,-0.295927,0.037751,-0.074916,-1.069159
11.960000,11.960000,sine,-0.098113,0.000000,-0.170162,-0.005402,2.118782,0.000005,1.495163,0.588361,0.137628,-1.464291,-12.112361,-0.421424,-0.033837,-0.849095,0.316693,-0.245822,0.045092,-0.295761,0.113983,-0.071537,-1.103373
11.980000,11.980000,sine,-0.049275,0.000000,-0.123134,-0.005497,2.184139,0.000005,1.489504,0.598872,0.136103,-1.464171,-12.119977,-0.420964,-0.040932,-0.852676,0.306689,-0.246912,0.032298,-0.295759,0.189956,-0.060957,-1.125985
12.000000,12.000000,sine,-0.000000,0.000000,-0.075030,-0.005530,2.225551,0.000005,1.482108,0.602595,0.134464,-1.463918,-12.127548,-0.420061,-0.048680,-0.856203,0.296808,-0.247213,0.019287,-0.295919,0.261835,-0.043224,-1.134722
12.020000,12.020000,sine,0.049275,0.000000,-0.026319,-0.005516,2.246871,0.000005,1.472240,0.601206,0.132712,-1.463546,-12.135072,-0.418682,-0.056959,-0.859657,0.287144,-0.246735,0.006228,-0.296233,0.327596,-0.019138,-1.133635
12.040000,12.040000,sine,0.098113,0.000000,0.022579,-0.005464,2.249664,0.000005,1.451121,0.595589,0.130849,-1.463070,-12.142549,-0.416808,-0.065650,-0.863024,0.277758,-0.245516,-0.006729,-0.296687,0.385726,0.010167,-1.124412
12.060000,12.060000,sine,0.146080,0.000000,0.071262,-0.005375,2.234052,0.000005,1.414879,0.585912,0.128881,-1.462506,-12.149981,-0.414438,-0.074632,-0.866297,0.268701,-0.243618,-0.019413,-0.297263,0.435226,0.043258,-1.107376
12.080000,12.080000,sine,0.192750,0.000000,0.119320,-0.005247,2.199837,0.000005,1.361963,0.572063,0.126814,-1.461872,-12.157370,-0.411584,-0.083781,-0.869464,0.260021,-0.241126,-0.031646,-0.297948,0.475685,0.078451,-1.082451
12.100000,12.100000,sine,0.237709,0.000000,0.166344,-0.005081,2.146875,0.000005,1.292342,0.554025,0.124655,-1.461183,-12.164725,-0.408277,-0.092978,-0.872513,0.251767,-0.238150,-0.043261,-0.298733,0.507201,0.114010,-1.049481
12.120000,12.120000,sine,0.280559,0.000000,0.211922,-0.004878,2.075161,0.000004,1.207141,0.531891,0.122416,-1.460456,-12.172051,-0.404562,-0.102113,-0.875427,0.243989,-0.234817,-0.054114,-0.299608,0.530265,0.148273,-1.008360
12.140000,12.140000,sine,0.320918,0.000000,0.255647,-0.004638,1.984865,0.000004,1.108529,0.505869,0.120108,-1.459707,-12.179355,-0.400501,-0.111084,-0.878187,0.236741,-0.231271,-0.064084,-0.300564,0.545632,0.179742,-0.959078
12.160000,12.160000,sine,0.358429,0.000000,0.297122,-0.004367,1.876330,0.000004,0.999623,0.476254,0.117745,-1.458951,-12.186644,-0.396164,-0.119801,-0.880776,0.230078,-0.227661,-0.073078,-0.301590,0.554212,0.207145,-0.901749
12.180000,12.180000,sine,0.392758,0.000000,0.335958,-0.004066,1.750090,0.000003,0.884356,0.443438,0.115342,-1.458203,-12.193928,-0.391631,-0.128189,-0.883171,0.224056,-0.224136,-0.081028,-0.302675,0.556978,0.229475,-0.836615
12.200000,12.200000,sine,0.423601,0.000000,0.371786,-0.003740,1.606879,0.000003,0.767429,0.407930,0.112912,-1.457476,-12.201217,-0.386989,-0.136184,-0.885353,0.218730,-0.220838,-0.087896,-0.303803,0.554887,0.246006,-0.764052
12.220000,12.220000,sine,0.450685,0.000000,0.404255,-0.003395,1.447653,0.000002,0.653833,0.370218,0.110473,-1.456783,-12.208519,-0.382327,-0.143735,-0.887302,0.214152,-0.217893,-0.093669,-0.304955,0.548850,0.256311,-0.684528
12.240000,12.240000,sine,0.473767,0.000000,0.433041,-0.003034,1.273604,0.000002,0.548868,0.330832,0.108040,-1.456133,-12.215845,-0.377734,-0.150802,-0.888999,0.210371,-0.215408,-0.098355,-0.306108,0.539778,0.260300,-0.598501
12.260000,12.260000,sine,0.492645,0.000000,0.457849,-0.002664,1.086165,0.000001,0.457651,0.290363,0.105629,-1.455534,-12.223197,-0.373296,-0.157357,-0.890427,0.207435,-0.213460,-0.101982,-0.307240,0.528702,0.258281,-0.506337
12.280000,12.280000,sine,0.507150,0.000000,0.478421,-0.002291,0.887042,0.000001,0.384854,0.249546,0.103253,-1.454997,-12.230591,-0.369091,-0.163381,-0.891568,0.205390,-0.212099,-0.104583,-0.308324,0.516500,0.250806,-0.408684
12.300000,12.300000,sine,0.517154,0.000000,0.494542,-0.001925,0.678278,0.000001,0.334082,0.209388,0.100926,-1.454525,-12.238022,-0.365189,-0.168863,-0.892409,0.204274,-0.211350,-0.106198,-0.309334,0.503668,0.238504,-0.306641
12.320000,12.320000,sine,0.522567,0.000000,0.506054,-0.001604,0.460202,0.002784,0.308065,0.171319,0.098660,-1.454124,-12.245501,-0.361647,-0.173802,-0.892939,0.204119,-0.211207,-0.106867,-0.310245,0.490514,0.222106,-0.200946
12.340000,12.340000,sine,0.523342,0.000000,0.512865,-0.001391,0.239507,0.000000,0.302978,0.141331,0.096464,-1.453797,-12.253022,-0.358513,-0.178199,-0.893147,0.204945,-0.211632,-0.106639,-0.311036,0.477341,0.202483,-0.091810
12.360000,12.360000,sine,0.519471,0.000000,0.514841,-0.001208,0.008088,0.000000,0.331207,0.117536,0.094347,-1.453549,-12.260592,-0.355828,-0.182047,-0.893020,0.206786,-0.212595,-0.105482,-0.311684,0.463019,0.179743,0.026147
12.380000,12.380000,sine,0.510990,0.000000,0.512043,-0.001027,-0.196331,-0.005050,0.342960,0.094176,0.092314,-1.453381,-12.268206,-0.353616,-0.185356,-0.892553,0.209640,-0.213973,-0.103618,-0.312182,0.451479,0.157158,0.129508
12.400000,12.400000,sine,0.497973,0.000000,0.504717,-0.000806,-0.403668,-0.000001,0.331220,0.069847,0.090369,-1.453294,-12.275864,-0.351874,-0.188156,-0.891752,0.213448,-0.215746,-0.100912,-0.312516,0.437465,0.132531,0.234618
12.420000,12.420000,sine,0.480536,0.000000,0.492978,-0.000556,-0.602458,-0.000001,0.303540,0.043378,0.088519,-1.453291,-12.283562,-0.350625,-0.190432,-0.890613,0.218188,-0.217856,-0.097355,-0.312686,0.420334,0.106283,0.338343
12.440000,12.440000,sine,0.458834,0.000000,0.476961,-0.000282,-0.794701,-0.000002,0.260447,0.015191,0.086770,-1.453379,-12.291288,-0.349886,-0.192161,-0.889133,0.223822,-0.220249,-0.092902,-0.312697,0.398866,0.078538,0.439864
12.460000,12.460000,sine,0.433059,0.000000,0.456817,0.000013,-0.979968,-0.000002,0.204731,-0.014610,0.085127,-1.453561,-12.299047,-0.349672,-0.193315,-0.887310,0.230301,-0.222857,-0.087514,-0.312560,0.372105,0.049631,0.538428
12.480000,12.480000,sine,0.403441,0.000000,0.432712,0.000321,-1.157623,-0.000003,0.140575,-0.045564,0.083598,-1.453846,-12.306826,-0.349993,-0.193861,-0.885148,0.237563,-0.225601,-0.081160,-0.312290,0.339316,0.020108,0.633117
12.500000,12.500000,sine,0.370241,0.000000,0.404836,0.000633,-1.326644,-0.000003,0.072124,-0.077143,0.082188,-1.454238,-12.314621,-0.350850,-0.193762,-0.882651,0.245535,-0.228387,-0.073826,-0.311905,0.300013,-0.009257,0.722770
12.520000,12.520000,sine,0.333755,0.000000,0.373405,0.000940,-1.485782,-0.000004,0.003778,-0.108675,0.080901,-1.454746,-12.322433,-0.352236,-0.192981,-0.879833,0.254129,-0.231112,-0.065515,-0.311419,0.253982,-0.037414,0.806164
12.540000,12.540000,sine,0.294307,0.000000,0.338665,0.001234,-1.633701,-0.000004,-0.060316,-0.139309,0.079742,-1.455377,-12.330245,-0.354128,-0.191484,-0.876714,0.263250,-0.233665,-0.056255,-0.310848,0.201220,-0.063155,0.882105
12.560000,12.560000,sine,0.252246,0.000000,0.300890,0.001510,-1.769055,-0.000004,-0.116134,-0.168325,0.078712,-1.456136,-12.338060,-0.356493,-0.189237,-0.873319,0.272792,-0.235933,-0.046095,-0.310208,0.141882,-0.085261,0.949452
12.580000,12.580000,sine,0.207947,0.000000,0.260381,0.001760,-1.890629,-0.000004,-0.159827,-0.194817,0.077813,-1.457031,-12.345866,-0.359287,-0.186210,-0.869685,0.282643,-0.237802,-0.035111,-0.309515,0.076223,-0.102581,1.007216
12.600000,12.600000,sine,0.161801,0.000000,0.217464,0.001975,-1.997304,-0.000004,-0.187791,-0.217641,0.077044,-1.458068,-12.353658,-0.362453,-0.182378,-0.865853,0.292684,-0.239169,-0.023398,-0.308790,0.004596,-0.114079,1.054507
12.620000,12.620000,sine,0.114220,0.000000,0.172493,0.002144,-2.087614,-0.000004,-0.197682,-0.235728,0.076403,-1.459251,-12.361429,-0.365927,-0.177723,-0.861874,0.302796,-0.239943,-0.011073,-0.308057,-0.071596,-0.118766,1.090671
12.640000,12.640000,sine,0.065624,0.000000,0.125849,0.002263,-2.159789,-0.000004,-0.190213,-0.248602,0.075884,-1.460583,-12.369175,-0.369632,-0.172243,-0.857800,0.312864,-0.240052,0.001723,-0.307346,-0.149340,-0.115880,1.115593
12.660000,12.660000,sine,0.016447,0.000000,0.077968,0.002331,-2.209438,-0.000004,-0.174622,-0.256050,0.075479,-1.462065,-12.376887,-0.373476,-0.165971,-0.853687,0.322781,-0.239457,0.014789,-0.306681,-0.224767,-0.105190,1.127447
12.680000,12.680000,sine,-0.032877,0.000000,0.029327,0.002350,-2.237419,-0.000004,-0.158298,-0.258371,0.075177,-1.463694,-12.384567,-0.377363,-0.158969,-0.849588,0.332455,-0.238154,0.027910,-0.306080,-0.295041,-0.087297,1.128278
12.700000,12.700000,sine,-0.081909,0.000000,-0.019632,0.002331,-2.246197,-0.000004,-0.134995,-0.256682,0.074963,-1.465463,-12.392217,-0.381201,-0.151315,-0.845546,0.341820,-0.236177,0.040898,-0.305549,-0.358294,-0.063295,1.120794
12.720000,12.720000,sine,-0.130214,0.000000,-0.068496,0.002276,-2.236458,-0.000005,-0.099434,-0.251322,0.074822,-1.467363,-12.399828,-0.384911,-0.143096,-0.841597,0.350830,-0.233589,0.053574,-0.305087,-0.413182,-0.034536,1.105918
12.740000,12.740000,sine,-0.177363,0.000000,-0.116854,0.002183,-2.208186,-0.000005,-0.049457,-0.242304,0.074739,-1.469383,-12.407407,-0.388421,-0.134412,-0.837771,0.359446,-0.230484,0.065770,-0.304690,-0.458972,-0.002533,1.083774
12.760000,12.760000,sine,-0.222938,0.000000,-0.164293,0.002051,-2.161294,-0.000005,0.015431,-0.229705,0.074699,-1.471510,-12.414954,-0.391674,-0.125371,-0.834099,0.367631,-0.226978,0.077331,-0.304354,-0.495535,0.031124,1.054236
12.780000,12.780000,sine,-0.266534,0.000000,-0.210402,0.001877,-2.095842,-0.000004,0.094492,-0.213273,0.074688,-1.473727,-12.422479,-0.394630,-0.116087,-0.830607,0.375343,-0.223199,0.088126,-0.304078,-0.523208,0.064764,1.017198
12.800000,12.800000,sine,-0.307764,0.000000,-0.254771,0.001658,-2.011969,-0.000004,0.185908,-0.193108,0.074690,-1.476018,-12.429980,-0.397264,-0.106675,-0.827323,0.382543,-0.219290,0.098045,-0.303865,-0.542635,0.096794,0.972581
12.820000,12.820000,sine,-0.346263,0.000000,-0.296998,0.001394,-1.909868,-0.000004,0.286755,-0.168716,0.074694,-1.478365,-12.437470,-0.399568,-0.097248,-0.824272,0.389183,-0.215398,0.107004,-0.303715,-0.554652,0.125819,0.920312
12.840000,12.840000,sine,-0.381688,0.000000,-0.336690,0.001084,-1.789972,-0.000004,0.393483,-0.139852,0.074688,-1.480750,-12.444948,-0.401550,-0.087921,-0.821480,0.395219,-0.211671,0.114948,-0.303626,-0.560211,0.150705,0.860481
12.860000,12.860000,sine,-0.413725,0.000000,-0.373471,0.000724,-1.653019,-0.000003,0.502441,-0.105755,0.074663,-1.483153,-12.452429,-0.403232,-0.078796,-0.818970,0.400603,-0.208248,0.121848,-0.303591,-0.560345,0.170620,0.793337
12.880000,12.880000,sine,-0.442090,0.000000,-0.406991,0.000322,-1.499637,-0.000003,0.609375,-0.066705,0.074608,-1.485555,-12.459916,-0.404646,-0.069971,-0.816764,0.405292,-0.205255,0.127699,-0.303599,-0.556090,0.185053,0.718930
12.900000,12.900000,sine,-0.466531,0.000000,-0.436920,-0.000112,-1.330824,-0.000004,0.709317,-0.023344,0.074518,-1.487937,-12.467418,-0.405834,-0.061536,-0.814884,0.409239,-0.202796,0.132516,-0.303635,-0.548595,0.193858,0.637446
12.920000,12.920000,sine,-0.486831,0.000000,-0.462957,-0.000572,-1.143775,-0.008038,0.796321,0.023943,0.074387,-1.490283,-12.474936,-0.406840,-0.053565,-0.813350,0.412400,-0.200957,0.136315,-0.303682,-0.538753,0.197116,0.549419
12.940000,12.940000,sine,-0.502810,0.000000,-0.484834,-0.001054,-0.944153,-0.016893,0.864869,0.075164,0.074210,-1.492575,-12.482480,-0.407712,-0.046125,-0.812181,0.414736,-0.199791,0.139133,-0.303717,-0.527203,0.195154,0.456312
12.960000,12.960000,sine,-0.514326,0.000000,-0.502327,-0.001536,-0.736942,-0.020430,0.899122,0.150518,0.073985,-1.494799,-12.490050,-0.408496,-0.039271,-0.811389,0.416218,-0.199319,0.141021,-0.303714,-0.514393,0.188494,0.359340
12.980000,12.980000,sine,-0.521276,0.000000,-0.515256,-0.002048,-0.524851,-0.018563,0.917368,0.222515,0.073708,-1.496940,-12.497650,-0.409235,-0.033040,-0.810978,0.416832,-0.199529,0.142035,-0.303652,-0.500860,0.177914,0.259597
13.000000,13.000000,sine,-0.523600,0.000000,-0.523523,-0.002569,-0.309821,-0.014100,0.925290,0.285698,0.073380,-1.498989,-12.505282,-0.409966,-0.027463,-0.810953,0.416567,-0.200391,0.142219,-0.303509,-0.486835,0.164197,0.157341
13.020000,13.020000,sine,-0.521276,0.000000,-0.527058,-0.003062,-0.089532,-0.000652,0.909976,0.344842,0.072997,-1.500935,-12.512951,-0.410717,-0.022575,-0.811324,0.415397,-0.201907,0.141547,-0.303268,-0.471332,0.147593,0.045906
13.040000,13.040000,sine,-0.514326,0.000000,-0.525888,-0.003280,0.122151,0.008419,0.908752,0.338018,0.072561,-1.502771,-12.520650,-0.411509,-0.018420,-0.812112,0.413274,-0.203948,0.140105,-0.302920,-0.456451,0.129978,-0.061563
13.060000,13.060000,sine,-0.502810,0.000000,-0.520153,-0.003365,0.332996,0.012568,0.907945,0.355445,0.072070,-1.504493,-12.528374,-0.412354,-0.014992,-0.813299,0.410224,-0.206495,0.137857,-0.302462,-0.439932,0.111003,-0.171370
13.080000,13.080000,sine,-0.486831,0.000000,-0.509918,-0.003398,0.541789,0.006251,0.921281,0.365722,0.071524,-1.506094,-12.536123,-0.413258,-0.012314,-0.814878,0.406250,-0.209487,0.134765,-0.301906,-0.420734,0.090783,-0.280020
13.100000,13.100000,sine,-0.466531,0.000000,-0.495321,-0.003455,0.741025,0.000003,0.955300,0.374319,0.070919,-1.507569,-12.543891,-0.414219,-0.010407,-0.816828,0.401381,-0.212851,0.130810,-0.301265,-0.398073,0.069605,-0.385348
13.120000,13.120000,sine,-0.442090,0.000000,-0.476540,-0.003559,0.928467,0.000003,1.008437,0.386513,0.070254,-1.508912,-12.551677,-0.415228,-0.009293,-0.819117,0.395660,-0.216516,0.125957,-0.300563,-0.370920,0.047673,-0.487405
13.140000,13.140000,sine,-0.413725,0.000000,-0.453752,-0.003711,1.107981,0.000004,1.075165,0.403481,0.069523,-1.510117,-12.559469,-0.416267,-0.008999,-0.821716,0.389132,-0.220408,0.120158,-0.299825,-0.338291,0.025278,-0.586038
13.160000,13.160000,sine,-0.381688,0.000000,-0.427141,-0.003907,1.279124,0.000004,1.149536,0.424989,0.068722,-1.511178,-12.567265,-0.417313,-0.009553,-0.824589,0.381854,-0.224434,0.113385,-0.299078,-0.299613,0.003012,-0.680269
13.180000,13.180000,sine,-0.346263,0.000000,-0.396914,-0.004136,1.440921,0.000005,1.226252,0.450007,0.067846,-1.512090,-12.575056,-0.418333,-0.010978,-0.827697,0.373892,-0.228482,0.105628,-0.298351,-0.254576,-0.018310,-0.768812
13.200000,13.200000,sine,-0.307764,0.000000,-0.363304,-0.004386,1.592056,0.000005,1.300635,0.477304,0.066890,-1.512850,-12.582842,-0.419287,-0.013290,-0.830998,0.365328,-0.232431,0.096898,-0.297668,-0.203112,-0.037672,-0.850263
13.220000,13.220000,sine,-0.266534,0.000000,-0.326572,-0.004644,1.731210,0.000005,1.368200,0.505431,0.065846,-1.513454,-12.590611,-0.420127,-0.016493,-0.834449,0.356252,-0.236153,0.087235,-0.297053,-0.145309,-0.054000,-0.923333
13.240000,13.240000,sine,-0.222938,0.000000,-0.287010,-0.004896,1.857123,0.000005,1.424762,0.532955,0.064710,-1.513902,-12.598359,-0.420796,-0.020582,-0.838008,0.346770,-0.239516,0.076701,-0.296531,-0.081372,-0.066238,-0.986882
13.260000,13.260000,sine,-0.177363,0.000000,-0.244934,-0.005124,1.968691,0.000005,1.466226,0.557860,0.063474,-1.514193,-12.606077,-0.421234,-0.025541,-0.841633,0.336992,-0.242396,0.065384,-0.296124,-0.011591,-0.073411,-1.039967
13.280000,13.280000,sine,-0.130214,0.000000,-0.200686,-0.005308,2.064544,0.000005,1.489623,0.578021,0.062133,-1.514330,-12.613760,-0.421376,-0.031344,-0.845284,0.327039,-0.244679,0.053394,-0.295855,0.062970,-0.074560,-1.081838
13.300000,13.300000,sine,-0.081909,0.000000,-0.154636,-0.005440,2.142825,0.000005,1.495123,0.592522,0.060682,-1.514319,-12.621408,-0.421157,-0.037946,-0.848929,0.317028,-0.246271,0.040867,-0.295743,0.139498,-0.068816,-1.112249
13.320000,13.320000,sine,-0.032877,0.000000,-0.107199,-0.005515,2.200281,0.000005,1.487813,0.600810,0.059118,-1.514167,-12.629008,-0.420522,-0.045268,-0.852538,0.307070,-0.247101,0.027980,-0.295795,0.214443,-0.055805,-1.130151
13.340000,13.340000,sine,0.016447,0.000000,-0.058844,-0.005531,2.234819,0.000005,1.480131,0.602717,0.057438,-1.513887,-12.636564,-0.419428,-0.053201,-0.856085,0.297268,-0.247140,0.014934,-0.296008,0.284504,-0.035851,-1.135385
13.360000,13.360000,sine,0.065624,0.000000,-0.010024,-0.005504,2.249922,0.000005,1.466852,0.599869,0.055646,-1.513494,-12.644072,-0.417850,-0.061625,-0.859552,0.287705,-0.246410,0.001891,-0.296371,0.347878,-0.009886,-1.131504
13.380000,13.380000,sine,0.114220,0.000000,0.038849,-0.005439,2.246578,0.000005,1.440866,0.592882,0.053743,-1.513003,-12.651534,-0.415772,-0.070418,-0.862930,0.278437,-0.244956,-0.010996,-0.296867,0.403214,0.020856,-1.119651
13.400000,13.400000,sine,0.161801,0.000000,0.087370,-0.005337,2.224764,0.000005,1.399113,0.581799,0.051736,-1.512432,-12.658950,-0.413199,-0.079457,-0.866207,0.269515,-0.242849,-0.023549,-0.297481,0.449719,0.054840,-1.099981
13.420000,13.420000,sine,0.207947,0.000000,0.135130,-0.005196,2.184292,0.000005,1.340569,0.566533,0.049632,-1.511795,-12.666328,-0.410150,-0.088622,-0.869373,0.260984,-0.240182,-0.035593,-0.298200,0.487164,0.090346,-1.072375
13.440000,13.440000,sine,0.252246,0.000000,0.181717,-0.005017,2.125062,0.000004,1.265579,0.547104,0.047439,-1.511111,-12.673676,-0.406662,-0.097796,-0.872414,0.252896,-0.237072,-0.046970,-0.299016,0.515792,0.125651,-1.036690
13.460000,13.460000,sine,0.294307,0.000000,0.226722,-0.004802,2.047121,0.000004,1.175620,0.523640,0.045169,-1.510395,-12.680994,-0.402785,-0.106870,-0.875311,0.245301,-0.233653,-0.057540,-0.299919,0.536196,0.159138,-0.992840
13.480000,13.480000,sine,0.333755,0.000000,0.269742,-0.004551,1.950694,0.000004,1.073186,0.496380,0.042835,-1.509662,-12.688293,-0.398585,-0.115747,-0.878048,0.238254,-0.230068,-0.067194,-0.300900,0.549195,0.189381,-0.940853
13.500000,13.500000,sine,0.370241,0.000000,0.310379,-0.004269,1.836188,0.000003,0.961687,0.465650,0.040451,-1.508929,-12.695584,-0.394136,-0.124344,-0.880602,0.231809,-0.226470,-0.075846,-0.301948,0.555727,0.215191,-0.880892
13.520000,13.520000,sine,0.403441,0.000000,0.348253,-0.003960,1.704199,0.000003,0.845327,0.431877,0.038030,-1.508208,-12.702868,-0.389521,-0.132587,-0.882954,0.226023,-0.223005,-0.083439,-0.303049,0.556771,0.235655,-0.813233
13.540000,13.540000,sine,0.433059,0.000000,0.382999,-0.003627,1.555530,0.000002,0.728928,0.395579,0.035590,-1.507512,-12.710162,-0.384828,-0.140419,-0.885083,0.220949,-0.219811,-0.089943,-0.304187,0.553266,0.250142,-0.738292
13.560000,13.560000,sine,0.458834,0.000000,0.414275,-0.003276,1.391219,0.000002,0.617626,0.357246,0.033145,-1.506852,-12.717471,-0.380147,-0.147793,-0.886968,0.216639,-0.217010,-0.095351,-0.305342,0.546113,0.258332,-0.656554
13.580000,13.580000,sine,0.480536,0.000000,0.441765,-0.002912,1.212534,0.000002,0.516685,0.317430,0.030712,-1.506239,-12.724809,-0.375567,-0.154672,-0.888592,0.213142,-0.214696,-0.099681,-0.306491,0.536253,0.260265,-0.568438
13.600000,13.600000,sine,0.497973,0.000000,0.465188,-0.002540,1.020999,0.000001,0.431127,0.276743,0.028306,-1.505681,-12.732174,-0.371171,-0.161033,-0.889937,0.210504,-0.212939,-0.102962,-0.307609,0.524727,0.256363,-0.474346
13.620000,13.620000,sine,0.510990,0.000000,0.484299,-0.002168,0.818418,0.000001,0.365342,0.236019,0.025941,-1.505185,-12.739579,-0.367034,-0.166859,-0.890988,0.208770,-0.211781,-0.105230,-0.308671,0.512268,0.247201,-0.375096
13.640000,13.640000,sine,0.519471,0.000000,0.498897,-0.001808,0.606905,0.000001,0.322475,0.196441,0.023630,-1.504756,-12.747025,-0.363223,-0.172144,-0.891730,0.207974,-0.211235,-0.106526,-0.309651,0.499319,0.233458,-0.271823
13.660000,13.660000,sine,0.523342,0.000000,0.508852,-0.001524,0.387855,0.000001,0.303977,0.160969,0.021383,-1.504399,-12.754518,-0.359791,-0.176888,-0.892153,0.208145,-0.211286,-0.106892,-0.310524,0.486132,0.215885,-0.164822
13.680000,13.680000,sine,0.522567,0.000000,0.514077,-0.001342,0.164760,-0.000000,0.305227,0.133438,0.019209,-1.504117,-12.762059,-0.356784,-0.181091,-0.892246,0.209305,-0.211891,-0.106368,-0.311269,0.472905,0.195337,-0.054588
13.700000,13.700000,sine,0.517154,0.000000,0.514445,-0.001148,-0.053127,-0.009042,0.328615,0.114884,0.017118,-1.503913,-12.769645,-0.354239,-0.184747,-0.891997,0.211483,-0.212992,-0.104989,-0.311870,0.459920,0.172787,0.057900
13.720000,13.720000,sine,0.507150,0.000000,0.510143,-0.000947,-0.266729,-0.002055,0.335500,0.085509,0.015112,-1.503788,-12.777272,-0.352165,-0.187883,-0.891407,0.214648,-0.214515,-0.102825,-0.312312,0.447037,0.149134,0.164674
13.740000,13.740000,sine,0.492645,0.000000,0.501321,-0.000717,-0.471438,-0.000001,0.322170,0.060310,0.013198,-1.503745,-12.784943,-0.350576,-0.190501,-0.890475,0.218769,-0.216409,-0.099832,-0.312591,0.432030,0.123898,0.270009
13.760000,13.760000,sine,0.473767,0.000000,0.488126,-0.000462,-0.668029,-0.000002,0.290944,0.033530,0.011381,-1.503788,-12.792649,-0.349488,-0.192589,-0.889200,0.223811,-0.218623,-0.095976,-0.312707,0.413584,0.097127,0.373015
13.780000,13.780000,sine,0.450685,0.000000,0.470706,-0.000183,-0.857727,-0.000002,0.243623,0.005034,0.009668,-1.503921,-12.800386,-0.348918,-0.194125,-0.887579,0.229730,-0.221097,-0.091212,-0.312667,0.390485,0.068965,0.473424
13.800000,13.800000,sine,0.423601,0.000000,0.449215,0.000117,-1.040288,-0.000003,0.184556,-0.024997,0.008064,-1.504150,-12.808151,-0.348878,-0.195079,-0.885612,0.236471,-0.223761,-0.085504,-0.312484,0.361822,0.039800,0.570611
13.820000,13.820000,sine,0.392758,0.000000,0.423829,0.000425,-1.215077,-0.000003,0.118287,-0.056123,0.006577,-1.504483,-12.815939,-0.349377,-0.195416,-0.883305,0.243969,-0.226530,-0.078824,-0.312174,0.326921,0.010242,0.663672
13.840000,13.840000,sine,0.358429,0.000000,0.394742,0.000735,-1.380887,-0.000003,0.049271,-0.087689,0.005211,-1.504925,-12.823741,-0.350413,-0.195098,-0.880664,0.252148,-0.229308,-0.071163,-0.311754,0.285395,-0.018843,0.751330
13.860000,13.860000,sine,0.320918,0.000000,0.362179,0.001039,-1.536399,-0.000004,-0.018195,-0.118976,0.003972,-1.505484,-12.831558,-0.351975,-0.194088,-0.877705,0.260917,-0.231988,-0.062531,-0.311238,0.237118,-0.046327,0.832347
13.880000,13.880000,sine,0.280559,0.000000,0.326395,0.001329,-1.680248,-0.000004,-0.080010,-0.149172,0.002861,-1.506167,-12.839374,-0.354036,-0.192353,-0.874450,0.270176,-0.234459,-0.052965,-0.310642,0.182147,-0.070988,0.905527
13.900000,13.900000,sine,0.237709,0.000000,0.287675,0.001597,-1.811162,-0.000004,-0.132232,-0.177493,0.001882,-1.506979,-12.847186,-0.356561,-0.189860,-0.870930,0.279818,-0.236606,-0.042521,-0.309982,0.120669,-0.091622,0.969804
13.920000,13.920000,sine,0.192750,0.000000,0.246326,0.001837,-1.927879,-0.000004,-0.171066,-0.202867,0.001035,-1.507929,-12.854984,-0.359500,-0.186580,-0.867182,0.289729,-0.238318,-0.031282,-0.309277,0.052980,-0.107109,1.024165
13.940000,13.940000,sine,0.146080,0.000000,0.202684,0.002037,-2.029327,-0.000004,-0.193077,-0.224245,0.000318,-1.509019,-12.862771,-0.362794,-0.182489,-0.863252,0.299790,-0.239497,-0.019351,-0.308546,-0.020459,-0.116450,1.067807
13.960000,13.960000,sine,0.098113,0.000000,0.157110,0.002189,-2.113765,-0.000004,-0.196999,-0.240591,-0.000271,-1.510257,-12.870532,-0.366376,-0.177573,-0.859192,0.309881,-0.240056,-0.006852,-0.307817,-0.097538,-0.118669,1.100204
13.980000,13.980000,sine,0.049275,0.000000,0.110001,0.002292,-2.179341,-0.000004,-0.184253,-0.251727,-0.000739,-1.511643,-12.878267,-0.370163,-0.171840,-0.855055,0.319893,-0.239932,0.006063,-0.307119,-0.175010,-0.113180,1.121271
14.000000,14.000000,sine,-0.000000,0.000000,0.061810,0.002342,-2.221002,-0.000004,-0.168580,-0.257321,-0.001094,-1.513178,-12.885972,-0.374061,-0.165332,-0.850898,0.329721,-0.239101,0.019169,-0.306473,-0.248906,-0.099974,1.128730
14.020000,14.020000,sine,-0.049275,0.000000,0.013017,0.002347,-2.242336,-0.000004,-0.151377,-0.258170,-0.001351,-1.514857,-12.893643,-0.377972,-0.158121,-0.846773,0.339280,-0.237568,0.032265,-0.305894,-0.317000,-0.079906,1.126552
14.040000,14.040000,sine,-0.098113,0.000000,-0.035954,0.002317,-2.244914,-0.000004,-0.124577,-0.255254,-0.001523,-1.516672,-12.901278,-0.381810,-0.150285,-0.842719,0.348512,-0.235378,0.045167,-0.305387,-0.377577,-0.054158,1.116564
14.060000,14.060000,sine,-0.146080,0.000000,-0.084693,0.002249,-2.229051,-0.000004,-0.084425,-0.248694,-0.001626,-1.518615,-12.908877,-0.385497,-0.141915,-0.838769,0.357378,-0.232606,0.057702,-0.304947,-0.429483,-0.024146,1.099308
14.080000,14.080000,sine,-0.192750,0.000000,-0.132790,0.002144,-2.194571,-0.000005,-0.029486,-0.238501,-0.001675,-1.520672,-12.916451,-0.388965,-0.133115,-0.834955,0.365838,-0.229354,0.069702,-0.304571,-0.472179,0.008588,1.074716
14.100000,14.100000,sine,-0.237709,0.000000,-0.179832,0.001999,-2.141507,-0.000004,0.040259,-0.224692,-0.001686,-1.522831,-12.923992,-0.392163,-0.123993,-0.831305,0.373854,-0.225741,0.081022,-0.304254,-0.505725,0.042426,1.042708
14.120000,14.120000,sine,-0.280559,0.000000,-0.225405,0.001810,-2.069897,-0.000004,0.123705,-0.207058,-0.001672,-1.525075,-12.931510,-0.395053,-0.114666,-0.827847,0.381385,-0.221903,0.091536,-0.303999,-0.530564,0.075697,1.003151
14.140000,14.140000,sine,-0.320918,0.000000,-0.269104,0.001575,-1.979960,-0.000004,0.218662,-0.185559,-0.001647,-1.527387,-12.939005,-0.397618,-0.105247,-0.824607,0.388389,-0.217983,0.101143,-0.303807,-0.547427,0.106869,0.956013
14.160000,14.160000,sine,-0.358429,0.000000,-0.310530,0.001298,-1.871816,-0.000004,0.321840,-0.159737,-0.001625,-1.529749,-12.946489,-0.399853,-0.095852,-0.821612,0.394820,-0.214130,0.109768,-0.303679,-0.557170,0.134624,0.901171
14.180000,14.180000,sine,-0.392758,0.000000,-0.349292,0.000970,-1.746205,-0.000003,0.429785,-0.129168,-0.001616,-1.532142,-12.953971,-0.401772,-0.086588,-0.818887,0.400633,-0.210490,0.117366,-0.303609,-0.560812,0.157932,0.838918
14.200000,14.200000,sine,-0.423601,0.000000,-0.385023,0.000594,-1.603673,-0.000003,0.538485,-0.093319,-0.001629,-1.534547,-12.961455,-0.403400,-0.077560,-0.816453,0.405780,-0.207197,0.123916,-0.303590,-0.559358,0.176057,0.769332
14.220000,14.220000,sine,-0.450685,0.000000,-0.417381,0.000180,-1.445038,-0.000003,0.643762,-0.052659,-0.001674,-1.536945,-12.968945,-0.404771,-0.068861,-0.814334,0.410217,-0.204371,0.129420,-0.303609,-0.553893,0.188614,0.692548
14.240000,14.240000,sine,-0.473767,0.000000,-0.446046,-0.000263,-1.271330,-0.000004,0.740154,-0.007964,-0.001757,-1.539318,-12.976450,-0.405929,-0.060578,-0.812551,0.413899,-0.202110,0.133898,-0.303651,-0.545563,0.195565,0.608775
14.260000,14.260000,sine,-0.492645,0.000000,-0.470724,-0.000730,-1.078137,-0.011647,0.821351,0.040532,-0.001882,-1.541649,-12.983976,-0.406918,-0.052782,-0.811125,0.416782,-0.200492,0.137362,-0.303696,-0.535065,0.197020,0.518857
14.280000,14.280000,sine,-0.507150,0.000000,-0.491162,-0.001215,-0.875824,-0.018666,0.881228,0.095385,-0.002055,-1.543921,-12.991529,-0.407788,-0.045536,-0.810071,0.418832,-0.199556,0.139864,-0.303721,-0.523041,0.193420,0.424365
14.300000,14.300000,sine,-0.517154,0.000000,-0.507150,-0.001700,-0.666602,-0.020398,0.906142,0.175729,-0.002279,-1.546121,-12.999110,-0.408581,-0.038889,-0.809401,0.420022,-0.199314,0.141453,-0.303702,-0.509936,0.185359,0.326346
14.320000,14.320000,sine,-0.522567,0.000000,-0.518532,-0.002220,-0.453428,-0.017259,0.921049,0.244145,-0.002554,-1.548235,-13.006721,-0.409340,-0.032877,-0.809118,0.420344,-0.199746,0.142187,-0.303614,-0.496237,0.173652,0.225818
14.340000,14.340000,sine,-0.523342,0.000000,-0.525233,-0.002741,-0.237093,-0.013300,0.925328,0.306340,-0.002883,-1.550254,-13.014367,-0.410097,-0.027527,-0.809224,0.419783,-0.200817,0.142099,-0.303440,-0.482009,0.159039,0.122428
14.360000,14.360000,sine,-0.519471,0.000000,-0.527154,-0.003181,-0.009158,-0.000001,0.904693,0.326546,-0.003267,-1.552167,-13.022044,-0.410880,-0.022890,-0.809743,0.418294,-0.202577,0.141094,-0.303165,-0.465282,0.141233,0.004244
14.380000,14.380000,sine,-0.510990,0.000000,-0.524419,-0.003306,0.193568,0.011091,0.896440,0.344229,-0.003706,-1.553968,-13.029753,-0.411705,-0.018991,-0.810683,0.415851,-0.204763,0.139418,-0.302780,-0.451068,0.123698,-0.098977
14.400000,14.400000,sine,-0.497973,0.000000,-0.517176,-0.003361,0.401474,0.012839,0.905709,0.357745,-0.004201,-1.555655,-13.037488,-0.412584,-0.015813,-0.812017,0.412496,-0.207454,0.136906,-0.302288,-0.434048,0.104441,-0.207199
14.420000,14.420000,sine,-0.480536,0.000000,-0.505490,-0.003401,0.610077,0.000073,0.929554,0.367135,-0.004753,-1.557219,-13.045245,-0.413518,-0.013389,-0.813738,0.408233,-0.210574,0.133534,-0.301701,-0.413756,0.083863,-0.314611
14.440000,14.440000,sine,-0.458834,0.000000,-0.489498,-0.003479,0.803484,0.000003,0.972005,0.377296,-0.005365,-1.558656,-13.053019,-0.414504,-0.011742,-0.815823,0.403090,-0.214042,0.129294,-0.301037,-0.389737,0.062432,-0.419082
14.460000,14.460000,sine,-0.433059,0.000000,-0.469374,-0.003602,0.988707,0.000003,1.030388,0.391395,-0.006041,-1.559960,-13.060806,-0.415529,-0.010899,-0.818244,0.397108,-0.217792,0.124133,-0.300320,-0.360785,0.040272,-0.520399
14.480000,14.480000,sine,-0.403441,0.000000,-0.445296,-0.003772,1.165804,0.000004,1.099988,0.410167,-0.006784,-1.561124,-13.068600,-0.416573,-0.010888,-0.820966,0.390337,-0.221740,0.118012,-0.299575,-0.326148,0.017826,-0.617913
14.500000,14.500000,sine,-0.370241,0.000000,-0.417457,-0.003981,1.334116,0.000004,1.175396,0.433057,-0.007600,-1.562143,-13.076398,-0.417611,-0.011734,-0.823954,0.382836,-0.225786,0.110911,-0.298832,-0.285347,-0.004240,-0.710507
14.520000,14.520000,sine,-0.333755,0.000000,-0.386075,-0.004218,1.492563,0.000005,1.251658,0.459000,-0.008495,-1.563013,-13.084189,-0.418607,-0.013458,-0.827166,0.374678,-0.229816,0.102826,-0.298117,-0.238156,-0.025032,-0.796870
14.540000,14.540000,sine,-0.294307,0.000000,-0.351394,-0.004472,1.639862,0.000005,1.324162,0.486719,-0.009474,-1.563729,-13.091967,-0.419517,-0.016071,-0.830560,0.365946,-0.233704,0.093779,-0.297453,-0.184556,-0.043505,-0.875664
14.560000,14.560000,sine,-0.252246,0.000000,-0.313685,-0.004730,1.774734,0.000005,1.388477,0.514787,-0.010543,-1.564291,-13.099727,-0.420292,-0.019574,-0.834092,0.356737,-0.237321,0.083817,-0.296867,-0.124677,-0.058585,-0.945667
14.580000,14.580000,sine,-0.207947,0.000000,-0.273248,-0.004977,1.895963,0.000005,1.440475,0.541761,-0.011708,-1.564696,-13.107463,-0.420872,-0.023958,-0.837719,0.347158,-0.240537,0.073011,-0.296380,-0.058757,-0.069238,-1.005805
14.600000,14.600000,sine,-0.161801,0.000000,-0.230409,-0.005192,2.002501,0.000005,1.476066,0.565278,-0.012976,-1.564946,-13.115170,-0.421196,-0.029204,-0.841399,0.337325,-0.243230,0.061455,-0.296017,0.012864,-0.074519,-1.055211
14.620000,14.620000,sine,-0.114220,0.000000,-0.185517,-0.005358,2.092681,0.000005,1.493315,0.583535,-0.014352,-1.565045,-13.122842,-0.421198,-0.035280,-0.845095,0.327355,-0.245292,0.049269,-0.295799,0.088436,-0.073444,-1.093248
14.640000,14.640000,sine,-0.065624,0.000000,-0.138955,-0.005472,2.164776,0.000005,1.493189,0.596048,-0.015841,-1.564998,-13.130477,-0.420817,-0.042131,-0.848774,0.317365,-0.246637,0.036598,-0.295741,0.164896,-0.065291,-1.119891
14.660000,14.660000,sine,-0.016447,0.000000,-0.091158,-0.005525,2.214044,0.000005,1.485364,0.602008,-0.017446,-1.564816,-13.138061,-0.420000,-0.049666,-0.852408,0.307464,-0.247202,0.023640,-0.295848,0.238440,-0.049883,-1.133014
14.680000,14.680000,sine,0.032877,0.000000,-0.042602,-0.005526,2.241911,0.000005,1.476884,0.602231,-0.019166,-1.564511,-13.145600,-0.418713,-0.057771,-0.855971,0.297750,-0.246982,0.010578,-0.296112,0.306453,-0.027805,-1.135000
14.700000,14.700000,sine,0.081909,0.000000,0.006281,-0.005486,2.250849,0.000005,1.459831,0.597975,-0.020999,-1.564100,-13.153090,-0.416931,-0.066323,-0.859451,0.288294,-0.246004,-0.002431,-0.296522,0.367274,-0.000097,-1.128420
14.720000,14.720000,sine,0.130214,0.000000,0.055082,-0.005409,2.241372,0.000005,1.428794,0.589643,-0.022941,-1.563598,-13.160541,-0.414649,-0.075203,-0.862836,0.279151,-0.244324,-0.015227,-0.297058,0.419725,0.031913,-1.113966
14.740000,14.740000,sine,0.177363,0.000000,0.103395,-0.005294,2.213357,0.000005,1.381468,0.577172,-0.024987,-1.563020,-13.167947,-0.411875,-0.084286,-0.866116,0.270368,-0.242018,-0.027630,-0.297708,0.463207,0.066600,-1.091669
14.760000,14.760000,sine,0.222938,0.000000,0.150809,-0.005141,2.166636,0.000005,1.317343,0.560511,-0.027128,-1.562384,-13.175315,-0.408635,-0.093452,-0.869278,0.261993,-0.239190,-0.039468,-0.298461,0.497664,0.102228,-1.061381
14.780000,14.780000,sine,0.266534,0.000000,0.196915,-0.004949,2.101153,0.000004,1.237152,0.539717,-0.029353,-1.561707,-13.182652,-0.404971,-0.102588,-0.872307,0.254077,-0.235961,-0.050590,-0.299307,0.523471,0.137099,-1.022977
14.800000,14.800000,sine,0.307764,0.000000,0.241303,-0.004722,2.017017,0.000004,1.142714,0.514957,-0.031652,-1.561003,-13.189966,-0.400940,-0.111589,-0.875185,0.246671,-0.232469,-0.060866,-0.300237,0.541306,0.169653,-0.976408
14.820000,14.820000,sine,0.346263,0.000000,0.283571,-0.004461,1.914508,0.000003,1.036835,0.486500,-0.034011,-1.560289,-13.197259,-0.396610,-0.120363,-0.877892,0.239831,-0.228864,-0.070193,-0.301241,0.552041,0.198538,-0.921738
14.840000,14.840000,sine,0.381688,0.000000,0.323329,-0.004169,1.794097,0.000003,0.923212,0.454703,-0.036415,-1.559579,-13.204541,-0.392060,-0.128829,-0.880408,0.233610,-0.225294,-0.078497,-0.302308,0.556636,0.222653,-0.859170
14.860000,14.860000,sine,0.413725,0.000000,0.360200,-0.003851,1.656446,0.000003,0.806285,0.420037,-0.038850,-1.558886,-13.211831,-0.387374,-0.136921,-0.882712,0.228066,-0.221905,-0.085729,-0.303423,0.556063,0.241181,-0.789032
14.880000,14.880000,sine,0.442090,0.000000,0.393826,-0.003512,1.502439,0.000002,0.691008,0.383002,-0.041300,-1.558222,-13.219130,-0.382643,-0.144584,-0.884782,0.223250,-0.218830,-0.091866,-0.304569,0.551244,0.253590,-0.711774
14.900000,14.900000,sine,0.466531,0.000000,0.423873,-0.003156,1.333184,0.000002,0.582585,0.344111,-0.043748,-1.557598,-13.226446,-0.377954,-0.151776,-0.886600,0.219214,-0.216182,-0.096912,-0.305725,0.543076,0.259669,-0.627874
14.920000,14.920000,sine,0.486831,0.000000,0.450038,-0.002788,1.150033,0.000002,0.486232,0.303934,-0.046178,-1.557023,-13.233788,-0.373397,-0.158465,-0.888147,0.216005,-0.214047,-0.100889,-0.306867,0.532551,0.259597,-0.537709
14.940000,14.940000,sine,0.502810,0.000000,0.472049,-0.002415,0.954598,0.000001,0.406817,0.263129,-0.048576,-1.556507,-13.241168,-0.369053,-0.164630,-0.889406,0.213669,-0.212486,-0.103828,-0.307969,0.520657,0.253876,-0.441781
14.960000,14.960000,sine,0.514326,0.000000,0.489675,-0.002046,0.748798,0.000001,0.348385,0.222604,-0.050929,-1.556053,-13.248584,-0.364994,-0.170259,-0.890361,0.212248,-0.211532,-0.105767,-0.309007,0.507987,0.243102,-0.341067
14.980000,14.980000,sine,0.521276,0.000000,0.502734,-0.001697,0.533705,0.002084,0.315490,0.180481,-0.053224,-1.555668,-13.256047,-0.361281,-0.175347,-0.891000,0.211775,-0.211189,-0.106748,-0.309954,0.494936,0.227995,-0.236673
15.000000,15.000000,sine,0.523600,0.000000,0.511123,-0.001450,0.313799,0.000000,0.302422,0.150357,-0.055450,-1.555355,-13.263552,-0.357967,-0.179896,-0.891312,0.212274,-0.211430,-0.106814,-0.310787,0.481732,0.209340,-0.128462
15.020000,15.020000,sine,0.521276,0.000000,0.514742,-0.001284,0.086977,0.000228,0.312753,0.126113,-0.057599,-1.555117,-13.271107,-0.355092,-0.183906,-0.891286,0.213770,-0.212214,-0.105981,-0.311484,0.468059,0.187716,-0.014906
15.040000,15.040000,sine,0.514326,0.000000,0.513537,-0.001088,-0.124247,-0.006582,0.331748,0.101702,-0.059664,-1.554957,-13.278708,-0.352688,-0.187377,-0.890912,0.216278,-0.213453,-0.104368,-0.312034,0.455878,0.165162,0.092958
15.060000,15.060000,sine,0.502810,0.000000,0.507714,-0.000873,-0.336566,-0.000001,0.331433,0.077344,-0.061640,-1.554877,-13.286351,-0.350761,-0.190333,-0.890194,0.219760,-0.215107,-0.101925,-0.312422,0.442285,0.140888,0.200084
15.080000,15.080000,sine,0.486831,0.000000,0.497413,-0.000634,-0.538027,-0.000001,0.313291,0.051498,-0.063523,-1.554878,-13.294035,-0.349327,-0.192769,-0.889129,0.224189,-0.217114,-0.098647,-0.312646,0.426275,0.115129,0.304796
15.100000,15.100000,sine,0.466531,0.000000,0.482787,-0.000371,-0.732258,-0.000002,0.276799,0.024120,-0.065305,-1.554966,-13.301749,-0.348402,-0.194671,-0.887715,0.229524,-0.219422,-0.094491,-0.312709,0.406406,0.087870,0.406935
15.120000,15.120000,sine,0.442090,0.000000,0.463989,-0.000085,-0.919540,-0.000002,0.225186,-0.004850,-0.066981,-1.555145,-13.309494,-0.348002,-0.196015,-0.885952,0.235716,-0.221969,-0.089416,-0.312620,0.381557,0.059327,0.506291
15.140000,15.140000,sine,0.413725,0.000000,0.441177,0.000219,-1.099500,-0.000003,0.163185,-0.035252,-0.068544,-1.555422,-13.317266,-0.348138,-0.196767,-0.883841,0.242708,-0.224677,-0.083386,-0.312393,0.350890,0.029959,0.602145
15.160000,15.160000,sine,0.381688,0.000000,0.414534,0.000529,-1.271420,-0.000003,0.095421,-0.066667,-0.069988,-1.555803,-13.325061,-0.348817,-0.196893,-0.881388,0.250431,-0.227460,-0.076379,-0.312044,0.313816,0.000450,0.693537
15.180000,15.180000,sine,0.346263,0.000000,0.384262,0.000838,-1.433942,-0.000004,0.026423,-0.098215,-0.071308,-1.556295,-13.332865,-0.350032,-0.196353,-0.878603,0.258805,-0.230217,-0.068392,-0.311590,0.270047,-0.028233,0.779117
15.200000,15.200000,sine,0.307764,0.000000,0.350596,0.001137,-1.585722,-0.000004,-0.039622,-0.129200,-0.072499,-1.556905,-13.340679,-0.351769,-0.195113,-0.875504,0.267735,-0.232841,-0.059444,-0.311046,0.219525,-0.054913,0.857659
15.220000,15.220000,sine,0.266534,0.000000,0.313800,0.001421,-1.725384,-0.000004,-0.098678,-0.158848,-0.073560,-1.557639,-13.348495,-0.353998,-0.193139,-0.872117,0.277119,-0.235216,-0.049578,-0.310427,0.162362,-0.078360,0.927979
15.240000,15.240000,sine,0.222938,0.000000,0.274168,0.001680,-1.851703,-0.000004,-0.146847,-0.186328,-0.074488,-1.558505,-13.356302,-0.356679,-0.190398,-0.868474,0.286848,-0.237230,-0.038859,-0.309750,0.098774,-0.097398,0.989064
15.260000,15.260000,sine,0.177363,0.000000,0.232016,0.001908,-1.963457,-0.000004,-0.180425,-0.210478,-0.075283,-1.559507,-13.364098,-0.359759,-0.186863,-0.864617,0.296806,-0.238775,-0.027377,-0.309034,0.029094,-0.110942,1.039937
15.280000,15.280000,sine,0.130214,0.000000,0.187688,0.002093,-2.059448,-0.000004,-0.196388,-0.230262,-0.075947,-1.560652,-13.371876,-0.363176,-0.182513,-0.860594,0.306873,-0.239756,-0.015242,-0.308300,-0.045879,-0.118009,1.079865
15.300000,15.300000,sine,0.081909,0.000000,0.141557,0.002229,-2.137839,-0.000004,-0.194507,-0.244865,-0.076483,-1.561944,-13.379631,-0.366858,-0.177337,-0.856458,0.316932,-0.240092,-0.002586,-0.307579,-0.123478,-0.117698,1.108513
15.320000,15.320000,sine,0.032877,0.000000,0.094036,0.002314,-2.195626,-0.000004,-0.179440,-0.254196,-0.076900,-1.563384,-13.387357,-0.370718,-0.171357,-0.852266,0.326875,-0.239734,0.010418,-0.306896,-0.200129,-0.109593,1.125020
15.340000,15.340000,sine,-0.016447,0.000000,0.045595,0.002348,-2.230304,-0.000004,-0.163787,-0.258100,-0.077208,-1.564970,-13.395054,-0.374659,-0.164623,-0.848073,0.336604,-0.238665,0.023542,-0.306272,-0.272333,-0.093990,1.129001
15.360000,15.360000,sine,-0.065624,0.000000,-0.003304,0.002342,-2.245314,-0.000004,-0.143846,-0.257652,-0.077420,-1.566697,-13.402709,-0.378588,-0.157211,-0.843926,0.346041,-0.236907,0.036594,-0.305717,-0.338095,-0.071885,1.124105
15.380000,15.380000,sine,-0.114220,0.000000,-0.052245,0.002299,-2.241718,-0.000004,-0.112796,-0.253507,-0.077551,-1.568557,-13.410333,-0.382418,-0.149203,-0.839864,0.355138,-0.234514,0.049392,-0.305233,-0.395879,-0.044549,1.111652
15.400000,15.400000,sine,-0.161801,0.000000,-0.100817,0.002218,-2.219668,-0.000005,-0.067780,-0.245698,-0.077617,-1.570540,-13.417921,-0.386075,-0.140694,-0.835919,0.363856,-0.231569,0.061766,-0.304816,-0.444747,-0.013456,1.091963
15.420000,15.420000,sine,-0.207947,0.000000,-0.148608,0.002100,-2.178976,-0.000004,-0.007842,-0.234306,-0.077633,-1.572633,-13.425480,-0.389496,-0.131789,-0.832120,0.372156,-0.228183,0.073555,-0.304459,-0.484366,0.019832,1.064901
15.440000,15.440000,sine,-0.252246,0.000000,-0.195206,0.001940,-2.119694,-0.000004,0.066641,-0.219181,-0.077615,-1.574821,-13.433012,-0.392634,-0.122600,-0.828497,0.380000,-0.224480,0.084619,-0.304163,-0.514941,0.053663,1.030373
15.460000,15.460000,sine,-0.294307,0.000000,-0.240200,0.001737,-2.041939,-0.000005,0.154208,-0.200324,-0.077577,-1.577090,-13.440522,-0.395458,-0.113242,-0.825077,0.387346,-0.220598,0.094840,-0.303929,-0.537029,0.086393,0.988289
15.480000,15.480000,sine,-0.333755,0.000000,-0.283184,0.001487,-1.945925,-0.000004,0.252321,-0.177411,-0.077532,-1.579420,-13.448015,-0.397953,-0.103829,-0.821887,0.394151,-0.216684,0.104127,-0.303758,-0.551422,0.116561,0.938602
15.500000,15.500000,sine,-0.370241,0.000000,-0.323765,0.001194,-1.831840,-0.000004,0.357492,-0.150031,-0.077492,-1.581795,-13.455497,-0.400122,-0.094475,-0.818952,0.400367,-0.212886,0.112413,-0.303650,-0.559016,0.142932,0.881229
15.520000,15.520000,sine,-0.403441,0.000000,-0.361556,0.000849,-1.700542,-0.000003,0.466103,-0.117781,-0.077469,-1.584194,-13.462979,-0.401980,-0.085286,-0.816297,0.405952,-0.209347,0.119663,-0.303598,-0.560847,0.164578,0.816544
15.540000,15.540000,sine,-0.433059,0.000000,-0.396200,0.000460,-1.552538,-0.000003,0.574227,-0.080252,-0.077471,-1.586598,-13.470462,-0.403557,-0.076364,-0.813945,0.410858,-0.206198,0.125864,-0.303593,-0.557932,0.180873,0.744539
15.560000,15.560000,sine,-0.458834,0.000000,-0.427361,0.000034,-1.388757,-0.000003,0.677181,-0.038097,-0.077507,-1.588990,-13.477957,-0.404889,-0.067801,-0.811917,0.415040,-0.203551,0.131023,-0.303621,-0.551390,0.191550,0.665393
15.580000,15.580000,sine,-0.480536,0.000000,-0.454728,-0.000416,-1.208382,-0.003790,0.769186,0.007825,-0.077583,-1.591352,-13.485469,-0.406020,-0.059677,-0.810237,0.418453,-0.201497,0.135160,-0.303667,-0.542266,0.196641,0.579415
15.600000,15.600000,sine,-0.497973,0.000000,-0.478019,-0.000890,-1.011562,-0.014601,0.844268,0.057600,-0.077704,-1.593666,-13.493002,-0.406998,-0.052062,-0.808922,0.421056,-0.200104,0.138298,-0.303709,-0.531219,0.196361,0.487810
15.620000,15.620000,sine,-0.510990,0.000000,-0.496995,-0.001373,-0.806723,-0.019877,0.890778,0.123756,-0.077874,-1.595917,-13.500559,-0.407867,-0.045014,-0.807988,0.422817,-0.199399,0.140490,-0.303721,-0.518777,0.191193,0.392050
15.640000,15.640000,sine,-0.519471,0.000000,-0.511461,-0.001874,-0.595957,-0.019655,0.912513,0.199762,-0.078096,-1.598091,-13.508153,-0.408673,-0.038579,-0.807442,0.423717,-0.199385,0.141790,-0.303681,-0.505435,0.181828,0.293133
15.660000,15.660000,sine,-0.523342,0.000000,-0.521289,-0.002395,-0.381733,-0.015690,0.923797,0.265068,-0.078371,-1.600177,-13.515777,-0.409453,-0.032788,-0.807287,0.423745,-0.200034,0.142246,-0.303567,-0.491564,0.169069,0.191733
15.680000,15.680000,sine,-0.522567,0.000000,-0.526414,-0.002912,-0.161961,-0.012642,0.919751,0.331747,-0.078701,-1.602165,-13.523435,-0.410239,-0.027669,-0.807531,0.422886,-0.201322,0.141874,-0.303360,-0.476834,0.153490,0.085494
15.700000,15.700000,sine,-0.517154,0.000000,-0.526758,-0.003242,0.052564,0.007013,0.900931,0.331537,-0.079087,-1.604045,-13.531122,-0.411053,-0.023283,-0.808200,0.421077,-0.203221,0.140657,-0.303049,-0.461359,0.135886,-0.026512
15.720000,15.720000,sine,-0.507150,0.000000,-0.522540,-0.003344,0.262981,0.012034,0.903173,0.350769,-0.079530,-1.605813,-13.538839,-0.411911,-0.019619,-0.809279,0.418343,-0.205599,0.138688,-0.302627,-0.445705,0.117457,-0.134781
15.740000,15.740000,sine,-0.492645,0.000000,-0.513799,-0.003383,0.470741,0.012200,0.913314,0.362428,-0.080029,-1.607464,-13.546577,-0.412821,-0.016695,-0.810761,0.414689,-0.208445,0.135888,-0.302101,-0.427619,0.097696,-0.243740
15.760000,15.760000,sine,-0.473767,0.000000,-0.500646,-0.003428,0.676201,0.000003,0.941500,0.370838,-0.080587,-1.608991,-13.554343,-0.413783,-0.014535,-0.812628,0.410132,-0.211694,0.132222,-0.301487,-0.406137,0.076775,-0.350268
15.780000,15.780000,sine,-0.450685,0.000000,-0.483248,-0.003518,0.866536,0.000003,0.989292,0.381783,-0.081208,-1.610390,-13.562119,-0.414789,-0.013160,-0.814853,0.404712,-0.215264,0.127677,-0.300803,-0.380606,0.055078,-0.453512
15.800000,15.800000,sine,-0.423601,0.000000,-0.461780,-0.003654,1.048882,0.000003,1.052150,0.397221,-0.081895,-1.611653,-13.569907,-0.415825,-0.012597,-0.817406,0.398470,-0.219091,0.122199,-0.300073,-0.349855,0.032774,-0.553504
15.820000,15.820000,sine,-0.392758,0.000000,-0.436423,-0.003837,1.222998,0.000004,1.124456,0.417358,-0.082652,-1.612777,-13.577705,-0.416870,-0.012874,-0.820252,0.391461,-0.223083,0.115753,-0.299326,-0.313226,0.010380,-0.649406
15.840000,15.840000,sine,-0.358429,0.000000,-0.407378,-0.004057,1.388097,0.000004,1.200821,0.441370,-0.083486,-1.613754,-13.585500,-0.417893,-0.014015,-0.823352,0.383745,-0.227137,0.108323,-0.298589,-0.270316,-0.011368,-0.740033
15.860000,15.860000,sine,-0.320918,0.000000,-0.374868,-0.004301,1.542951,0.000005,1.276419,0.468070,-0.084401,-1.614581,-13.593287,-0.418857,-0.016039,-0.826665,0.375401,-0.231133,0.099915,-0.297888,-0.220989,-0.031504,-0.824006
15.880000,15.880000,sine,-0.280559,0.000000,-0.339146,-0.004558,1.686245,0.000005,1.346714,0.496075,-0.085403,-1.615254,-13.601061,-0.419715,-0.018953,-0.830149,0.366515,-0.234945,0.090557,-0.297248,-0.165277,-0.048963,-0.900003
15.900000,15.900000,sine,-0.237709,0.000000,-0.300493,-0.004814,1.816705,0.000005,1.407383,0.523954,-0.086499,-1.615773,-13.608815,-0.420415,-0.022753,-0.833757,0.357186,-0.238442,0.080305,-0.296692,-0.103352,-0.062678,-0.966839
15.920000,15.920000,sine,-0.192750,0.000000,-0.259218,-0.005053,1.933159,0.000005,1.454323,0.550039,-0.087695,-1.616137,-13.616547,-0.420897,-0.027429,-0.837448,0.347526,-0.241497,0.069238,-0.296244,-0.035483,-0.071641,-1.023497
15.940000,15.940000,sine,-0.146080,0.000000,-0.215655,-0.005253,2.034469,0.000005,1.483859,0.571952,-0.088996,-1.616348,-13.624242,-0.421097,-0.032957,-0.841180,0.337649,-0.243991,0.057457,-0.295927,0.037756,-0.074913,-1.069162
15.960000,15.960000,sine,-0.098113,0.000000,-0.170162,-0.005402,2.118783,0.000005,1.495157,0.588364,-0.090409,-1.616409,-13.631901,-0.420950,-0.039299,-0.844917,0.327677,-0.245822,0.045093,-0.295761,0.113988,-0.071533,-1.103374
15.980000,15.980000,sine,-0.049275,0.000000,-0.123134,-0.005497,2.184139,0.000005,1.489498,0.598874,-0.091938,-1.616329,-13.639516,-0.420398,-0.046388,-0.848627,0.317720,-0.246913,0.032298,-0.295759,0.189961,-0.060952,-1.125986
16.000000,16.000000,sine,-0.000000,0.000000,-0.075030,-0.005530,2.225551,0.000005,1.482111,0.602595,-0.093583,-1.616119,-13.647086,-0.419394,-0.054123,-0.852283,0.307886,-0.247214,0.019287,-0.295919,0.261839,-0.043220,-1.134722
16.020000,16.020000,sine,0.049275,0.000000,-0.026319,-0.005516,2.246870,0.000005,1.472239,0.601207,-0.095344,-1.615792,-13.654612,-0.417908,-0.062383,-0.855861,0.298267,-0.246736,0.006228,-0.296234,0.327599,-0.019134,-1.133635
16.040000,16.040000,sine,0.098113,0.000000,0.022579,-0.005464,2.249664,0.000005,1.451121,0.595591,-0.097218,-1.615365,-13.662088,-0.415922,-0.071050,-0.859350,0.288926,-0.245517,-0.006729,-0.296687,0.385729,0.010170,-1.124412
16.060000,16.060000,sine,0.146080,0.000000,0.071262,-0.005375,2.234051,0.000005,1.414880,0.585913,-0.099200,-1.614852,-13.669520,-0.413435,-0.080000,-0.862740,0.279913,-0.243618,-0.019413,-0.297263,0.435228,0.043261,-1.107376
16.080000,16.080000,sine,0.192750,0.000000,0.119320,-0.005247,2.199837,0.000005,1.361964,0.572065,-0.101283,-1.614271,-13.676913,-0.410463,-0.089111,-0.866019,0.271274,-0.241127,-0.031646,-0.297948,0.475687,0.078454,-1.082451
16.100000,16.100000,sine,0.237709,0.000000,0.166344,-0.005081,2.146875,0.000004,1.292339,0.554026,-0.103459,-1.613639,-13.684269,-0.407037,-0.098265,-0.869174,0.263061,-0.238150,-0.043261,-0.298733,0.507202,0.114012,-1.049483
16.120000,16.120000,sine,0.280559,0.000000,0.211922,-0.004878,2.075160,0.000004,1.207141,0.531892,-0.105716,-1.612971,-13.691598,-0.403204,-0.107351,-0.872189,0.255321,-0.234818,-0.054114,-0.299608,0.530266,0.148275,-1.008362
16.140000,16.140000,sine,0.320918,0.000000,0.255647,-0.004639,1.984864,0.000004,1.108529,0.505870,-0.108042,-1.612282,-13.698905,-0.399027,-0.116268,-0.875043,0.248110,-0.231272,-0.064084,-0.300564,0.545633,0.179744,-0.959079
16.160000,16.160000,sine,0.358429,0.000000,0.297122,-0.004367,1.876330,0.000003,0.999623,0.476255,-0.110424,-1.611588,-13.706195,-0.394577,-0.124929,-0.877718,0.241481,-0.227661,-0.073077,-0.301590,0.554213,0.207147,-0.901751
16.180000,16.180000,sine,0.392758,0.000000,0.335958,-0.004066,1.750089,0.000003,0.884359,0.443438,-0.112847,-1.610903,-13.713479,-0.389936,-0.133257,-0.880191,0.235491,-0.224136,-0.081028,-0.302675,0.556979,0.229477,-0.836616
16.200000,16.200000,sine,0.423601,0.000000,0.371786,-0.003740,1.606878,0.000003,0.767431,0.407931,-0.115294,-1.610239,-13.720768,-0.385190,-0.141190,-0.882443,0.230193,-0.220838,-0.087896,-0.303803,0.554888,0.246009,-0.764054
16.220000,16.220000,sine,0.450685,0.000000,0.404255,-0.003395,1.447652,0.000002,0.653836,0.370219,-0.117750,-1.609609,-13.728073,-0.380431,-0.148680,-0.884451,0.225640,-0.217894,-0.093669,-0.304955,0.548852,0.256313,-0.684529
16.240000,16.240000,sine,0.473767,0.000000,0.433041,-0.003034,1.273604,0.000002,0.548870,0.330833,-0.120199,-1.609022,-13.735391,-0.375746,-0.155688,-0.886197,0.221882,-0.215408,-0.098355,-0.306109,0.539780,0.260301,-0.598502
16.260000,16.260000,sine,0.492645,0.000000,0.457849,-0.002664,1.086165,0.000001,0.457652,0.290363,-0.122625,-1.608486,-13.742743,-0.371224,-0.162184,-0.887662,0.218965,-0.213459,-0.101982,-0.307240,0.528703,0.258282,-0.506339
16.280000,16.280000,sine,0.507150,0.000000,0.478421,-0.002291,0.887042,0.000001,0.384854,0.249546,-0.125014,-1.608010,-13.750135,-0.366941,-0.168153,-0.888830,0.216935,-0.212099,-0.104583,-0.308324,0.516502,0.250806,-0.408684
16.300000,16.300000,sine,0.517154,0.000000,0.494542,-0.001925,0.678278,0.000001,0.334082,0.209388,-0.127352,-1.607599,-13.757565,-0.362968,-0.173584,-0.889685,0.215830,-0.211350,-0.106198,-0.309334,0.503670,0.238504,-0.306641
16.320000,16.320000,sine,0.522567,0.000000,0.506054,-0.001604,0.460202,0.002784,0.308065,0.171319,-0.129628,-1.607258,-13.765044,-0.359362,-0.178477,-0.890217,0.215681,-0.211207,-0.106867,-0.310246,0.490516,0.222105,-0.200947
16.340000,16.340000,sine,0.523342,0.000000,0.512865,-0.001391,0.239507,0.000000,0.302978,0.141331,-0.131832,-1.606989,-13.772568,-0.356171,-0.182833,-0.890414,0.216510,-0.211632,-0.106639,-0.311036,0.477343,0.202483,-0.091810
16.360000,16.360000,sine,0.519471,0.000000,0.514841,-0.001208,0.008088,0.000000,0.331207,0.117536,-0.133955,-1.606796,-13.780141,-0.353438,-0.186646,-0.890263,0.218350,-0.212595,-0.105482,-0.311684,0.463019,0.179743,0.026146
16.380000,16.380000,sine,0.510990,0.000000,0.512043,-0.001027,-0.196331,-0.005050,0.342960,0.094176,-0.135992,-1.606680,-13.787754,-0.351182,-0.189927,-0.889759,0.221197,-0.213973,-0.103618,-0.312182,0.451479,0.157158,0.129506
16.400000,16.400000,sine,0.497973,0.000000,0.504717,-0.000806,-0.403667,-0.000001,0.331219,0.069847,-0.137938,-1.606643,-13.795412,-0.349405,-0.192704,-0.888909,0.224994,-0.215746,-0.100912,-0.312516,0.437465,0.132530,0.234617
16.420000,16.420000,sine,0.480536,0.000000,0.492978,-0.000556,-0.602458,-0.000002,0.303540,0.043377,-0.139788,-1.606689,-13.803106,-0.348126,-0.194963,-0.887709,0.229719,-0.217856,-0.097355,-0.312685,0.420332,0.106283,0.338343
16.440000,16.440000,sine,0.458834,0.000000,0.476961,-0.000282,-0.794701,-0.000002,0.260446,0.015191,-0.141534,-1.606822,-13.810832,-0.347365,-0.196682,-0.886156,0.235333,-0.220249,-0.092902,-0.312696,0.398865,0.078538,0.439864
16.460000,16.460000,sine,0.433059,0.000000,0.456817,0.000013,-0.979968,-0.000003,0.204729,-0.014610,-0.143171,-1.607047,-13.818587,-0.347137,-0.197834,-0.884249,0.241788,-0.222857,-0.087514,-0.312559,0.372105,0.049631,0.538427
16.480000,16.480000,sine,0.403441,0.000000,0.432712,0.000321,-1.157623,-0.000003,0.140573,-0.045564,-0.144693,-1.607370,-13.826369,-0.347450,-0.198384,-0.881992,0.249021,-0.225600,-0.081160,-0.312290,0.339316,0.020109,0.633117
16.500000,16.500000,sine,0.370241,0.000000,0.404836,0.000633,-1.326644,-0.000003,0.072124,-0.077143,-0.146092,-1.607800,-13.834168,-0.348309,-0.198296,-0.879393,0.256960,-0.228386,-0.073826,-0.311904,0.300013,-0.009255,0.722770
16.520000,16.520000,sine,0.333755,0.000000,0.373405,0.000940,-1.485782,-0.000004,0.003778,-0.108675,-0.147365,-1.608341,-13.841977,-0.349704,-0.197533,-0.876464,0.265517,-0.231111,-0.065515,-0.311418,0.253980,-0.037411,0.806165
16.540000,16.540000,sine,0.294307,0.000000,0.338665,0.001234,-1.633701,-0.000004,-0.060316,-0.139309,-0.148508,-1.609002,-13.849797,-0.351615,-0.196060,-0.873226,0.274597,-0.233665,-0.056255,-0.310847,0.201218,-0.063152,0.882106
16.560000,16.560000,sine,0.252246,0.000000,0.300890,0.001510,-1.769054,-0.000004,-0.116136,-0.168325,-0.149517,-1.609788,-13.857612,-0.354009,-0.193844,-0.869708,0.284094,-0.235932,-0.046096,-0.310207,0.141879,-0.085258,0.949454
16.580000,16.580000,sine,0.207947,0.000000,0.260381,0.001760,-1.890629,-0.000004,-0.159831,-0.194817,-0.150393,-1.610706,-13.865417,-0.356842,-0.190854,-0.865946,0.293897,-0.237802,-0.035111,-0.309515,0.076222,-0.102578,1.007217
16.600000,16.600000,sine,0.161801,0.000000,0.217464,0.001975,-1.997304,-0.000004,-0.187792,-0.217641,-0.151135,-1.611762,-13.873210,-0.360058,-0.187063,-0.861985,0.303888,-0.239168,-0.023398,-0.308790,0.004595,-0.114076,1.054507
16.620000,16.620000,sine,0.114220,0.000000,0.172493,0.002144,-2.087614,-0.000004,-0.197681,-0.235728,-0.151745,-1.612961,-13.880979,-0.363592,-0.182453,-0.857875,0.313947,-0.239942,-0.011073,-0.308057,-0.071597,-0.118763,1.090672
16.640000,16.640000,sine,0.065624,0.000000,0.125849,0.002263,-2.159789,-0.000004,-0.190214,-0.248603,-0.152230,-1.614306,-13.888724,-0.367367,-0.177021,-0.853671,0.323961,-0.240051,0.001723,-0.307345,-0.149340,-0.115877,1.115593
16.660000,16.660000,sine,0.016447,0.000000,0.077968,0.002331,-2.209438,-0.000004,-0.174624,-0.256049,-0.152596,-1.615798,-13.896438,-0.371292,-0.170800,-0.849430,0.333825,-0.239456,0.014789,-0.306680,-0.224768,-0.105188,1.127447
16.680000,16.680000,sine,-0.032877,0.000000,0.029327,0.002350,-2.237420,-0.000004,-0.158293,-0.258371,-0.152856,-1.617435,-13.904118,-0.375270,-0.163849,-0.845205,0.343445,-0.238154,0.027910,-0.306079,-0.295040,-0.087295,1.128278
16.700000,16.700000,sine,-0.081909,0.000000,-0.019632,0.002331,-2.246197,-0.000004,-0.134993,-0.256682,-0.153024,-1.619208,-13.911764,-0.379207,-0.156245,-0.841042,0.352756,-0.236176,0.040898,-0.305548,-0.358293,-0.063292,1.120797
16.720000,16.720000,sine,-0.130214,0.000000,-0.068496,0.002276,-2.236457,-0.000004,-0.099432,-0.251323,-0.153115,-1.621112,-13.919378,-0.383023,-0.148075,-0.836977,0.361714,-0.233588,0.053574,-0.305086,-0.413181,-0.034533,1.105921
16.740000,16.740000,sine,-0.177363,0.000000,-0.116854,0.002183,-2.208185,-0.000005,-0.049463,-0.242304,-0.153145,-1.623133,-13.926960,-0.386645,-0.139437,-0.833040,0.370280,-0.230483,0.065769,-0.304689,-0.458971,-0.002531,1.083773
16.760000,16.760000,sine,-0.222938,0.000000,-0.164293,0.002051,-2.161294,-0.000004,0.015427,-0.229706,-0.153130,-1.625260,-13.934505,-0.390016,-0.130440,-0.829261,0.378416,-0.226977,0.077331,-0.304352,-0.495535,0.031128,1.054236
16.780000,16.780000,sine,-0.266534,0.000000,-0.210402,0.001877,-2.095842,-0.000004,0.094491,-0.213275,-0.153085,-1.627476,-13.942033,-0.393092,-0.121195,-0.825670,0.386083,-0.223198,0.088126,-0.304076,-0.523208,0.064768,1.017197
16.800000,16.800000,sine,-0.307764,0.000000,-0.254771,0.001658,-2.011970,-0.000004,0.185910,-0.193109,-0.153023,-1.629767,-13.949538,-0.395847,-0.111817,-0.822293,0.393239,-0.219289,0.098045,-0.303864,-0.542634,0.096797,0.972582
16.820000,16.820000,sine,-0.346263,0.000000,-0.296998,0.001394,-1.909868,-0.000004,0.286758,-0.168717,-0.152958,-1.632114,-13.957029,-0.398273,-0.102422,-0.819156,0.399840,-0.215397,0.107004,-0.303714,-0.554651,0.125822,0.920310
16.840000,16.840000,sine,-0.381688,0.000000,-0.336690,0.001084,-1.789971,-0.000004,0.393485,-0.139852,-0.152902,-1.634498,-13.964509,-0.400376,-0.093120,-0.816286,0.405838,-0.211670,0.114948,-0.303625,-0.560209,0.150708,0.860480
16.860000,16.860000,sine,-0.413725,0.000000,-0.373471,0.000724,-1.653018,-0.000003,0.502443,-0.105754,-0.152865,-1.636901,-13.971990,-0.402176,-0.084018,-0.813706,0.411190,-0.208247,0.121847,-0.303590,-0.560343,0.170623,0.793336
16.880000,16.880000,sine,-0.442090,0.000000,-0.406991,0.000322,-1.499637,-0.000003,0.609377,-0.066704,-0.152857,-1.639304,-13.979478,-0.403705,-0.075213,-0.811440,0.415850,-0.205254,0.127699,-0.303598,-0.556088,0.185056,0.718929
16.900000,16.900000,sine,-0.466531,0.000000,-0.436920,-0.000112,-1.330823,-0.000004,0.709319,-0.023344,-0.152885,-1.641688,-13.986976,-0.405001,-0.066793,-0.809508,0.419772,-0.202795,0.132516,-0.303634,-0.548592,0.193860,0.637446
16.920000,16.920000,sine,-0.486831,0.000000,-0.462957,-0.000572,-1.143775,-0.008038,0.796320,0.023943,-0.152956,-1.644035,-13.994489,-0.406111,-0.058836,-0.807934,0.422913,-0.200957,0.136315,-0.303681,-0.538751,0.197118,0.549419
16.940000,16.940000,sine,-0.502810,0.000000,-0.484834,-0.001054,-0.944154,-0.016892,0.864869,0.075165,-0.153073,-1.646331,-14.002034,-0.407079,-0.051408,-0.806734,0.425234,-0.199790,0.139133,-0.303716,-0.527201,0.195156,0.456312
16.960000,16.960000,sine,-0.514326,0.000000,-0.502327,-0.001536,-0.736943,-0.020430,0.899121,0.150520,-0.153240,-1.648559,-14.009605,-0.407952,-0.044565,-0.805923,0.426705,-0.199318,0.141020,-0.303714,-0.514392,0.188495,0.359339
16.980000,16.980000,sine,-0.521276,0.000000,-0.515256,-0.002048,-0.524852,-0.018563,0.917366,0.222513,-0.153461,-1.650707,-14.017208,-0.408772,-0.038344,-0.805505,0.427314,-0.199529,0.142035,-0.303652,-0.500859,0.177915,0.259597
17.000000,17.000000,sine,-0.523600,0.000000,-0.523523,-0.002569,-0.309823,-0.014100,0.925289,0.285697,-0.153737,-1.652764,-14.024840,-0.409576,-0.032777,-0.805483,0.427049,-0.200390,0.142219,-0.303508,-0.486833,0.164198,0.157341
17.020000,17.020000,sine,-0.521276,0.000000,-0.527058,-0.003062,-0.089533,-0.000652,0.909978,0.344844,-0.154069,-1.654720,-14.032506,-0.410390,-0.027899,-0.805869,0.425884,-0.201906,0.141547,-0.303267,-0.471330,0.147594,0.045906
17.040000,17.040000,sine,-0.514326,0.000000,-0.525888,-0.003280,0.122151,0.008420,0.908753,0.338019,-0.154457,-1.656566,-14.040204,-0.411235,-0.023755,-0.806684,0.423771,-0.203948,0.140105,-0.302919,-0.456450,0.129978,-0.061564
17.060000,17.060000,sine,-0.502810,0.000000,-0.520153,-0.003365,0.332996,0.012568,0.907945,0.355447,-0.154903,-1.658300,-14.047929,-0.412125,-0.020338,-0.807911,0.420737,-0.206494,0.137857,-0.302462,-0.439931,0.111003,-0.171372
17.080000,17.080000,sine,-0.486831,0.000000,-0.509918,-0.003398,0.541789,0.006252,0.921282,0.365723,-0.155408,-1.659914,-14.055674,-0.413064,-0.017672,-0.809542,0.416783,-0.209486,0.134765,-0.301905,-0.420733,0.090783,-0.280022
17.100000,17.100000,sine,-0.466531,0.000000,-0.495321,-0.003455,0.741026,0.000003,0.955298,0.374321,-0.155974,-1.661404,-14.063443,-0.414049,-0.015778,-0.811554,0.411940,-0.212850,0.130810,-0.301265,-0.398071,0.069605,-0.385350
17.120000,17.120000,sine,-0.442090,0.000000,-0.476540,-0.003559,0.928467,0.000003,1.008433,0.386514,-0.156605,-1.662764,-14.071225,-0.415072,-0.014676,-0.813918,0.406249,-0.216516,0.125957,-0.300563,-0.370918,0.047673,-0.487407
17.140000,17.140000,sine,-0.413725,0.000000,-0.453752,-0.003711,1.107981,0.000004,1.075161,0.403482,-0.157304,-1.663987,-14.079019,-0.416115,-0.014396,-0.816601,0.399755,-0.220408,0.120158,-0.299825,-0.338289,0.025279,-0.586040
17.160000,17.160000,sine,-0.381688,0.000000,-0.427141,-0.003907,1.279124,0.000004,1.149537,0.424989,-0.158077,-1.665069,-14.086817,-0.417154,-0.014964,-0.819568,0.392515,-0.224433,0.113385,-0.299078,-0.299612,0.003013,-0.680270
17.180000,17.180000,sine,-0.346263,0.000000,-0.396914,-0.004136,1.440921,0.000004,1.226250,0.450009,-0.158929,-1.666003,-14.094607,-0.418155,-0.016402,-0.822778,0.384594,-0.228481,0.105627,-0.298351,-0.254574,-0.018309,-0.768813
17.200000,17.200000,sine,-0.307764,0.000000,-0.363303,-0.004386,1.592057,0.000005,1.300633,0.477305,-0.159865,-1.666788,-14.102391,-0.419079,-0.018726,-0.826190,0.376074,-0.232431,0.096898,-0.297667,-0.203111,-0.037672,-0.850264
17.220000,17.220000,sine,-0.266534,0.000000,-0.326572,-0.004644,1.731210,0.000005,1.368195,0.505432,-0.160893,-1.667419,-14.110164,-0.419877,-0.021940,-0.829759,0.367044,-0.236152,0.087235,-0.297053,-0.145306,-0.054000,-0.923335
17.240000,17.240000,sine,-0.222938,0.000000,-0.287010,-0.004896,1.857123,0.000005,1.424759,0.532957,-0.162017,-1.667896,-14.117907,-0.420494,-0.026037,-0.833441,0.357608,-0.239516,0.076701,-0.296530,-0.081370,-0.066238,-0.986883
17.260000,17.260000,sine,-0.177363,0.000000,-0.244934,-0.005124,1.968692,0.000005,1.466224,0.557863,-0.163245,-1.668219,-14.125625,-0.420867,-0.031001,-0.837192,0.347878,-0.242396,0.065384,-0.296124,-0.011589,-0.073411,-1.039968
17.280000,17.280000,sine,-0.130214,0.000000,-0.200686,-0.005308,2.064544,0.000005,1.489620,0.578022,-0.164582,-1.668391,-14.133306,-0.420933,-0.036806,-0.840972,0.337974,-0.244679,0.053394,-0.295855,0.062972,-0.074561,-1.081838
17.300000,17.300000,sine,-0.081909,0.000000,-0.154636,-0.005440,2.142824,0.000005,1.495121,0.592524,-0.166032,-1.668417,-14.140955,-0.420629,-0.043404,-0.844746,0.328011,-0.246270,0.040867,-0.295743,0.139500,-0.068817,-1.112249
17.320000,17.320000,sine,-0.032877,0.000000,-0.107199,-0.005515,2.200281,0.000005,1.487813,0.600812,-0.167601,-1.668305,-14.148557,-0.419899,-0.050717,-0.848484,0.318100,-0.247100,0.027979,-0.295795,0.214445,-0.055806,-1.130150
17.340000,17.340000,sine,0.016447,0.000000,-0.058844,-0.005531,2.234819,0.000005,1.480134,0.602717,-0.169287,-1.668069,-14.156112,-0.418703,-0.058636,-0.852158,0.308345,-0.247139,0.014934,-0.296008,0.284505,-0.035852,-1.135386
17.360000,17.360000,sine,0.065624,0.000000,-0.010024,-0.005504,2.249922,0.000005,1.466849,0.599871,-0.171089,-1.667723,-14.163615,-0.417015,-0.067038,-0.855749,0.298827,-0.246409,0.001891,-0.296371,0.347879,-0.009888,-1.131505
17.380000,17.380000,sine,0.114220,0.000000,0.038849,-0.005439,2.246578,0.000005,1.440864,0.592883,-0.173003,-1.667282,-14.171073,-0.414823,-0.075803,-0.859247,0.289604,-0.244955,-0.010996,-0.296867,0.403215,0.020854,-1.119650
17.400000,17.400000,sine,0.161801,0.000000,0.087370,-0.005337,2.224765,0.000005,1.399108,0.581799,-0.175025,-1.666762,-14.178493,-0.412133,-0.084809,-0.862640,0.280725,-0.242849,-0.023549,-0.297481,0.449720,0.054839,-1.099981
17.420000,17.420000,sine,0.207947,0.000000,0.135130,-0.005196,2.184292,0.000004,1.340566,0.566533,-0.177145,-1.666180,-14.185874,-0.408966,-0.093934,-0.865916,0.272236,-0.240182,-0.035593,-0.298200,0.487163,0.090345,-1.072374
17.440000,17.440000,sine,0.252246,0.000000,0.181717,-0.005017,2.125062,0.000004,1.265577,0.547104,-0.179355,-1.665553,-14.193220,-0.405359,-0.103061,-0.869061,0.264188,-0.237072,-0.046970,-0.299016,0.515791,0.125649,-1.036690
17.460000,17.460000,sine,0.294307,0.000000,0.226722,-0.004802,2.047121,0.000004,1.175617,0.523639,-0.181642,-1.664896,-14.200541,-0.401365,-0.112084,-0.872057,0.256631,-0.233652,-0.057541,-0.299919,0.536195,0.159136,-0.992838
17.480000,17.480000,sine,0.333755,0.000000,0.269742,-0.004551,1.950694,0.000004,1.073189,0.496378,-0.183994,-1.664224,-14.207839,-0.397050,-0.120907,-0.874885,0.249620,-0.230068,-0.067194,-0.300900,0.549194,0.189379,-0.940855
17.500000,17.500000,sine,0.370241,0.000000,0.310379,-0.004269,1.836188,0.000003,0.961688,0.465650,-0.186397,-1.663553,-14.215126,-0.392489,-0.129445,-0.877522,0.243209,-0.226469,-0.075846,-0.301948,0.555727,0.215189,-0.880890
17.520000,17.520000,sine,0.403441,0.000000,0.348253,-0.003960,1.704200,0.000003,0.845322,0.431876,-0.188836,-1.662895,-14.222413,-0.387768,-0.137627,-0.879949,0.237454,-0.223005,-0.083439,-0.303049,0.556770,0.235651,-0.813232
17.540000,17.540000,sine,0.433059,0.000000,0.382999,-0.003627,1.555531,0.000002,0.728921,0.395578,-0.191293,-1.662262,-14.229706,-0.382973,-0.145398,-0.882143,0.232408,-0.219811,-0.089943,-0.304187,0.553266,0.250139,-0.738291
17.560000,17.560000,sine,0.458834,0.000000,0.414275,-0.003276,1.391219,0.000002,0.617620,0.357244,-0.193754,-1.661666,-14.237017,-0.378197,-0.152710,-0.884085,0.228123,-0.217009,-0.095352,-0.305342,0.546112,0.258328,-0.656552
17.580000,17.580000,sine,0.480536,0.000000,0.441765,-0.002912,1.212534,0.000002,0.516682,0.317429,-0.196202,-1.661117,-14.244351,-0.373528,-0.159530,-0.885754,0.224647,-0.214695,-0.099681,-0.306491,0.536253,0.260260,-0.568435
17.600000,17.600000,sine,0.497973,0.000000,0.465188,-0.002540,1.020998,0.000001,0.431124,0.276741,-0.198622,-1.660622,-14.251719,-0.369050,-0.165833,-0.887133,0.222027,-0.212938,-0.102963,-0.307609,0.524727,0.256357,-0.474343
17.620000,17.620000,sine,0.510990,0.000000,0.484299,-0.002168,0.818418,0.000001,0.365338,0.236017,-0.200999,-1.660187,-14.259120,-0.364839,-0.171605,-0.888206,0.220306,-0.211780,-0.105230,-0.308671,0.512268,0.247195,-0.375092
17.640000,17.640000,sine,0.519471,0.000000,0.498897,-0.001808,0.606904,0.000001,0.322470,0.196440,-0.203321,-1.659819,-14.266572,-0.360959,-0.176840,-0.888958,0.219521,-0.211235,-0.106527,-0.309651,0.499317,0.233452,-0.271819
17.660000,17.660000,sine,0.523342,0.000000,0.508852,-0.001524,0.387855,0.000001,0.303973,0.160968,-0.205576,-1.659520,-14.274062,-0.357467,-0.181539,-0.889379,0.219697,-0.211286,-0.106892,-0.310524,0.486130,0.215879,-0.164818
17.680000,17.680000,sine,0.522567,0.000000,0.514077,-0.001342,0.164759,-0.000000,0.305223,0.133436,-0.207756,-1.659295,-14.281602,-0.354405,-0.185703,-0.889457,0.220858,-0.211891,-0.106369,-0.311269,0.472903,0.195331,-0.054584
17.700000,17.700000,sine,0.517154,0.000000,0.514445,-0.001148,-0.053128,-0.009043,0.328611,0.114885,-0.209852,-1.659145,-14.289181,-0.351813,-0.189326,-0.889179,0.223032,-0.212992,-0.104990,-0.311870,0.459918,0.172781,0.057905
17.720000,17.720000,sine,0.507150,0.000000,0.510143,-0.000947,-0.266729,-0.002056,0.335503,0.085508,-0.211860,-1.659073,-14.296807,-0.349698,-0.192435,-0.888548,0.226190,-0.214515,-0.102826,-0.312312,0.447035,0.149129,0.164680
17.740000,17.740000,sine,0.492645,0.000000,0.501321,-0.000717,-0.471438,-0.000001,0.322172,0.060310,-0.213775,-1.659080,-14.304477,-0.348075,-0.195032,-0.887563,0.230298,-0.216409,-0.099833,-0.312591,0.432027,0.123892,0.270014
17.760000,17.760000,sine,0.473767,0.000000,0.488126,-0.000462,-0.668030,-0.000002,0.290944,0.033529,-0.215590,-1.659169,-14.312183,-0.346960,-0.197106,-0.886223,0.235323,-0.218623,-0.095976,-0.312707,0.413580,0.097122,0.373021
17.780000,17.780000,sine,0.450685,0.000000,0.470706,-0.000183,-0.857728,-0.000002,0.243629,0.005033,-0.217300,-1.659347,-14.319919,-0.346370,-0.198634,-0.884525,0.241220,-0.221098,-0.091213,-0.312667,0.390482,0.068960,0.473429
17.800000,17.800000,sine,0.423601,0.000000,0.449215,0.000117,-1.040288,-0.000003,0.184556,-0.024998,-0.218896,-1.659618,-14.327682,-0.346319,-0.199588,-0.882471,0.247936,-0.223761,-0.085505,-0.312484,0.361817,0.039795,0.570617
17.820000,17.820000,sine,0.392758,0.000000,0.423829,0.000425,-1.215077,-0.000003,0.118290,-0.056123,-0.220375,-1.659989,-14.335470,-0.346813,-0.199931,-0.880067,0.255404,-0.226531,-0.078825,-0.312174,0.326917,0.010238,0.663677
17.840000,17.840000,sine,0.358429,0.000000,0.394742,0.000735,-1.380888,-0.000003,0.049273,-0.087690,-0.221728,-1.660467,-14.343275,-0.347854,-0.199626,-0.877320,0.263547,-0.229308,-0.071163,-0.311754,0.285391,-0.018847,0.751335
17.860000,17.860000,sine,0.320918,0.000000,0.362179,0.001039,-1.536401,-0.000004,-0.018191,-0.118977,-0.222953,-1.661057,-14.351086,-0.349428,-0.198637,-0.874247,0.272277,-0.231989,-0.062531,-0.311237,0.237114,-0.046331,0.832352
17.880000,17.880000,sine,0.280559,0.000000,0.326395,0.001329,-1.680249,-0.000004,-0.080003,-0.149172,-0.224045,-1.661769,-14.358904,-0.351513,-0.196929,-0.870873,0.281493,-0.234459,-0.052965,-0.310641,0.182143,-0.070991,0.905531
17.900000,17.900000,sine,0.237709,0.000000,0.287675,0.001597,-1.811162,-0.000004,-0.132226,-0.177494,-0.225003,-1.662606,-14.366717,-0.354069,-0.194469,-0.867228,0.291088,-0.236606,-0.042521,-0.309981,0.120663,-0.091624,0.969808
17.920000,17.920000,sine,0.192750,0.000000,0.246326,0.001837,-1.927879,-0.000004,-0.171056,-0.202868,-0.225826,-1.663577,-14.374519,-0.357050,-0.191227,-0.863352,0.300950,-0.238319,-0.031283,-0.309276,0.052976,-0.107110,1.024166
17.940000,17.940000,sine,0.146080,0.000000,0.202684,0.002037,-2.029326,-0.000004,-0.193067,-0.224245,-0.226514,-1.664686,-14.382305,-0.360398,-0.187179,-0.859291,0.310960,-0.239498,-0.019351,-0.308545,-0.020464,-0.116450,1.067806
17.960000,17.960000,sine,0.098113,0.000000,0.157110,0.002189,-2.113765,-0.000004,-0.196990,-0.240591,-0.227071,-1.665938,-14.390070,-0.364043,-0.182309,-0.855101,0.320997,-0.240056,-0.006852,-0.307816,-0.097543,-0.118669,1.100203
17.980000,17.980000,sine,0.049275,0.000000,0.110000,0.002292,-2.179341,-0.000004,-0.184249,-0.251726,-0.227502,-1.667337,-14.397802,-0.367904,-0.176625,-0.850835,0.330955,-0.239933,0.006064,-0.307118,-0.175015,-0.113180,1.121270
18.000000,18.000000,sine,0.000000,0.000000,0.061810,0.002342,-2.221001,-0.000004,-0.168577,-0.257321,-0.227818,-1.668880,-14.405504,-0.371886,-0.170169,-0.846550,0.340728,-0.239101,0.019170,-0.306473,-0.248911,-0.099972,1.128730
18.020000,18.020000,sine,-0.049275,0.000000,0.013017,0.002347,-2.242336,-0.000004,-0.151375,-0.258169,-0.228031,-1.670565,-14.413175,-0.375891,-0.163009,-0.842301,0.350233,-0.237568,0.032266,-0.305894,-0.317003,-0.079904,1.126553
18.040000,18.040000,sine,-0.098113,0.000000,-0.035954,0.002317,-2.244915,-0.000004,-0.124574,-0.255255,-0.228157,-1.672385,-14.420811,-0.379830,-0.155223,-0.838128,0.359412,-0.235378,0.045168,-0.305386,-0.377579,-0.054156,1.116564
18.060000,18.060000,sine,-0.146080,0.000000,-0.084693,0.002249,-2.229051,-0.000004,-0.084423,-0.248693,-0.228209,-1.674329,-14.428412,-0.383624,-0.146902,-0.834064,0.368226,-0.232607,0.057702,-0.304947,-0.429483,-0.024143,1.099307
18.080000,18.080000,sine,-0.192750,0.000000,-0.132791,0.002144,-2.194571,-0.000005,-0.029484,-0.238501,-0.228205,-1.676387,-14.435982,-0.387206,-0.138147,-0.830140,0.376635,-0.229354,0.069702,-0.304571,-0.472180,0.008591,1.074714
18.100000,18.100000,sine,-0.237709,0.000000,-0.179832,0.001999,-2.141506,-0.000004,0.040267,-0.224693,-0.228159,-1.678545,-14.443523,-0.390522,-0.129068,-0.826386,0.384604,-0.225742,0.081023,-0.304254,-0.505723,0.042430,1.042707
18.120000,18.120000,sine,-0.280559,0.000000,-0.225405,0.001810,-2.069897,-0.000004,0.123709,-0.207057,-0.228087,-1.680788,-14.451041,-0.393533,-0.119779,-0.822831,0.392090,-0.221903,0.091536,-0.303999,-0.530562,0.075701,1.003150
18.140000,18.140000,sine,-0.320918,0.000000,-0.269104,0.001575,-1.979960,-0.000004,0.218667,-0.185558,-0.228003,-1.683099,-14.458539,-0.396220,-0.110395,-0.819501,0.399051,-0.217983,0.101144,-0.303807,-0.547424,0.106873,0.956014
18.160000,18.160000,sine,-0.358429,0.000000,-0.310530,0.001298,-1.871815,-0.000004,0.321845,-0.159737,-0.227919,-1.685459,-14.466022,-0.398577,-0.101029,-0.816423,0.405443,-0.214130,0.109769,-0.303678,-0.557168,0.134628,0.901169
18.180000,18.180000,sine,-0.392758,0.000000,-0.349292,0.000970,-1.746203,-0.000004,0.429790,-0.129167,-0.227848,-1.687850,-14.473501,-0.400616,-0.091790,-0.813622,0.411219,-0.210490,0.117367,-0.303608,-0.560808,0.157935,0.838916
18.200000,18.200000,sine,-0.423601,0.000000,-0.385023,0.000594,-1.603673,-0.000003,0.538487,-0.093318,-0.227799,-1.690255,-14.480985,-0.402360,-0.082784,-0.811122,0.416334,-0.207197,0.123917,-0.303589,-0.559355,0.176061,0.769329
18.220000,18.220000,sine,-0.450685,0.000000,-0.417381,0.000180,-1.445038,-0.000003,0.643765,-0.052659,-0.227781,-1.692653,-14.488474,-0.403844,-0.074104,-0.808945,0.420744,-0.204371,0.129421,-0.303608,-0.553890,0.188617,0.692545
18.240000,18.240000,sine,-0.473767,0.000000,-0.446046,-0.000263,-1.271330,-0.000004,0.740153,-0.007963,-0.227802,-1.695027,-14.495978,-0.405109,-0.065836,-0.807115,0.424403,-0.202109,0.133899,-0.303650,-0.545559,0.195568,0.608771
18.260000,18.260000,sine,-0.492645,0.000000,-0.470724,-0.000730,-1.078138,-0.011647,0.821353,0.040532,-0.227868,-1.697360,-14.503504,-0.406200,-0.058054,-0.805651,0.427267,-0.200492,0.137363,-0.303696,-0.535061,0.197023,0.518853
18.280000,18.280000,sine,-0.507150,0.000000,-0.491162,-0.001215,-0.875826,-0.018666,0.881231,0.095385,-0.227982,-1.699636,-14.511056,-0.407163,-0.050820,-0.804571,0.429303,-0.199556,0.139864,-0.303721,-0.523037,0.193423,0.424361
18.300000,18.300000,sine,-0.517154,0.000000,-0.507150,-0.001700,-0.666602,-0.020398,0.906147,0.175730,-0.228148,-1.701841,-14.518636,-0.408042,-0.044184,-0.803886,0.430484,-0.199314,0.141454,-0.303701,-0.509932,0.185362,0.326342
18.320000,18.320000,sine,-0.522567,0.000000,-0.518532,-0.002220,-0.453427,-0.017259,0.921054,0.244146,-0.228369,-1.703961,-14.526250,-0.408879,-0.038182,-0.803598,0.430802,-0.199746,0.142188,-0.303614,-0.496233,0.173655,0.225812
18.340000,18.340000,sine,-0.523342,0.000000,-0.525233,-0.002741,-0.237094,-0.013298,0.925329,0.306337,-0.228645,-1.705988,-14.533893,-0.409707,-0.032843,-0.803712,0.430243,-0.200817,0.142100,-0.303440,-0.482005,0.159041,0.122423
18.360000,18.360000,sine,-0.519471,0.000000,-0.527154,-0.003181,-0.009159,-0.000000,0.904693,0.326551,-0.228979,-1.707910,-14.541570,-0.410549,-0.028216,-0.804250,0.428760,-0.202577,0.141095,-0.303164,-0.465278,0.141236,0.004240
18.380000,18.380000,sine,-0.510990,0.000000,-0.524420,-0.003306,0.193569,0.011091,0.896445,0.344231,-0.229372,-1.709723,-14.549278,-0.411425,-0.024328,-0.805221,0.426329,-0.204764,0.139419,-0.302780,-0.451063,0.123701,-0.098983
18.400000,18.400000,sine,-0.497973,0.000000,-0.517176,-0.003361,0.401474,0.012842,0.905699,0.357748,-0.229823,-1.711421,-14.557010,-0.412345,-0.021162,-0.806598,0.422993,-0.207454,0.136907,-0.302288,-0.434044,0.104444,-0.207205
18.420000,18.420000,sine,-0.480536,0.000000,-0.505490,-0.003401,0.610076,0.000075,0.929549,0.367137,-0.230334,-1.712999,-14.564763,-0.413311,-0.018751,-0.808374,0.418753,-0.210575,0.133535,-0.301701,-0.413751,0.083867,-0.314616
18.440000,18.440000,sine,-0.458834,0.000000,-0.489498,-0.003479,0.803484,0.000003,0.972000,0.377298,-0.230908,-1.714452,-14.572537,-0.414318,-0.017117,-0.810526,0.413637,-0.214042,0.129295,-0.301037,-0.389731,0.062437,-0.419086
18.460000,18.460000,sine,-0.433059,0.000000,-0.469374,-0.003602,0.988708,0.000003,1.030385,0.391398,-0.231550,-1.715773,-14.580324,-0.415353,-0.016287,-0.813024,0.407687,-0.217792,0.124134,-0.300319,-0.360779,0.040277,-0.520403
18.480000,18.480000,sine,-0.403441,0.000000,-0.445296,-0.003772,1.165805,0.000004,1.099984,0.410171,-0.232263,-1.716956,-14.588120,-0.416398,-0.016289,-0.815834,0.400952,-0.221741,0.118013,-0.299575,-0.326141,0.017831,-0.617917
18.500000,18.500000,sine,-0.370241,0.000000,-0.417457,-0.003981,1.334118,0.000004,1.175392,0.433061,-0.233052,-1.717997,-14.595918,-0.417425,-0.017149,-0.818919,0.393490,-0.225787,0.110912,-0.298832,-0.285339,-0.004235,-0.710512
18.520000,18.520000,sine,-0.333755,0.000000,-0.386075,-0.004218,1.492565,0.000004,1.251651,0.459005,-0.233924,-1.718889,-14.603706,-0.418398,-0.018886,-0.822237,0.385374,-0.229817,0.102827,-0.298116,-0.238148,-0.025027,-0.796875
18.540000,18.540000,sine,-0.294307,0.000000,-0.351394,-0.004472,1.639862,0.000005,1.324155,0.486723,-0.234884,-1.719631,-14.611487,-0.419275,-0.021510,-0.825744,0.376688,-0.233705,0.093780,-0.297453,-0.184549,-0.043499,-0.875667
18.560000,18.560000,sine,-0.252246,0.000000,-0.313685,-0.004730,1.774735,0.000005,1.388471,0.514792,-0.235938,-1.720220,-14.619249,-0.420003,-0.025023,-0.829395,0.367526,-0.237322,0.083818,-0.296867,-0.124668,-0.058580,-0.945673
18.580000,18.580000,sine,-0.207947,0.000000,-0.273248,-0.004977,1.895964,0.000005,1.440467,0.541766,-0.237092,-1.720656,-14.626986,-0.420527,-0.029414,-0.833146,0.357995,-0.240537,0.073012,-0.296380,-0.058749,-0.069232,-1.005808
18.600000,18.600000,sine,-0.161801,0.000000,-0.230409,-0.005192,2.002501,0.000005,1.476061,0.565282,-0.238353,-1.720940,-14.634696,-0.420782,-0.034664,-0.836953,0.348210,-0.243230,0.061456,-0.296017,0.012871,-0.074513,-1.055214
18.620000,18.620000,sine,-0.114220,0.000000,-0.185517,-0.005358,2.092682,0.000005,1.493311,0.583539,-0.239726,-1.721075,-14.642365,-0.420705,-0.040740,-0.840778,0.338289,-0.245293,0.049270,-0.295799,0.088444,-0.073438,-1.093252
18.640000,18.640000,sine,-0.065624,0.000000,-0.138955,-0.005472,2.164777,0.000005,1.493181,0.596052,-0.241216,-1.721066,-14.649997,-0.420235,-0.047585,-0.844586,0.328348,-0.246638,0.036599,-0.295741,0.164904,-0.065285,-1.119893
18.660000,18.660000,sine,-0.016447,0.000000,-0.091158,-0.005525,2.214044,0.000005,1.485365,0.602010,-0.242825,-1.720925,-14.657582,-0.419321,-0.055109,-0.848348,0.318494,-0.247203,0.023640,-0.295848,0.238447,-0.049878,-1.133015
18.680000,18.680000,sine,0.032877,0.000000,-0.042602,-0.005526,2.241912,0.000005,1.476879,0.602233,-0.244552,-1.720666,-14.665125,-0.417928,-0.063196,-0.852038,0.308827,-0.246982,0.010579,-0.296113,0.306459,-0.027800,-1.135001
18.700000,18.700000,sine,0.081909,0.000000,0.006281,-0.005486,2.250849,0.000005,1.459829,0.597977,-0.246396,-1.720302,-14.672617,-0.416036,-0.071725,-0.855639,0.299418,-0.246004,-0.002431,-0.296522,0.367279,-0.000092,-1.128418
18.720000,18.720000,sine,0.130214,0.000000,0.055082,-0.005409,2.241372,0.000005,1.428791,0.589644,-0.248350,-1.719850,-14.680064,-0.413638,-0.080574,-0.859143,0.290319,-0.244324,-0.015227,-0.297059,0.419729,0.031917,-1.113965
18.740000,18.740000,sine,0.177363,0.000000,0.103395,-0.005294,2.213358,0.000005,1.381467,0.577173,-0.250410,-1.719326,-14.687467,-0.410746,-0.089621,-0.862536,0.281579,-0.242018,-0.027630,-0.297709,0.463211,0.066604,-1.091666
18.760000,18.760000,sine,0.222938,0.000000,0.150809,-0.005141,2.166635,0.000004,1.317340,0.560512,-0.252567,-1.718745,-14.694833,-0.407388,-0.098744,-0.865807,0.273246,-0.239190,-0.039468,-0.298462,0.497667,0.102230,-1.061382
18.780000,18.780000,sine,0.266534,0.000000,0.196915,-0.004949,2.101152,0.000004,1.237149,0.539717,-0.254809,-1.718126,-14.702168,-0.403606,-0.107832,-0.868938,0.265370,-0.235961,-0.050590,-0.299307,0.523472,0.137101,-1.022978
18.800000,18.800000,sine,0.307764,0.000000,0.241303,-0.004722,2.017016,0.000004,1.142711,0.514958,-0.257125,-1.717482,-14.709481,-0.399458,-0.116780,-0.871912,0.258002,-0.232469,-0.060866,-0.300237,0.541308,0.169654,-0.976406
18.820000,18.820000,sine,0.346263,0.000000,0.283571,-0.004461,1.914508,0.000003,1.036832,0.486500,-0.259502,-1.716829,-14.716772,-0.395015,-0.125497,-0.874708,0.251197,-0.228864,-0.070193,-0.301242,0.552042,0.198538,-0.921739
18.840000,18.840000,sine,0.381688,0.000000,0.323329,-0.004169,1.794097,0.000003,0.923208,0.454703,-0.261924,-1.716181,-14.724056,-0.390355,-0.133903,-0.877304,0.245010,-0.225294,-0.078497,-0.302309,0.556637,0.222653,-0.859171
18.860000,18.860000,sine,0.413725,0.000000,0.360200,-0.003851,1.656446,0.000002,0.806282,0.420037,-0.264376,-1.715551,-14.731341,-0.385565,-0.141934,-0.879680,0.239495,-0.221905,-0.085729,-0.303424,0.556063,0.241180,-0.789033
18.880000,18.880000,sine,0.442090,0.000000,0.393826,-0.003512,1.502439,0.000002,0.691006,0.383002,-0.266842,-1.714951,-14.738640,-0.380734,-0.149535,-0.881813,0.234707,-0.218830,-0.091867,-0.304570,0.551244,0.253588,-0.711774
18.900000,18.900000,sine,0.466531,0.000000,0.423873,-0.003156,1.333184,0.000002,0.582582,0.344111,-0.269305,-1.714391,-14.745956,-0.375953,-0.156665,-0.883683,0.230695,-0.216181,-0.096913,-0.305726,0.543076,0.259667,-0.627873
18.920000,18.920000,sine,0.486831,0.000000,0.450038,-0.002788,1.150033,0.000002,0.486230,0.303934,-0.271750,-1.713880,-14.753303,-0.371310,-0.163295,-0.885271,0.227506,-0.214047,-0.100889,-0.306868,0.532551,0.259594,-0.537709
18.940000,18.940000,sine,0.502810,0.000000,0.472049,-0.002415,0.954598,0.000001,0.406816,0.263128,-0.274161,-1.713426,-14.760683,-0.366886,-0.169403,-0.886560,0.225186,-0.212486,-0.103829,-0.307970,0.520657,0.253873,-0.441780
18.960000,18.960000,sine,0.514326,0.000000,0.489675,-0.002046,0.748799,0.000001,0.348383,0.222603,-0.276525,-1.713034,-14.768103,-0.362754,-0.174978,-0.887533,0.223778,-0.211532,-0.105768,-0.309008,0.507987,0.243099,-0.341066
18.980000,18.980000,sine,0.521276,0.000000,0.502734,-0.001697,0.533705,0.002084,0.315487,0.180481,-0.278828,-1.712708,-14.775568,-0.358976,-0.180018,-0.888178,0.223313,-0.211189,-0.106749,-0.309955,0.494936,0.227992,-0.236672
19.000000,19.000000,sine,0.523600,0.000000,0.511123,-0.001450,0.313800,0.000000,0.302420,0.150356,-0.281062,-1.712452,-14.783077,-0.355603,-0.184524,-0.888484,0.223816,-0.211429,-0.106815,-0.310788,0.481732,0.209336,-0.128461
19.020000,19.020000,sine,0.521276,0.000000,0.514742,-0.001284,0.086978,0.000228,0.312751,0.126112,-0.283216,-1.712271,-14.790631,-0.352676,-0.188496,-0.888439,0.225312,-0.212213,-0.105982,-0.311485,0.468059,0.187712,-0.014904
19.040000,19.040000,sine,0.514326,0.000000,0.513537,-0.001088,-0.124247,-0.006582,0.331747,0.101701,-0.285285,-1.712165,-14.798233,-0.350227,-0.191936,-0.888033,0.227814,-0.213453,-0.104369,-0.312035,0.455878,0.165158,0.092961
19.060000,19.060000,sine,0.502810,0.000000,0.507714,-0.000873,-0.336565,-0.000002,0.331431,0.077343,-0.287263,-1.712136,-14.805878,-0.348262,-0.194866,-0.887269,0.231287,-0.215106,-0.101926,-0.312423,0.442283,0.140883,0.200087
19.080000,19.080000,sine,0.486831,0.000000,0.497413,-0.000634,-0.538029,-0.000001,0.313289,0.051497,-0.289145,-1.712186,-14.813560,-0.346796,-0.197284,-0.886147,0.235702,-0.217113,-0.098647,-0.312647,0.426274,0.115124,0.304800
19.100000,19.100000,sine,0.466531,0.000000,0.482787,-0.000371,-0.732260,-0.000002,0.276798,0.024119,-0.290924,-1.712319,-14.821275,-0.345847,-0.199174,-0.884664,0.241018,-0.219422,-0.094491,-0.312710,0.406405,0.087865,0.406939
19.120000,19.120000,sine,0.442090,0.000000,0.463989,-0.000085,-0.919541,-0.000002,0.225187,-0.004850,-0.292595,-1.712542,-14.829019,-0.345430,-0.200512,-0.882820,0.247186,-0.221968,-0.089416,-0.312621,0.381556,0.059322,0.506295
19.140000,19.140000,sine,0.413725,0.000000,0.441177,0.000219,-1.099501,-0.000003,0.163187,-0.035253,-0.294150,-1.712859,-14.836793,-0.345557,-0.201266,-0.880619,0.254151,-0.224677,-0.083387,-0.312394,0.350889,0.029954,0.602149
19.160000,19.160000,sine,0.381688,0.000000,0.414534,0.000529,-1.271420,-0.000003,0.095426,-0.066667,-0.295583,-1.713277,-14.844584,-0.346233,-0.201400,-0.878066,0.261842,-0.227460,-0.076380,-0.312045,0.313814,0.000445,0.693540
19.180000,19.180000,sine,0.346263,0.000000,0.384262,0.000838,-1.433942,-0.000004,0.026425,-0.098216,-0.296890,-1.713802,-14.852390,-0.347456,-0.200877,-0.875173,0.270178,-0.230217,-0.068393,-0.311591,0.270044,-0.028239,0.779120
19.200000,19.200000,sine,0.307764,0.000000,0.350596,0.001137,-1.585721,-0.000004,-0.039620,-0.129200,-0.298065,-1.714443,-14.860208,-0.349209,-0.199659,-0.871958,0.279067,-0.232840,-0.059445,-0.311046,0.219523,-0.054918,0.857661
19.220000,19.220000,sine,0.266534,0.000000,0.313800,0.001421,-1.725384,-0.000004,-0.098674,-0.158849,-0.299106,-1.715205,-14.868022,-0.351463,-0.197714,-0.868449,0.288407,-0.235215,-0.049579,-0.310427,0.162359,-0.078366,0.927981
19.240000,19.240000,sine,0.222938,0.000000,0.274168,0.001680,-1.851704,-0.000004,-0.146845,-0.186329,-0.300011,-1.716094,-14.875832,-0.354179,-0.195008,-0.864681,0.298088,-0.237229,-0.038860,-0.309751,0.098772,-0.097403,0.989065
19.260000,19.260000,sine,0.177363,0.000000,0.232016,0.001908,-1.963459,-0.000004,-0.180422,-0.210479,-0.300780,-1.717116,-14.883626,-0.357304,-0.191514,-0.860695,0.307995,-0.238775,-0.027378,-0.309034,0.029090,-0.110947,1.039940
19.280000,19.280000,sine,0.130214,0.000000,0.187688,0.002093,-2.059448,-0.000004,-0.196384,-0.230262,-0.301414,-1.718278,-14.891402,-0.360777,-0.187208,-0.856541,0.318009,-0.239755,-0.015242,-0.308301,-0.045883,-0.118014,1.079867
19.300000,19.300000,sine,0.081909,0.000000,0.141557,0.002229,-2.137839,-0.000004,-0.194506,-0.244865,-0.301917,-1.719584,-14.899157,-0.364526,-0.182081,-0.852276,0.328013,-0.240092,-0.002586,-0.307579,-0.123482,-0.117703,1.108514
19.320000,19.320000,sine,0.032877,0.000000,0.094036,0.002314,-2.195626,-0.000004,-0.179442,-0.254196,-0.302297,-1.721033,-14.906878,-0.368464,-0.176151,-0.847955,0.337901,-0.239733,0.010417,-0.306896,-0.200134,-0.109598,1.125023
19.340000,19.340000,sine,-0.016447,0.000000,0.045595,0.002348,-2.230304,-0.000004,-0.163789,-0.258100,-0.302563,-1.722627,-14.914570,-0.372493,-0.169469,-0.843636,0.347574,-0.238665,0.023542,-0.306272,-0.272336,-0.093994,1.129003
19.360000,19.360000,sine,-0.065624,0.000000,-0.003304,0.002342,-2.245313,-0.000004,-0.143847,-0.257653,-0.302730,-1.724359,-14.922229,-0.376517,-0.162108,-0.839367,0.356957,-0.236906,0.036593,-0.305717,-0.338098,-0.071889,1.124106
19.380000,19.380000,sine,-0.114220,0.000000,-0.052245,0.002299,-2.241719,-0.000004,-0.112800,-0.253508,-0.302813,-1.726223,-14.929852,-0.380450,-0.154151,-0.835188,0.366001,-0.234513,0.049392,-0.305233,-0.395883,-0.044553,1.111654
19.400000,19.400000,sine,-0.161801,0.000000,-0.100817,0.002218,-2.219668,-0.000004,-0.067780,-0.245699,-0.302828,-1.728206,-14.937441,-0.384218,-0.145690,-0.831129,0.374667,-0.231569,0.061766,-0.304815,-0.444751,-0.013459,1.091965
19.420000,19.420000,sine,-0.207947,0.000000,-0.148608,0.002100,-2.178977,-0.000004,-0.007844,-0.234307,-0.302790,-1.730299,-14.945003,-0.387754,-0.136830,-0.827224,0.382917,-0.228183,0.073555,-0.304459,-0.484369,0.019830,1.064902
19.440000,19.440000,sine,-0.252246,0.000000,-0.195206,0.001940,-2.119695,-0.000004,0.066642,-0.219183,-0.302715,-1.732486,-14.952534,-0.391011,-0.127682,-0.823499,0.390713,-0.224480,0.084618,-0.304162,-0.514944,0.053660,1.030374
19.460000,19.460000,sine,-0.294307,0.000000,-0.240200,0.001737,-2.041938,-0.000004,0.154212,-0.200325,-0.302617,-1.734753,-14.960042,-0.393956,-0.118361,-0.819984,0.398014,-0.220598,0.094840,-0.303928,-0.537033,0.086391,0.988288
19.480000,19.480000,sine,-0.333755,0.000000,-0.283184,0.001487,-1.945925,-0.000004,0.252324,-0.177412,-0.302512,-1.737081,-14.967541,-0.396573,-0.108981,-0.816706,0.404777,-0.216684,0.104127,-0.303758,-0.551425,0.116559,0.938603
19.500000,19.500000,sine,-0.370241,0.000000,-0.323765,0.001194,-1.831840,-0.000004,0.357494,-0.150031,-0.302411,-1.739453,-14.975021,-0.398863,-0.099656,-0.813691,0.410955,-0.212886,0.112413,-0.303649,-0.559017,0.142931,0.881231
19.520000,19.520000,sine,-0.403441,0.000000,-0.361556,0.000849,-1.700542,-0.000003,0.466105,-0.117782,-0.302325,-1.741851,-14.982501,-0.400840,-0.090493,-0.810964,0.416505,-0.209347,0.119663,-0.303597,-0.560848,0.164577,0.816546
19.540000,19.540000,sine,-0.433059,0.000000,-0.396200,0.000460,-1.552538,-0.000003,0.574228,-0.080252,-0.302265,-1.744255,-14.989987,-0.402532,-0.081592,-0.808548,0.421380,-0.206198,0.125863,-0.303592,-0.557933,0.180871,0.744542
19.560000,19.560000,sine,-0.458834,0.000000,-0.427361,0.000034,-1.388757,-0.000003,0.677181,-0.038097,-0.302239,-1.746647,-14.997482,-0.403976,-0.073047,-0.806466,0.425535,-0.203550,0.131023,-0.303621,-0.551391,0.191548,0.665395
19.580000,19.580000,sine,-0.480536,0.000000,-0.454728,-0.000416,-1.208383,-0.003790,0.769189,0.007826,-0.302254,-1.749009,-15.004999,-0.405212,-0.064938,-0.804741,0.428926,-0.201497,0.135159,-0.303667,-0.542267,0.196640,0.579417
19.600000,19.600000,sine,-0.497973,0.000000,-0.478019,-0.000890,-1.011562,-0.014601,0.844270,0.057600,-0.302315,-1.751325,-15.012528,-0.406288,-0.057337,-0.803393,0.431512,-0.200103,0.138298,-0.303708,-0.531219,0.196360,0.487811
19.620000,19.620000,sine,-0.510990,0.000000,-0.496995,-0.001373,-0.806722,-0.019877,0.890777,0.123755,-0.302426,-1.753580,-15.020088,-0.407249,-0.050300,-0.802436,0.433260,-0.199399,0.140490,-0.303721,-0.518778,0.191193,0.392051
19.640000,19.640000,sine,-0.519471,0.000000,-0.511461,-0.001874,-0.595956,-0.019656,0.912513,0.199762,-0.302592,-1.755759,-15.027678,-0.408138,-0.043876,-0.801878,0.434154,-0.199384,0.141790,-0.303681,-0.505435,0.181828,0.293134
19.660000,19.660000,sine,-0.523342,0.000000,-0.521289,-0.002395,-0.381733,-0.015690,0.923796,0.265069,-0.302813,-1.757852,-15.035300,-0.408993,-0.038095,-0.801724,0.434180,-0.200034,0.142246,-0.303567,-0.491565,0.169068,0.191734
19.680000,19.680000,sine,-0.522567,0.000000,-0.526414,-0.002912,-0.161962,-0.012642,0.919749,0.331748,-0.303091,-1.759847,-15.042956,-0.409846,-0.032988,-0.801978,0.433324,-0.201322,0.141874,-0.303360,-0.476835,0.153489,0.085495
19.700000,19.700000,sine,-0.517154,0.000000,-0.526758,-0.003242,0.052565,0.007013,0.900932,0.331537,-0.303428,-1.761737,-15.050646,-0.410716,-0.028612,-0.802671,0.431523,-0.203221,0.140657,-0.303049,-0.461360,0.135886,-0.026510
19.720000,19.720000,sine,-0.507150,0.000000,-0.522540,-0.003344,0.262981,0.012034,0.903174,0.350769,-0.303825,-1.763516,-15.058357,-0.411622,-0.024959,-0.803786,0.428804,-0.205599,0.138687,-0.302627,-0.445707,0.117457,-0.134779
19.740000,19.740000,sine,-0.492645,0.000000,-0.513799,-0.003383,0.470741,0.012200,0.913315,0.362428,-0.304281,-1.765179,-15.066097,-0.412570,-0.022047,-0.805314,0.425169,-0.208445,0.135887,-0.302102,-0.427619,0.097695,-0.243738
19.760000,19.760000,sine,-0.473767,0.000000,-0.500646,-0.003428,0.676201,0.000003,0.941502,0.370838,-0.304800,-1.766720,-15.073860,-0.413559,-0.019900,-0.807240,0.420637,-0.211694,0.132222,-0.301487,-0.406138,0.076774,-0.350266
19.780000,19.780000,sine,-0.450685,0.000000,-0.483248,-0.003518,0.866535,0.000003,0.989292,0.381782,-0.305384,-1.768135,-15.081639,-0.414583,-0.018538,-0.809536,0.415246,-0.215264,0.127677,-0.300803,-0.380609,0.055077,-0.453510
19.800000,19.800000,sine,-0.423601,0.000000,-0.461780,-0.003654,1.048882,0.000003,1.052150,0.397221,-0.306038,-1.769415,-15.089428,-0.415627,-0.017989,-0.812169,0.409038,-0.219091,0.122198,-0.300073,-0.349858,0.032772,-0.553502
19.820000,19.820000,sine,-0.392758,0.000000,-0.436423,-0.003837,1.222998,0.000004,1.124457,0.417357,-0.306766,-1.770558,-15.097224,-0.416667,-0.018279,-0.815106,0.402066,-0.223083,0.115753,-0.299326,-0.313227,0.010378,-0.649405
19.840000,19.840000,sine,-0.358429,0.000000,-0.407378,-0.004057,1.388096,0.000004,1.200821,0.441369,-0.307574,-1.771556,-15.105020,-0.417676,-0.019434,-0.818306,0.394391,-0.227136,0.108323,-0.298589,-0.270317,-0.011369,-0.740032
19.860000,19.860000,sine,-0.320918,0.000000,-0.374868,-0.004301,1.542950,0.000005,1.276419,0.468070,-0.308467,-1.772407,-15.112806,-0.418613,-0.021470,-0.821727,0.386091,-0.231133,0.099914,-0.297889,-0.220990,-0.031505,-0.824004
19.880000,19.880000,sine,-0.280559,0.000000,-0.339146,-0.004558,1.686245,0.000005,1.346714,0.496074,-0.309451,-1.773106,-15.120584,-0.419434,-0.024394,-0.825325,0.377251,-0.234945,0.090557,-0.297248,-0.165278,-0.048966,-0.900002
19.900000,19.900000,sine,-0.237709,0.000000,-0.300493,-0.004814,1.816705,0.000005,1.407385,0.523953,-0.310534,-1.773654,-15.128341,-0.420084,-0.028204,-0.829055,0.367970,-0.238442,0.080304,-0.296693,-0.103354,-0.062681,-0.966838
19.920000,19.920000,sine,-0.192750,0.000000,-0.259218,-0.005053,1.933159,0.000005,1.454325,0.550038,-0.311719,-1.774048,-15.136070,-0.420506,-0.032885,-0.832870,0.358358,-0.241496,0.069237,-0.296245,-0.035484,-0.071644,-1.023497
19.940000,19.940000,sine,-0.146080,0.000000,-0.215655,-0.005253,2.034468,0.000005,1.483862,0.571952,-0.313015,-1.774293,-15.143769,-0.420634,-0.038416,-0.836730,0.348531,-0.243990,0.057457,-0.295927,0.037754,-0.074917,-1.069160
19.960000,19.960000,sine,-0.098113,0.000000,-0.170162,-0.005402,2.118783,0.000005,1.495161,0.588363,-0.314426,-1.774391,-15.151424,-0.420405,-0.044755,-0.840596,0.338608,-0.245821,0.045092,-0.295761,0.113986,-0.071538,-1.103374
19.980000,19.980000,sine,-0.049275,0.000000,-0.123134,-0.005497,2.184140,0.000005,1.489501,0.598874,-0.315956,-1.774350,-15.159041,-0.419761,-0.051836,-0.844435,0.328700,-0.246912,0.032298,-0.295759,0.189960,-0.060958,-1.125987
