t_wall,t_rel,label,q1_cmd,q2_cmd,q1,q2,dq1,dq2,tau1,tau2,px,py,pz,qx,qy,qz,qw,vx,vy,vz,wx,wy,wz
0.000000,0.000000,step,0.000000,0.000000,-0.006776,-0.002554,-0.000024,0.000000,0.677696,0.255426,0.800509,-0.974649,-7.556049,-0.404388,-0.120720,-0.839327,0.342675,-0.246253,0.054830,-0.303727,-0.091049,0.008909,-0.076932
0.020000,0.020000,step,0.000041,0.000000,-0.006768,-0.002558,0.000177,0.000000,0.680535,0.255785,0.799839,-0.976088,-7.563788,-0.404531,-0.120240,-0.839736,0.341673,-0.246254,0.054827,-0.303727,-0.091017,0.008911,-0.077076
0.040000,0.040000,step,0.000315,0.000000,-0.006701,-0.002587,0.002150,0.000000,0.697137,0.258322,0.799165,-0.977525,-7.571528,-0.404671,-0.119769,-0.840148,0.340658,-0.246260,0.054797,-0.303728,-0.090697,0.008916,-0.078506
0.060000,0.060000,step,0.001032,0.000000,-0.006475,-0.002635,0.010946,0.000000,0.724403,0.263483,0.798486,-0.978958,-7.579269,-0.404798,-0.119330,-0.840577,0.339600,-0.246284,0.054668,-0.303732,-0.089263,0.008941,-0.084868
0.080000,0.080000,step,0.002369,0.000000,-0.005936,-0.002705,0.028741,0.000000,0.761241,0.270766,0.797800,-0.980385,-7.587013,-0.404903,-0.118955,-0.841039,0.338461,-0.246337,0.054372,-0.303742,-0.086343,0.008981,-0.097671
0.100000,0.100000,step,0.004482,0.000000,-0.004819,-0.002811,0.059843,0.000000,0.783056,0.282149,0.797105,-0.981802,-7.594754,-0.404967,-0.118701,-0.841562,0.337171,-0.246438,0.053789,-0.303763,-0.081188,0.009038,-0.119899
0.120000,0.120000,step,0.007497,0.000000,-0.002919,-0.002920,0.099520,0.000000,0.791246,0.294601,0.796396,-0.983207,-7.602495,-0.404975,-0.118613,-0.842170,0.335671,-0.246589,0.052874,-0.303798,-0.074466,0.009078,-0.147875
0.140000,0.140000,step,0.011519,0.000000,-0.000098,-0.003020,0.144729,0.000000,0.791437,0.306438,0.795671,-0.984593,-7.610237,-0.404916,-0.118723,-0.842876,0.333929,-0.246787,0.051598,-0.303849,-0.066545,0.009100,-0.179206
0.160000,0.160000,step,0.016629,0.000000,0.003740,-0.003110,0.191905,0.003506,0.787714,0.317350,0.794929,-0.985960,-7.617977,-0.404783,-0.119051,-0.843685,0.331924,-0.247027,0.049945,-0.303919,-0.057633,0.009119,-0.212447
0.180000,0.180000,step,0.022885,0.000000,0.008663,-0.003193,0.241268,0.008067,0.782190,0.327451,0.794164,-0.987302,-7.625716,-0.404569,-0.119614,-0.844600,0.329648,-0.247302,0.047898,-0.304009,-0.047705,0.009169,-0.246728
0.200000,0.200000,step,0.030327,0.000000,0.014723,-0.003269,0.292658,0.012660,0.779847,0.329241,0.793376,-0.988618,-7.633457,-0.404270,-0.120421,-0.845620,0.327096,-0.247602,0.045444,-0.304121,-0.036686,0.009296,-0.281447
0.220000,0.220000,step,0.038974,0.000000,0.021954,-0.003343,0.345340,0.017324,0.778015,0.328646,0.792561,-0.989903,-7.641197,-0.403878,-0.121484,-0.846742,0.324272,-0.247912,0.042577,-0.304257,-0.024553,0.009560,-0.316002
0.240000,0.240000,step,0.048826,0.000000,0.030376,-0.003414,0.398597,0.022084,0.775840,0.327515,0.791717,-0.991156,-7.648936,-0.403389,-0.122809,-0.847961,0.321181,-0.248218,0.039298,-0.304416,-0.011281,0.010026,-0.349826
0.260000,0.260000,step,0.059870,0.000000,0.039994,-0.003484,0.451725,0.026931,0.773305,0.325805,0.790841,-0.992373,-7.656678,-0.402796,-0.124400,-0.849270,0.317838,-0.248502,0.035613,-0.304601,0.003141,0.010774,-0.382383
0.280000,0.280000,step,0.072072,0.000000,0.050795,-0.003551,0.504015,0.031806,0.770403,0.323514,0.789930,-0.993552,-7.664419,-0.402094,-0.126258,-0.850659,0.314259,-0.248745,0.031530,-0.304812,0.018637,0.011884,-0.413183
0.300000,0.300000,step,0.085389,0.000000,0.062751,-0.003614,0.554769,0.036615,0.767242,0.320873,0.788982,-0.994690,-7.672158,-0.401277,-0.128382,-0.852118,0.310466,-0.248927,0.027069,-0.305048,0.035067,0.013439,-0.441782
0.320000,0.320000,step,0.099760,0.000000,0.075819,-0.003672,0.603436,0.041166,0.763797,0.318116,0.787995,-0.995786,-7.679897,-0.400342,-0.130765,-0.853637,0.306482,-0.249029,0.022249,-0.305310,0.052274,0.015516,-0.467850
0.340000,0.340000,step,0.115114,0.000000,0.089942,-0.003723,0.649631,0.045051,0.759663,0.316029,0.786966,-0.996837,-7.687635,-0.399282,-0.133401,-0.855203,0.302333,-0.249033,0.017094,-0.305595,0.070086,0.018185,-0.491127
0.360000,0.360000,step,0.131370,0.000000,0.105052,-0.003762,0.692854,0.048172,0.754801,0.314687,0.785893,-0.997844,-7.695367,-0.398095,-0.136278,-0.856806,0.298047,-0.248920,0.011636,-0.305903,0.088310,0.021503,-0.511414
0.380000,0.380000,step,0.148436,0.000000,0.121071,-0.003787,0.732617,0.050540,0.749342,0.313789,0.784776,-0.998804,-7.703098,-0.396776,-0.139384,-0.858434,0.293653,-0.248677,0.005905,-0.306232,0.106734,0.025507,-0.528585
0.400000,0.400000,step,0.166212,0.000000,0.137909,-0.003799,0.768514,0.052158,0.743224,0.313216,0.783613,-0.999719,-7.710830,-0.395325,-0.142702,-0.860075,0.289181,-0.248291,-0.000063,-0.306580,0.125142,0.030216,-0.542583
0.420000,0.420000,step,0.184590,0.000000,0.155472,-0.003797,0.800175,0.053081,0.736318,0.312766,0.782403,-1.000586,-7.718556,-0.393739,-0.146214,-0.861720,0.284658,-0.247753,-0.006230,-0.306943,0.143316,0.035625,-0.553405
0.440000,0.440000,step,0.203458,0.000000,0.173658,-0.003782,0.828241,0.051401,0.728590,0.312335,0.781145,-1.001408,-7.726278,-0.392018,-0.149902,-0.863358,0.280114,-0.247058,-0.012552,-0.307320,0.161071,0.041704,-0.561059
0.460000,0.460000,step,0.222697,0.000000,0.192356,-0.003759,0.851410,0.049084,0.720120,0.311778,0.779840,-1.002186,-7.733999,-0.390163,-0.153745,-0.864981,0.275576,-0.246205,-0.018979,-0.307706,0.178166,0.048390,-0.565565
0.480000,0.480000,step,0.242186,0.000000,0.211454,-0.003726,0.869272,0.046648,0.710772,0.310791,0.778488,-1.002921,-7.741715,-0.388178,-0.157720,-0.866581,0.271072,-0.245197,-0.025464,-0.308100,0.194421,0.055599,-0.567035
0.500000,0.500000,step,0.261800,0.000000,0.230834,-0.003684,0.881621,0.044187,0.700392,0.309179,0.777089,-1.003614,-7.749429,-0.386066,-0.161805,-0.868149,0.266625,-0.244041,-0.031960,-0.308499,0.209676,0.063225,-0.565546
0.520000,0.520000,step,0.281414,0.000000,0.250375,-0.003633,0.888333,0.041766,0.688943,0.306807,0.775647,-1.004269,-7.757140,-0.383834,-0.165977,-0.869679,0.262262,-0.242748,-0.038422,-0.308898,0.223799,0.071143,-0.561201
0.540000,0.540000,step,0.300903,0.000000,0.269953,-0.003572,0.889271,0.039454,0.676416,0.303594,0.774162,-1.004887,-7.764849,-0.381488,-0.170212,-0.871165,0.258006,-0.241331,-0.044806,-0.309296,0.236674,0.079210,-0.554070
0.560000,0.560000,step,0.320142,0.000000,0.289447,-0.003503,0.884407,0.037292,0.662905,0.299523,0.772637,-1.005471,-7.772557,-0.379038,-0.174488,-0.872600,0.253877,-0.239807,-0.051071,-0.309691,0.248222,0.087274,-0.544263
0.580000,0.580000,step,0.339010,0.000000,0.308731,-0.003426,0.873757,0.035311,0.648539,0.294619,0.771075,-1.006026,-7.780262,-0.376496,-0.178781,-0.873979,0.249897,-0.238197,-0.057180,-0.310078,0.258385,0.095176,-0.531887
0.600000,0.600000,step,0.357388,0.000000,0.327685,-0.003341,0.857388,0.033529,0.633504,0.288956,0.769478,-1.006554,-7.787970,-0.373873,-0.183070,-0.875297,0.246087,-0.236520,-0.063098,-0.310456,0.267142,0.102763,-0.517046
0.620000,0.620000,step,0.375164,0.000000,0.346189,-0.003249,0.835439,0.031952,0.618041,0.282659,0.767851,-1.007058,-7.795676,-0.371184,-0.187334,-0.876550,0.242464,-0.234802,-0.068796,-0.310823,0.274506,0.109890,-0.499854
0.640000,0.640000,step,0.392230,0.000000,0.364128,-0.003152,0.808109,0.030574,0.602420,0.275887,0.766197,-1.007542,-7.803385,-0.368443,-0.191552,-0.877733,0.239045,-0.233064,-0.074250,-0.311175,0.280528,0.116431,-0.480424
0.660000,0.660000,step,0.408486,0.000000,0.381391,-0.003050,0.775664,0.029379,0.586954,0.268827,0.764520,-1.008010,-7.811099,-0.365666,-0.195707,-0.878842,0.235847,-0.231330,-0.079438,-0.311512,0.285284,0.122283,-0.458887
0.680000,0.680000,step,0.423840,0.000000,0.397874,-0.002945,0.738429,0.028346,0.571975,0.261694,0.762824,-1.008464,-7.818815,-0.362871,-0.199782,-0.879873,0.232886,-0.229624,-0.084344,-0.311830,0.288864,0.127361,-0.435406
0.700000,0.700000,step,0.438211,0.000000,0.413483,-0.002839,0.696759,0.027470,0.557840,0.254704,0.761112,-1.008908,-7.826537,-0.360072,-0.203762,-0.880823,0.230173,-0.227966,-0.088955,-0.312127,0.291352,0.131596,-0.410159
0.720000,0.720000,step,0.451528,0.000000,0.428130,-0.002735,0.651095,0.026748,0.544949,0.248088,0.759390,-1.009344,-7.834264,-0.357287,-0.207635,-0.881690,0.227720,-0.226377,-0.093265,-0.312400,0.292837,0.134943,-0.383378
0.740000,0.740000,step,0.463730,0.000000,0.441740,-0.002634,0.601892,0.026200,0.533660,0.242045,0.757661,-1.009776,-7.842001,-0.354532,-0.211390,-0.882470,0.225538,-0.224874,-0.097270,-0.312649,0.293405,0.137376,-0.355298
0.760000,0.760000,step,0.474774,0.000000,0.454249,-0.002542,0.551071,0.023232,0.524348,0.236769,0.755929,-1.010206,-7.849744,-0.351821,-0.215018,-0.883164,0.223632,-0.223470,-0.100974,-0.312870,0.293199,0.138922,-0.326234
0.780000,0.780000,step,0.484626,0.000000,0.465605,-0.002458,0.498292,0.019837,0.517445,0.232438,0.754197,-1.010638,-7.857496,-0.349167,-0.218513,-0.883769,0.222007,-0.222176,-0.104382,-0.313061,0.292300,0.139602,-0.296538
0.800000,0.800000,step,0.493273,0.000000,0.475772,-0.002384,0.444079,0.016430,0.513052,0.229113,0.752470,-1.011071,-7.865256,-0.346585,-0.221871,-0.884285,0.220663,-0.221001,-0.107504,-0.313221,0.290809,0.139467,-0.266596
0.820000,0.820000,step,0.500715,0.000000,0.484729,-0.002322,0.389212,0.013070,0.511257,0.226804,0.750749,-1.011508,-7.873027,-0.344083,-0.225090,-0.884713,0.219598,-0.219946,-0.110355,-0.313348,0.288829,0.138595,-0.236809
0.840000,0.840000,step,0.506971,0.000000,0.492476,-0.002270,0.334555,0.009848,0.511793,0.225394,0.749038,-1.011952,-7.880808,-0.341669,-0.228171,-0.885056,0.218806,-0.219011,-0.112953,-0.313441,0.286440,0.137068,-0.207537
0.860000,0.860000,step,0.512081,0.000000,0.499029,-0.002230,0.280970,0.006818,0.514365,0.224781,0.747338,-1.012402,-7.888599,-0.339350,-0.231116,-0.885315,0.218278,-0.218193,-0.115318,-0.313498,0.283706,0.134974,-0.179102
0.880000,0.880000,step,0.516103,0.000000,0.504427,-0.002201,0.229440,0.003794,0.518644,0.225257,0.745653,-1.012859,-7.896401,-0.337129,-0.233927,-0.885493,0.218001,-0.217485,-0.117474,-0.313519,0.280682,0.132410,-0.151841
0.900000,0.900000,step,0.519118,0.000000,0.508726,-0.002181,0.180993,0.000666,0.526787,0.222365,0.743982,-1.013325,-7.904213,-0.335008,-0.236611,-0.885595,0.217960,-0.216876,-0.119446,-0.313504,0.277442,0.129490,-0.126175
0.920000,0.920000,step,0.521231,0.000000,0.512003,-0.002172,0.135234,0.000000,0.536892,0.219877,0.742327,-1.013799,-7.912036,-0.332985,-0.239176,-0.885625,0.218136,-0.216355,-0.121261,-0.313454,0.273996,0.126297,-0.102510
0.940000,0.940000,step,0.522568,0.000000,0.514358,-0.002171,0.093958,0.000000,0.548833,0.218570,0.740688,-1.014282,-7.919865,-0.331057,-0.241630,-0.885591,0.218505,-0.215907,-0.122951,-0.313370,0.270428,0.122954,-0.081268
0.960000,0.960000,step,0.523285,0.000000,0.515908,-0.002182,0.058309,0.000000,0.564314,0.218505,0.739065,-1.014771,-7.927704,-0.329219,-0.243985,-0.885499,0.219039,-0.215515,-0.124550,-0.313254,0.266801,0.119574,-0.062865
0.980000,0.980000,step,0.523559,0.000000,0.516797,-0.002205,0.029840,0.000000,0.583125,0.219953,0.737457,-1.015267,-7.935551,-0.327458,-0.246253,-0.885359,0.219705,-0.215157,-0.126102,-0.313107,0.263287,0.116331,-0.048304
1.000000,1.000000,step,0.523600,0.000000,0.517202,-0.002242,0.010251,0.000000,0.603785,0.223102,0.735863,-1.015769,-7.943406,-0.325761,-0.248456,-0.885182,0.220460,-0.214807,-0.127657,-0.312932,0.260084,0.113416,-0.038740
1.020000,1.020000,step,0.523600,0.000000,0.517354,-0.002301,0.002650,0.000000,0.615514,0.228685,0.734280,-1.016274,-7.951269,-0.324104,-0.250618,-0.884984,0.221249,-0.214427,-0.129289,-0.312732,0.257600,0.111150,-0.036396
1.040000,1.040000,step,0.523600,0.000000,0.517407,-0.002344,0.000407,0.000000,0.618508,0.233499,0.732706,-1.016781,-7.959135,-0.322472,-0.252757,-0.884776,0.222030,-0.214007,-0.130994,-0.312509,0.254876,0.109002,-0.036381
1.060000,1.060000,step,0.523600,0.000000,0.517434,-0.002365,0.000716,0.000000,0.615645,0.236138,0.731140,-1.017289,-7.967010,-0.320863,-0.254873,-0.884562,0.222792,-0.213550,-0.132761,-0.312264,0.251566,0.106778,-0.036690
1.080000,1.080000,step,0.523600,0.000000,0.517468,-0.002366,0.001865,0.000000,0.609505,0.236747,0.729580,-1.017797,-7.974890,-0.319280,-0.256959,-0.884344,0.223535,-0.213066,-0.134570,-0.312000,0.247503,0.104375,-0.036139
1.100000,1.100000,step,0.523600,0.000000,0.517517,-0.002352,0.003031,0.000000,0.601337,0.235681,0.728027,-1.018304,-7.982776,-0.317731,-0.259006,-0.884120,0.224266,-0.212565,-0.136401,-0.311721,0.242656,0.101766,-0.034208
1.120000,1.120000,step,0.523600,0.000000,0.517580,-0.002326,0.003833,0.000000,0.592634,0.233354,0.726480,-1.018811,-7.990663,-0.316222,-0.261001,-0.883888,0.224997,-0.212057,-0.138231,-0.311430,0.237064,0.098957,-0.030715
1.140000,1.140000,step,0.523600,0.000000,0.517651,-0.002293,0.004237,0.000000,0.584244,0.230194,0.724938,-1.019319,-7.998558,-0.314761,-0.262935,-0.883648,0.225737,-0.211555,-0.140043,-0.311131,0.230815,0.095983,-0.025738
1.160000,1.160000,step,0.523600,0.000000,0.517724,-0.002256,0.004339,0.000000,0.576418,0.226573,0.723402,-1.019825,-8.006456,-0.313355,-0.264799,-0.883396,0.226497,-0.211068,-0.141820,-0.310827,0.224010,0.092887,-0.019453
1.180000,1.180000,step,0.523600,0.000000,0.517798,-0.002218,0.004247,0.000000,0.569195,0.222750,0.721871,-1.020332,-8.014355,-0.312009,-0.266585,-0.883133,0.227287,-0.210605,-0.143547,-0.310522,0.216751,0.089709,-0.012045
1.200000,1.200000,step,0.523600,0.000000,0.517869,-0.002179,0.004043,0.000000,0.562560,0.218898,0.720345,-1.020837,-8.022257,-0.310727,-0.268286,-0.882857,0.228112,-0.210174,-0.145211,-0.310219,0.209133,0.086486,-0.003678
1.220000,1.220000,step,0.523600,0.000000,0.517938,-0.002143,0.003776,0.000000,0.556376,0.215161,0.718824,-1.021342,-8.030163,-0.309513,-0.269898,-0.882567,0.228981,-0.209783,-0.146799,-0.309921,0.201239,0.083249,0.005508
1.240000,1.240000,step,0.523600,0.000000,0.518004,-0.002108,0.003476,0.000000,0.550584,0.211626,0.717308,-1.021847,-8.038074,-0.308370,-0.271416,-0.882263,0.229899,-0.209436,-0.148301,-0.309631,0.193145,0.080023,0.015384
1.260000,1.260000,step,0.523600,0.000000,0.518066,-0.002075,0.003169,0.000000,0.545151,0.208302,0.715797,-1.022352,-8.045985,-0.307299,-0.272837,-0.881944,0.230871,-0.209140,-0.149709,-0.309352,0.184915,0.076829,0.025816
1.280000,1.280000,step,0.523600,0.000000,0.518126,-0.002045,0.002868,0.000000,0.540064,0.205196,0.714292,-1.022857,-8.053903,-0.306304,-0.274159,-0.881610,0.231902,-0.208900,-0.151011,-0.309087,0.176611,0.073682,0.036680
1.300000,1.300000,step,0.523600,0.000000,0.518182,-0.002016,0.002571,0.000000,0.535280,0.202316,0.712791,-1.023362,-8.061822,-0.305384,-0.275381,-0.881260,0.232994,-0.208720,-0.152201,-0.308837,0.168285,0.070597,0.047870
1.320000,1.320000,step,0.523600,0.000000,0.518234,-0.001990,0.002277,0.000000,0.530830,0.199671,0.711296,-1.023868,-8.069748,-0.304540,-0.276501,-0.880895,0.234151,-0.208603,-0.153272,-0.308604,0.159989,0.067585,0.059278
1.340000,1.340000,step,0.523600,0.000000,0.518283,-0.001967,0.001988,0.000000,0.526715,0.197274,0.709807,-1.024374,-8.077674,-0.303771,-0.277519,-0.880514,0.235374,-0.208552,-0.154219,-0.308390,0.151771,0.064657,0.070800
1.360000,1.360000,step,0.523600,0.000000,0.518328,-0.001946,0.001715,0.000000,0.522950,0.195131,0.708323,-1.024882,-8.085600,-0.303078,-0.278437,-0.880117,0.236664,-0.208567,-0.155037,-0.308197,0.143674,0.061821,0.082331
1.380000,1.380000,step,0.523600,0.000000,0.518370,-0.001928,0.001528,0.000000,0.519277,0.193242,0.706846,-1.025392,-8.093534,-0.302460,-0.279256,-0.879704,0.238023,-0.208651,-0.155723,-0.308023,0.135751,0.059091,0.093725
1.400000,1.400000,step,0.523600,0.000000,0.518410,-0.001912,0.001386,0.000000,0.515724,0.191576,0.705376,-1.025903,-8.101470,-0.301913,-0.279977,-0.879275,0.239450,-0.208803,-0.156275,-0.307872,0.128033,0.056472,0.104926
1.420000,1.420000,step,0.523600,0.000000,0.518447,-0.001898,0.001250,0.000000,0.512342,0.190118,0.703913,-1.026418,-8.109407,-0.301438,-0.280604,-0.878831,0.240943,-0.209022,-0.156691,-0.307742,0.120558,0.053968,0.115883
1.440000,1.440000,step,0.523600,0.000000,0.518482,-0.001886,0.001138,0.000000,0.509172,0.188869,0.702458,-1.026935,-8.117350,-0.301031,-0.281138,-0.878371,0.242501,-0.209308,-0.156970,-0.307634,0.113367,0.051587,0.126512
1.460000,1.460000,step,0.523600,0.000000,0.518514,-0.001876,0.001022,0.000000,0.506253,0.187824,0.701011,-1.027457,-8.125294,-0.300690,-0.281584,-0.877895,0.244124,-0.209658,-0.157113,-0.307548,0.106487,0.049333,0.136760
1.480000,1.480000,step,0.523600,0.000000,0.518542,-0.001868,0.000893,0.000000,0.503669,0.186986,0.699572,-1.027982,-8.133242,-0.300412,-0.281945,-0.877404,0.245807,-0.210070,-0.157121,-0.307484,0.099945,0.047208,0.146567
1.500000,1.500000,step,0.523600,0.000000,0.518568,-0.001862,0.000745,0.000000,0.501469,0.186359,0.698143,-1.028512,-8.141191,-0.300193,-0.282226,-0.876899,0.247549,-0.210542,-0.156996,-0.307442,0.093775,0.045218,0.155854
1.520000,1.520000,step,0.523600,0.000000,0.518589,-0.001859,0.000583,0.000000,0.499724,0.185949,0.696723,-1.029047,-8.149144,-0.300031,-0.282431,-0.876379,0.249346,-0.211071,-0.156742,-0.307420,0.088012,0.043374,0.164529
1.540000,1.540000,step,0.523600,0.000000,0.518606,-0.001857,0.000410,0.000000,0.498453,0.185760,0.695313,-1.029588,-8.157104,-0.299921,-0.282566,-0.875846,0.251194,-0.211650,-0.156364,-0.307417,0.082692,0.041683,0.172511
1.560000,1.560000,step,0.523600,0.000000,0.518617,-0.001858,0.000235,0.000000,0.497685,0.185787,0.693914,-1.030134,-8.165065,-0.299857,-0.282636,-0.875299,0.253088,-0.212277,-0.155867,-0.307433,0.077847,0.040155,0.179734
1.580000,1.580000,step,0.523600,0.000000,0.518624,-0.001861,0.000060,0.000000,0.497403,0.186018,0.692526,-1.030687,-8.173026,-0.299837,-0.282648,-0.874740,0.255024,-0.212944,-0.155259,-0.307466,0.073505,0.038797,0.186146
1.600000,1.600000,step,0.523600,0.000000,0.518626,-0.001866,-0.000112,0.000000,0.497575,0.186438,0.691149,-1.031246,-8.180993,-0.299854,-0.282608,-0.874170,0.256997,-0.213648,-0.154548,-0.307516,0.069690,0.037615,0.191710
1.620000,1.620000,step,0.523600,0.000000,0.518624,-0.001872,-0.000277,-0.000000,0.498224,0.187031,0.689783,-1.031814,-8.188964,-0.299903,-0.282524,-0.873589,0.258999,-0.214381,-0.153741,-0.307581,0.066420,0.036611,0.196401
1.640000,1.640000,step,0.523600,0.000000,0.518616,-0.001880,-0.000432,-0.000000,0.499321,0.187781,0.688429,-1.032388,-8.196935,-0.299979,-0.282401,-0.872999,0.261027,-0.215138,-0.152849,-0.307661,0.063710,0.035790,0.200209
1.660000,1.660000,step,0.523600,0.000000,0.518605,-0.001889,-0.000575,-0.000000,0.500835,0.188669,0.687087,-1.032970,-8.204912,-0.300075,-0.282247,-0.872401,0.263073,-0.215913,-0.151882,-0.307752,0.061568,0.035152,0.203135
1.680000,1.680000,step,0.523600,0.000000,0.518589,-0.001899,-0.000708,-0.000000,0.502724,0.189677,0.685757,-1.033560,-8.212891,-0.300187,-0.282070,-0.871796,0.265134,-0.216699,-0.150848,-0.307855,0.059998,0.034696,0.205191
1.700000,1.700000,step,0.523600,0.000000,0.518569,-0.001911,-0.000835,-0.000000,0.504948,0.190789,0.684439,-1.034159,-8.220873,-0.300309,-0.281876,-0.871184,0.267203,-0.217492,-0.149759,-0.307968,0.058996,0.034419,0.206403
1.720000,1.720000,step,0.523600,0.000000,0.518546,-0.001923,-0.001006,-0.000000,0.507641,0.191994,0.683133,-1.034765,-8.228858,-0.300436,-0.281673,-0.870568,0.269277,-0.218286,-0.148624,-0.308090,0.058548,0.034313,0.206838
1.740000,1.740000,step,0.523600,0.000000,0.518519,-0.001937,-0.001231,-0.000000,0.510922,0.193305,0.681839,-1.035380,-8.236846,-0.300562,-0.281466,-0.869948,0.271349,-0.219076,-0.147454,-0.308219,0.058640,0.034371,0.206536
1.760000,1.760000,step,0.523600,0.000000,0.518487,-0.001951,-0.001475,-0.000000,0.514727,0.194734,0.680556,-1.036004,-8.244838,-0.300682,-0.281263,-0.869325,0.273415,-0.219857,-0.146259,-0.308355,0.059257,0.034590,0.205514
1.780000,1.780000,step,0.523600,0.000000,0.518451,-0.001967,-0.001645,-0.000000,0.518796,0.196273,0.679286,-1.036637,-8.252831,-0.300793,-0.281069,-0.868700,0.275471,-0.220624,-0.145050,-0.308495,0.060392,0.034968,0.203749
1.800000,1.800000,step,0.523600,0.000000,0.518413,-0.001983,-0.001715,-0.000000,0.522833,0.197871,0.678027,-1.037277,-8.260828,-0.300888,-0.280892,-0.868074,0.277513,-0.221372,-0.143837,-0.308639,0.062019,0.035501,0.201274
1.820000,1.820000,step,0.523600,0.000000,0.518375,-0.001999,-0.001703,-0.000000,0.526713,0.199469,0.676779,-1.037927,-8.268828,-0.300963,-0.280736,-0.867449,0.279536,-0.222097,-0.142630,-0.308785,0.064105,0.036175,0.198155
1.840000,1.840000,step,0.523600,0.000000,0.518336,-0.002014,-0.001634,-0.000000,0.530405,0.201020,0.675542,-1.038585,-8.276831,-0.301015,-0.280607,-0.866826,0.281537,-0.222796,-0.141439,-0.308934,0.066612,0.036977,0.194466
1.860000,1.860000,step,0.523600,0.000000,0.518298,-0.002029,-0.001532,-0.000000,0.533923,0.202496,0.674316,-1.039251,-8.284840,-0.301039,-0.280509,-0.866204,0.283514,-0.223465,-0.140272,-0.309083,0.069497,0.037893,0.190276
1.880000,1.880000,step,0.523600,0.000000,0.518262,-0.002042,-0.001411,-0.000000,0.537251,0.203885,0.673099,-1.039926,-8.292846,-0.301033,-0.280448,-0.865586,0.285464,-0.224103,-0.139137,-0.309231,0.072718,0.038909,0.185650
1.900000,1.900000,step,0.523600,0.000000,0.518227,-0.002055,-0.001327,-0.000000,0.540503,0.205181,0.671893,-1.040610,-8.300857,-0.300994,-0.280425,-0.864971,0.287384,-0.224705,-0.138041,-0.309378,0.076223,0.040006,0.180684
1.920000,1.920000,step,0.523600,0.000000,0.518192,-0.002067,-0.001258,-0.000000,0.543730,0.206404,0.670696,-1.041301,-8.308868,-0.300918,-0.280445,-0.864361,0.289273,-0.225271,-0.136991,-0.309523,0.079970,0.041173,0.175410
1.940000,1.940000,step,0.523600,0.000000,0.518159,-0.002078,-0.001203,-0.000000,0.546905,0.207563,0.669508,-1.042001,-8.316880,-0.300805,-0.280510,-0.863756,0.291128,-0.225800,-0.135994,-0.309665,0.083914,0.042395,0.169880
1.960000,1.960000,step,0.523600,0.000000,0.518126,-0.002089,-0.001154,-0.000000,0.550045,0.208670,0.668330,-1.042709,-8.324896,-0.300653,-0.280622,-0.863157,0.292950,-0.226289,-0.135054,-0.309803,0.088009,0.043660,0.164137
1.980000,1.980000,step,0.523600,0.000000,0.518095,-0.002100,-0.001100,-0.000000,0.553078,0.209728,0.667159,-1.043424,-8.332915,-0.300460,-0.280783,-0.862564,0.294735,-0.226737,-0.134176,-0.309937,0.092212,0.044954,0.158221
2.000000,2.000000,step,0.523600,0.000000,0.518064,-0.002110,-0.001070,-0.000000,0.556083,0.210737,0.665997,-1.044147,-8.340939,-0.300225,-0.280993,-0.861977,0.296485,-0.227145,-0.133366,-0.310065,0.096472,0.046261,0.152202
2.020000,2.020000,step,0.523600,0.000000,0.518034,-0.002119,-0.001040,-0.000000,0.559005,0.211709,0.664842,-1.044877,-8.348964,-0.299949,-0.281253,-0.861397,0.298199,-0.227511,-0.132625,-0.310187,0.100751,0.047570,0.146103
2.040000,2.040000,step,0.523600,0.000000,0.518005,-0.002129,-0.001002,-0.000000,0.561837,0.212643,0.663694,-1.045615,-8.356992,-0.299630,-0.281563,-0.860825,0.299874,-0.227836,-0.131957,-0.310303,0.105005,0.048870,0.139963
2.060000,2.060000,step,0.523600,0.000000,0.517977,-0.002138,-0.000960,-0.000000,0.564520,0.213537,0.662553,-1.046360,-8.365022,-0.299270,-0.281924,-0.860260,0.301512,-0.228119,-0.131365,-0.310411,0.109194,0.050147,0.133825
2.080000,2.080000,step,0.523600,0.000000,0.517950,-0.002146,-0.000911,-0.000000,0.567079,0.214386,0.661418,-1.047112,-8.373052,-0.298867,-0.282333,-0.859703,0.303112,-0.228361,-0.130849,-0.310512,0.113278,0.051391,0.127725
2.100000,2.100000,step,0.523600,0.000000,0.517925,-0.002154,-0.000858,-0.000000,0.569463,0.215189,0.660289,-1.047870,-8.381086,-0.298425,-0.282791,-0.859154,0.304674,-0.228562,-0.130411,-0.310605,0.117221,0.052591,0.121701
2.120000,2.120000,step,0.523600,0.000000,0.517902,-0.002161,-0.000801,-0.000000,0.571684,0.215942,0.659166,-1.048635,-8.389120,-0.297942,-0.283296,-0.858613,0.306198,-0.228724,-0.130052,-0.310689,0.120988,0.053736,0.115791
2.140000,2.140000,step,0.523600,0.000000,0.517880,-0.002168,-0.000741,-0.000000,0.573724,0.216640,0.658048,-1.049405,-8.397155,-0.297421,-0.283844,-0.858081,0.307686,-0.228846,-0.129769,-0.310764,0.124551,0.054819,0.110028
2.160000,2.160000,step,0.523600,0.000000,0.517860,-0.002174,-0.000677,-0.000000,0.575567,0.217282,0.656935,-1.050182,-8.405190,-0.296863,-0.284436,-0.857556,0.309137,-0.228929,-0.129564,-0.310830,0.127885,0.055834,0.104449
2.180000,2.180000,step,0.523600,0.000000,0.517842,-0.002180,-0.000611,-0.000000,0.577216,0.217862,0.655827,-1.050965,-8.413228,-0.296271,-0.285067,-0.857040,0.310553,-0.228976,-0.129434,-0.310887,0.130970,0.056774,0.099087
2.200000,2.200000,step,0.523600,0.000000,0.517826,-0.002185,-0.000541,-0.000000,0.578661,0.218377,0.654722,-1.051753,-8.421267,-0.295646,-0.285735,-0.856532,0.311933,-0.228988,-0.129377,-0.310934,0.133787,0.057636,0.093971
2.220000,2.220000,step,0.523600,0.000000,0.517812,-0.002189,-0.000470,-0.000000,0.579897,0.218823,0.653622,-1.052547,-8.429308,-0.294990,-0.286438,-0.856031,0.313280,-0.228966,-0.129391,-0.310971,0.136322,0.058415,0.089131
2.240000,2.240000,step,0.523600,0.000000,0.517800,-0.002193,-0.000394,-0.000000,0.580919,0.219197,0.652525,-1.053345,-8.437349,-0.294307,-0.287172,-0.855538,0.314595,-0.228912,-0.129473,-0.310999,0.138561,0.059109,0.084594
2.260000,2.260000,step,0.523600,0.000000,0.517791,-0.002196,-0.000315,-0.000000,0.581710,0.219494,0.651431,-1.054149,-8.445393,-0.293598,-0.287934,-0.855052,0.315879,-0.228829,-0.129620,-0.311018,0.140495,0.059714,0.080391
2.280000,2.280000,step,0.523600,0.000000,0.517783,-0.002197,-0.000235,-0.000000,0.582262,0.219709,0.650340,-1.054956,-8.453435,-0.292866,-0.288720,-0.854574,0.317134,-0.228717,-0.129827,-0.311028,0.142116,0.060228,0.076550
2.300000,2.300000,step,0.523600,0.000000,0.517778,-0.002199,-0.000152,-0.000000,0.582581,0.219837,0.649252,-1.055769,-8.461479,-0.292113,-0.289527,-0.854101,0.318364,-0.228579,-0.130090,-0.311028,0.143420,0.060649,0.073092
2.320000,2.320000,step,0.523600,0.000000,0.517775,-0.002199,-0.000069,-0.000000,0.582678,0.219877,0.648166,-1.056586,-8.469525,-0.291343,-0.290351,-0.853635,0.319567,-0.228418,-0.130405,-0.311021,0.144406,0.060977,0.070038
2.340000,2.340000,step,0.523600,0.000000,0.517775,-0.002198,0.000013,-0.000000,0.582527,0.219827,0.647082,-1.057407,-8.477569,-0.290559,-0.291189,-0.853173,0.320749,-0.228236,-0.130766,-0.311005,0.145077,0.061213,0.067403
2.360000,2.360000,step,0.523600,0.000000,0.517777,-0.002196,0.000093,0.000000,0.582160,0.219686,0.646001,-1.058231,-8.485611,-0.289764,-0.292037,-0.852716,0.321911,-0.228036,-0.131169,-0.310981,0.145437,0.061358,0.065195
2.380000,2.380000,step,0.523600,0.000000,0.517781,-0.002194,0.000171,0.000000,0.581584,0.219457,0.644921,-1.059059,-8.493652,-0.288961,-0.292891,-0.852262,0.323056,-0.227820,-0.131608,-0.310951,0.145494,0.061413,0.063420
2.400000,2.400000,step,0.523600,0.000000,0.517787,-0.002190,0.000245,0.000000,0.580797,0.219141,0.643842,-1.059891,-8.501694,-0.288152,-0.293749,-0.851812,0.324186,-0.227592,-0.132077,-0.310914,0.145260,0.061383,0.062082
2.420000,2.420000,step,0.523600,0.000000,0.517795,-0.002186,0.000315,0.000000,0.579814,0.218742,0.642766,-1.060726,-8.509734,-0.287340,-0.294606,-0.851363,0.325305,-0.227353,-0.132572,-0.310871,0.144746,0.061270,0.061176
2.440000,2.440000,step,0.523600,0.000000,0.517805,-0.002181,0.000380,0.000000,0.578656,0.218264,0.641690,-1.061564,-8.517776,-0.286529,-0.295460,-0.850916,0.326414,-0.227107,-0.133087,-0.310823,0.143965,0.061079,0.060698
2.460000,2.460000,step,0.523600,0.000000,0.517817,-0.002176,0.000440,0.000000,0.577341,0.217713,0.640616,-1.062406,-8.525820,-0.285721,-0.296306,-0.850470,0.327517,-0.226855,-0.133616,-0.310772,0.142935,0.060814,0.060635
2.480000,2.480000,step,0.523600,0.000000,0.517830,-0.002169,0.000494,0.000000,0.575881,0.217096,0.639543,-1.063250,-8.533863,-0.284919,-0.297143,-0.850023,0.328615,-0.226602,-0.134154,-0.310716,0.141673,0.060479,0.060976
2.500000,2.500000,step,0.523600,0.000000,0.517845,-0.002162,0.000541,0.000000,0.574297,0.216421,0.638471,-1.064097,-8.541906,-0.284126,-0.297966,-0.849576,0.329711,-0.226349,-0.134696,-0.310658,0.140196,0.060079,0.061703
2.520000,2.520000,step,0.523600,0.000000,0.517861,-0.002155,0.000582,0.000000,0.572609,0.215697,0.637400,-1.064947,-8.549948,-0.283343,-0.298775,-0.849127,0.330809,-0.226100,-0.135236,-0.310598,0.138524,0.059621,0.062795
2.540000,2.540000,step,0.523600,0.000000,0.517878,-0.002147,0.000616,0.000000,0.570827,0.214931,0.636331,-1.065800,-8.557989,-0.282573,-0.299566,-0.848674,0.331910,-0.225855,-0.135770,-0.310537,0.136678,0.059109,0.064233
2.560000,2.560000,step,0.523600,0.000000,0.517896,-0.002139,0.000643,0.000000,0.568983,0.214133,0.635263,-1.066655,-8.566029,-0.281818,-0.300337,-0.848219,0.333017,-0.225618,-0.136292,-0.310476,0.134676,0.058549,0.065990
2.580000,2.580000,step,0.523600,0.000000,0.517914,-0.002131,0.000662,0.000000,0.567084,0.213312,0.634196,-1.067513,-8.574067,-0.281080,-0.301087,-0.847760,0.334131,-0.225391,-0.136800,-0.310414,0.132541,0.057947,0.068040
2.600000,2.600000,step,0.523600,0.000000,0.517933,-0.002123,0.000674,0.000000,0.565152,0.212477,0.633130,-1.068374,-8.582105,-0.280360,-0.301813,-0.847296,0.335255,-0.225176,-0.137288,-0.310355,0.130293,0.057308,0.070356
2.620000,2.620000,step,0.523600,0.000000,0.517952,-0.002114,0.000680,0.000000,0.563223,0.211638,0.632065,-1.069237,-8.590142,-0.279661,-0.302514,-0.846828,0.336390,-0.224974,-0.137752,-0.310296,0.127951,0.056638,0.072907
2.640000,2.640000,step,0.523600,0.000000,0.517972,-0.002106,0.000679,0.000000,0.561289,0.210804,0.631002,-1.070104,-8.598179,-0.278982,-0.303189,-0.846353,0.337537,-0.224786,-0.138189,-0.310241,0.125538,0.055943,0.075664
2.660000,2.660000,step,0.523600,0.000000,0.517991,-0.002098,0.000672,0.000000,0.559392,0.209983,0.629941,-1.070972,-8.606216,-0.278325,-0.303838,-0.845872,0.338700,-0.224616,-0.138597,-0.310188,0.123073,0.055227,0.078595
2.680000,2.680000,step,0.523600,0.000000,0.518010,-0.002090,0.000659,0.000000,0.557520,0.209184,0.628882,-1.071843,-8.614254,-0.277692,-0.304458,-0.845385,0.339878,-0.224463,-0.138971,-0.310138,0.120576,0.054496,0.081669
2.700000,2.700000,step,0.523600,0.000000,0.518028,-0.002082,0.000639,0.000000,0.555698,0.208413,0.627824,-1.072717,-8.622293,-0.277082,-0.305051,-0.844890,0.341072,-0.224330,-0.139310,-0.310093,0.118066,0.053756,0.084857
2.720000,2.720000,step,0.523600,0.000000,0.518046,-0.002075,0.000614,0.000000,0.553952,0.207676,0.626769,-1.073594,-8.630331,-0.276496,-0.305615,-0.844388,0.342283,-0.224216,-0.139611,-0.310052,0.115562,0.053012,0.088125
2.740000,2.740000,step,0.523600,0.000000,0.518064,-0.002068,0.000584,0.000000,0.552284,0.206983,0.625716,-1.074474,-8.638370,-0.275935,-0.306151,-0.843878,0.343512,-0.224122,-0.139874,-0.310015,0.113082,0.052270,0.091444
2.760000,2.760000,step,0.523600,0.000000,0.518080,-0.002062,0.000550,0.000000,0.550715,0.206335,0.624665,-1.075356,-8.646406,-0.275398,-0.306659,-0.843360,0.344760,-0.224049,-0.140096,-0.309983,0.110644,0.051535,0.094783
2.780000,2.780000,step,0.523600,0.000000,0.518096,-0.002056,0.000512,0.000000,0.549241,0.205740,0.623617,-1.076241,-8.654441,-0.274885,-0.307139,-0.842835,0.346026,-0.223998,-0.140276,-0.309956,0.108264,0.050811,0.098116
2.800000,2.800000,step,0.523600,0.000000,0.518110,-0.002051,0.000471,0.000000,0.547889,0.205200,0.622572,-1.077129,-8.662478,-0.274396,-0.307592,-0.842300,0.347310,-0.223967,-0.140414,-0.309935,0.105959,0.050104,0.101414
2.820000,2.820000,step,0.523600,0.000000,0.518124,-0.002046,0.000426,0.000000,0.546645,0.204718,0.621531,-1.078020,-8.670518,-0.273929,-0.308019,-0.841758,0.348613,-0.223958,-0.140510,-0.309919,0.103742,0.049418,0.104648
2.840000,2.840000,step,0.523600,0.000000,0.518136,-0.002042,0.000378,0.000000,0.545555,0.204298,0.620492,-1.078915,-8.678555,-0.273485,-0.308420,-0.841207,0.349935,-0.223968,-0.140563,-0.309909,0.101630,0.048758,0.107788
2.860000,2.860000,step,0.523600,0.000000,0.518147,-0.002039,0.000327,0.000000,0.544584,0.203944,0.619457,-1.079812,-8.686594,-0.273063,-0.308797,-0.840647,0.351274,-0.223999,-0.140575,-0.309903,0.099633,0.048127,0.110809
2.880000,2.880000,step,0.523600,0.000000,0.518156,-0.002036,0.000274,0.000000,0.543775,0.203653,0.618426,-1.080713,-8.694632,-0.272661,-0.309151,-0.840079,0.352631,-0.224049,-0.140546,-0.309904,0.097766,0.047530,0.113684
2.900000,2.900000,step,0.523600,0.000000,0.518164,-0.002034,0.000220,0.000000,0.543102,0.203429,0.617399,-1.081617,-8.702668,-0.272278,-0.309483,-0.839504,0.354003,-0.224118,-0.140477,-0.309910,0.096037,0.046971,0.116390
2.920000,2.920000,step,0.523600,0.000000,0.518170,-0.002032,0.000167,0.000000,0.542589,0.203271,0.616375,-1.082525,-8.710708,-0.271913,-0.309795,-0.838921,0.355390,-0.224204,-0.140370,-0.309920,0.094457,0.046452,0.118907
2.940000,2.940000,step,0.523600,0.000000,0.518175,-0.002032,0.000112,-0.000000,0.542210,0.203176,0.615357,-1.083435,-8.718746,-0.271564,-0.310090,-0.838330,0.356791,-0.224306,-0.140226,-0.309936,0.093033,0.045977,0.121218
2.960000,2.960000,step,0.523600,0.000000,0.518179,-0.002031,0.000059,0.000000,0.541986,0.203143,0.614342,-1.084350,-8.726785,-0.271230,-0.310368,-0.837732,0.358205,-0.224422,-0.140049,-0.309956,0.091772,0.045548,0.123308
2.980000,2.980000,step,0.523600,0.000000,0.518180,-0.002032,0.000008,0.000000,0.541928,0.203169,0.613333,-1.085268,-8.734826,-0.270908,-0.310631,-0.837128,0.359630,-0.224553,-0.139839,-0.309981,0.090679,0.045168,0.125163
3.000000,3.000000,step,0.523600,0.000000,0.518181,-0.002033,-0.000042,0.000000,0.541979,0.203251,0.612328,-1.086190,-8.742864,-0.270599,-0.310881,-0.836517,0.361065,-0.224695,-0.139600,-0.310010,0.089759,0.044837,0.126778
3.020000,3.020000,step,0.523600,0.000000,0.518180,-0.002034,-0.000090,-0.000000,0.542172,0.203385,0.611328,-1.087116,-8.750906,-0.270299,-0.311121,-0.835901,0.362509,-0.224848,-0.139335,-0.310043,0.089012,0.044558,0.128144
3.040000,3.040000,step,0.523600,0.000000,0.518178,-0.002036,-0.000136,0.000000,0.542490,0.203567,0.610333,-1.088045,-8.758948,-0.270006,-0.311352,-0.835279,0.363959,-0.225010,-0.139045,-0.310079,0.088440,0.044331,0.129258
3.060000,3.060000,step,0.523600,0.000000,0.518175,-0.002039,-0.000178,-0.000000,0.542934,0.203795,0.609344,-1.088978,-8.766987,-0.269720,-0.311576,-0.834652,0.365415,-0.225179,-0.138735,-0.310118,0.088043,0.044157,0.130119
3.080000,3.080000,step,0.523600,0.000000,0.518170,-0.002041,-0.000217,-0.000000,0.543484,0.204062,0.608359,-1.089915,-8.775026,-0.269437,-0.311796,-0.834020,0.366875,-0.225354,-0.138407,-0.310160,0.087818,0.044036,0.130729
3.100000,3.100000,step,0.523600,0.000000,0.518164,-0.002044,-0.000253,-0.000000,0.544136,0.204366,0.607380,-1.090856,-8.783067,-0.269156,-0.312012,-0.833385,0.368338,-0.225533,-0.138064,-0.310204,0.087761,0.043967,0.131091
3.120000,3.120000,step,0.523600,0.000000,0.518158,-0.002048,-0.000285,-0.000000,0.544878,0.204701,0.606406,-1.091802,-8.791107,-0.268876,-0.312228,-0.832746,0.369803,-0.225715,-0.137710,-0.310251,0.087868,0.043948,0.131211
3.140000,3.140000,step,0.523600,0.000000,0.518150,-0.002052,-0.000314,-0.000000,0.545696,0.205061,0.605437,-1.092751,-8.799150,-0.268595,-0.312443,-0.832105,0.371265,-0.225898,-0.137347,-0.310299,0.088132,0.043979,0.131097
3.160000,3.160000,step,0.523600,0.000000,0.518142,-0.002055,-0.000338,-0.000000,0.546607,0.205445,0.604474,-1.093704,-8.807194,-0.268310,-0.312661,-0.831462,0.372725,-0.226080,-0.136980,-0.310349,0.088545,0.044057,0.130757
3.180000,3.180000,step,0.523600,0.000000,0.518133,-0.002060,-0.000360,-0.000000,0.547551,0.205847,0.603517,-1.094661,-8.815237,-0.268021,-0.312883,-0.830816,0.374183,-0.226261,-0.136610,-0.310399,0.089100,0.044180,0.130205
3.200000,3.200000,step,0.523600,0.000000,0.518123,-0.002064,-0.000377,-0.000000,0.548559,0.206264,0.602564,-1.095622,-8.823281,-0.267725,-0.313111,-0.830169,0.375638,-0.226438,-0.136240,-0.310450,0.089786,0.044346,0.129450
3.220000,3.220000,step,0.523600,0.000000,0.518113,-0.002068,-0.000392,-0.000000,0.549601,0.206690,0.601617,-1.096586,-8.831324,-0.267422,-0.313345,-0.829521,0.377088,-0.226611,-0.135874,-0.310502,0.090593,0.044551,0.128508
3.240000,3.240000,step,0.523600,0.000000,0.518103,-0.002072,-0.000403,-0.000000,0.550673,0.207122,0.600675,-1.097555,-8.839366,-0.267111,-0.313588,-0.828873,0.378530,-0.226778,-0.135514,-0.310553,0.091511,0.044793,0.127391
3.260000,3.260000,step,0.523600,0.000000,0.518092,-0.002077,-0.000409,-0.000000,0.551786,0.207558,0.599738,-1.098528,-8.847407,-0.266788,-0.313840,-0.828224,0.379965,-0.226938,-0.135164,-0.310603,0.092526,0.045069,0.126115
3.280000,3.280000,step,0.523600,0.000000,0.518081,-0.002081,-0.000413,-0.000000,0.552895,0.207996,0.598806,-1.099505,-8.855450,-0.266454,-0.314103,-0.827576,0.381392,-0.227091,-0.134824,-0.310654,0.093627,0.045373,0.124696
3.300000,3.300000,step,0.523600,0.000000,0.518069,-0.002085,-0.000413,-0.000000,0.554018,0.208430,0.597880,-1.100486,-8.863493,-0.266108,-0.314376,-0.826929,0.382809,-0.227235,-0.134499,-0.310703,0.094801,0.045704,0.123150
3.320000,3.320000,step,0.523600,0.000000,0.518058,-0.002090,-0.000410,-0.000000,0.555125,0.208858,0.596958,-1.101471,-8.871537,-0.265749,-0.314662,-0.826283,0.384217,-0.227369,-0.134189,-0.310751,0.096034,0.046055,0.121494
3.340000,3.340000,step,0.523600,0.000000,0.518047,-0.002094,-0.000405,-0.000000,0.556209,0.209276,0.596041,-1.102459,-8.879583,-0.265375,-0.314960,-0.825638,0.385614,-0.227493,-0.133896,-0.310797,0.097314,0.046424,0.119745
3.360000,3.360000,step,0.523600,0.000000,0.518037,-0.002098,-0.000397,-0.000000,0.557278,0.209682,0.595129,-1.103452,-8.887630,-0.264988,-0.315272,-0.824995,0.387000,-0.227606,-0.133623,-0.310842,0.098627,0.046807,0.117919
3.380000,3.380000,step,0.523600,0.000000,0.518026,-0.002102,-0.000387,-0.000000,0.558299,0.210073,0.594222,-1.104448,-8.895675,-0.264585,-0.315597,-0.824354,0.388374,-0.227708,-0.133371,-0.310885,0.099961,0.047198,0.116033
3.400000,3.400000,step,0.523600,0.000000,0.518016,-0.002105,-0.000374,-0.000000,0.559300,0.210448,0.593319,-1.105448,-8.903721,-0.264168,-0.315936,-0.823714,0.389736,-0.227798,-0.133140,-0.310925,0.101301,0.047596,0.114102
3.420000,3.420000,step,0.523600,0.000000,0.518006,-0.002109,-0.000360,-0.000000,0.560247,0.210806,0.592420,-1.106452,-8.911767,-0.263734,-0.316289,-0.823078,0.391086,-0.227877,-0.132932,-0.310963,0.102637,0.047995,0.112145
3.440000,3.440000,step,0.523600,0.000000,0.517996,-0.002112,-0.000343,-0.000000,0.561154,0.211142,0.591526,-1.107460,-8.919814,-0.263286,-0.316655,-0.822444,0.392423,-0.227943,-0.132749,-0.310999,0.103956,0.048392,0.110175
3.460000,3.460000,step,0.523600,0.000000,0.517988,-0.002115,-0.000324,-0.000000,0.562003,0.211458,0.590637,-1.108471,-8.927860,-0.262823,-0.317035,-0.821812,0.393748,-0.227997,-0.132589,-0.311031,0.105247,0.048783,0.108209
3.480000,3.480000,step,0.523600,0.000000,0.517979,-0.002118,-0.000304,-0.000000,0.562803,0.211751,0.589751,-1.109486,-8.935907,-0.262345,-0.317429,-0.821183,0.395060,-0.228040,-0.132455,-0.311061,0.106498,0.049167,0.106262
3.500000,3.500000,step,0.523600,0.000000,0.517971,-0.002121,-0.000282,-0.000000,0.563536,0.212021,0.588869,-1.110504,-8.943954,-0.261852,-0.317835,-0.820557,0.396360,-0.228069,-0.132345,-0.311087,0.107701,0.049539,0.104348
3.520000,3.520000,step,0.523600,0.000000,0.517964,-0.002123,-0.000259,-0.000000,0.564196,0.212263,0.587990,-1.111526,-8.952003,-0.261344,-0.318254,-0.819933,0.397648,-0.228087,-0.132261,-0.311111,0.108846,0.049896,0.102481
3.540000,3.540000,step,0.523600,0.000000,0.517958,-0.002125,-0.000235,-0.000000,0.564792,0.212480,0.587116,-1.112551,-8.960050,-0.260823,-0.318684,-0.819312,0.398923,-0.228094,-0.132200,-0.311132,0.109924,0.050235,0.100673
3.560000,3.560000,step,0.523600,0.000000,0.517952,-0.002127,-0.000210,-0.000000,0.565325,0.212670,0.586245,-1.113579,-8.968099,-0.260287,-0.319126,-0.818694,0.400187,-0.228089,-0.132165,-0.311150,0.110930,0.050555,0.098937
3.580000,3.580000,step,0.523600,0.000000,0.517947,-0.002129,-0.000184,-0.000000,0.565777,0.212832,0.585377,-1.114611,-8.976145,-0.259741,-0.319577,-0.818078,0.401438,-0.228073,-0.132152,-0.311164,0.111856,0.050853,0.097284
3.600000,3.600000,step,0.523600,0.000000,0.517942,-0.002130,-0.000157,-0.000000,0.566152,0.212965,0.584513,-1.115646,-8.984193,-0.259182,-0.320039,-0.817465,0.402680,-0.228046,-0.132163,-0.311176,0.112697,0.051127,0.095725
3.620000,3.620000,step,0.523600,0.000000,0.517939,-0.002131,-0.000131,-0.000000,0.566448,0.213068,0.583652,-1.116684,-8.992240,-0.258613,-0.320509,-0.816854,0.403910,-0.228011,-0.132196,-0.311184,0.113449,0.051376,0.094268
3.640000,3.640000,step,0.523600,0.000000,0.517936,-0.002132,-0.000104,-0.000000,0.566673,0.213142,0.582794,-1.117725,-9.000287,-0.258033,-0.320987,-0.816244,0.405131,-0.227966,-0.132249,-0.311189,0.114108,0.051599,0.092923
3.660000,3.660000,step,0.523600,0.000000,0.517934,-0.002132,-0.000077,-0.000000,0.566830,0.213187,0.581939,-1.118769,-9.008332,-0.257445,-0.321471,-0.815637,0.406342,-0.227912,-0.132322,-0.311192,0.114671,0.051795,0.091696
3.680000,3.680000,step,0.523600,0.000000,0.517932,-0.002132,-0.000051,-0.000000,0.566899,0.213203,0.581087,-1.119816,-9.016380,-0.256849,-0.321961,-0.815032,0.407545,-0.227850,-0.132413,-0.311192,0.115137,0.051963,0.090595
3.700000,3.700000,step,0.523600,0.000000,0.517932,-0.002132,-0.000025,-0.000000,0.566904,0.213190,0.580238,-1.120867,-9.024428,-0.256245,-0.322456,-0.814427,0.408740,-0.227782,-0.132521,-0.311190,0.115505,0.052101,0.089622
3.720000,3.720000,step,0.523600,0.000000,0.517932,-0.002131,-0.000000,0.000000,0.566829,0.213148,0.579392,-1.121920,-9.032475,-0.255636,-0.322954,-0.813825,0.409927,-0.227707,-0.132645,-0.311184,0.115775,0.052210,0.088783
3.740000,3.740000,step,0.523600,0.000000,0.517933,-0.002131,0.000026,0.000000,0.566711,0.213081,0.578548,-1.122976,-9.040525,-0.255022,-0.323456,-0.813222,0.411109,-0.227627,-0.132782,-0.311177,0.115947,0.052291,0.088080
3.760000,3.760000,step,0.523600,0.000000,0.517934,-0.002130,0.000048,0.000000,0.566475,0.212987,0.577707,-1.124034,-9.048574,-0.254405,-0.323959,-0.812620,0.412283,-0.227542,-0.132930,-0.311167,0.116023,0.052343,0.087516
3.780000,3.780000,step,0.523600,0.000000,0.517936,-0.002128,0.000070,0.000000,0.566219,0.212866,0.576869,-1.125095,-9.056623,-0.253785,-0.324462,-0.812018,0.413454,-0.227454,-0.133090,-0.311156,0.116005,0.052366,0.087090
3.800000,3.800000,step,0.523600,0.000000,0.517939,-0.002127,0.000093,0.000000,0.565934,0.212726,0.576033,-1.126159,-9.064672,-0.253164,-0.324965,-0.811416,0.414620,-0.227362,-0.133257,-0.311142,0.115898,0.052363,0.086799
3.820000,3.820000,step,0.523600,0.000000,0.517943,-0.002125,0.000110,0.000000,0.565498,0.212563,0.575200,-1.127226,-9.072719,-0.252542,-0.325467,-0.810813,0.415784,-0.227270,-0.133431,-0.311128,0.115703,0.052332,0.086647
3.840000,3.840000,step,0.523600,0.000000,0.517947,-0.002123,0.000126,0.000000,0.565067,0.212375,0.574369,-1.128296,-9.080768,-0.251919,-0.325967,-0.810209,0.416946,-0.227175,-0.133611,-0.311112,0.115425,0.052276,0.086628
3.860000,3.860000,step,0.523600,0.000000,0.517951,-0.002121,0.000144,0.000000,0.564627,0.212174,0.573541,-1.129367,-9.088818,-0.251299,-0.326462,-0.809605,0.418103,-0.227079,-0.133793,-0.311095,0.115070,0.052195,0.086736
3.880000,3.880000,step,0.523600,0.000000,0.517955,-0.002119,0.000159,0.000000,0.564125,0.211960,0.572714,-1.130441,-9.096864,-0.250680,-0.326954,-0.808999,0.419262,-0.226984,-0.133978,-0.311078,0.114643,0.052089,0.086970
3.900000,3.900000,step,0.523600,0.000000,0.517960,-0.002117,0.000172,0.000000,0.563584,0.211733,0.571891,-1.131518,-9.104911,-0.250065,-0.327442,-0.808391,0.420421,-0.226891,-0.134162,-0.311060,0.114148,0.051962,0.087322
3.920000,3.920000,step,0.523600,0.000000,0.517966,-0.002114,0.000182,0.000000,0.562993,0.211492,0.571070,-1.132597,-9.112959,-0.249454,-0.327923,-0.807781,0.421579,-0.226800,-0.134344,-0.311041,0.113591,0.051813,0.087788
3.940000,3.940000,step,0.523600,0.000000,0.517972,-0.002112,0.000190,0.000000,0.562397,0.211242,0.570251,-1.133679,-9.121008,-0.248848,-0.328399,-0.807168,0.422739,-0.226711,-0.134523,-0.311023,0.112981,0.051646,0.088359
3.960000,3.960000,step,0.523600,0.000000,0.517978,-0.002109,0.000196,0.000000,0.561786,0.210986,0.569435,-1.134763,-9.129054,-0.248247,-0.328869,-0.806552,0.423901,-0.226626,-0.134697,-0.311004,0.112322,0.051462,0.089025
3.980000,3.980000,step,0.523600,0.000000,0.517984,-0.002107,0.000200,0.000000,0.561164,0.210728,0.568622,-1.135849,-9.137105,-0.247653,-0.329330,-0.805935,0.425063,-0.226545,-0.134864,-0.310986,0.111621,0.051263,0.089781
4.000000,4.000000,step,0.523600,0.000000,0.517990,-0.002104,0.000202,0.000000,0.560537,0.210468,0.567811,-1.136938,-9.145151,-0.247066,-0.329784,-0.805313,0.426230,-0.226469,-0.135024,-0.310968,0.110886,0.051051,0.090615
4.020000,4.020000,step,0.523600,0.000000,0.517996,-0.002101,0.000202,0.000000,0.559915,0.210211,0.567003,-1.138029,-9.153199,-0.246486,-0.330230,-0.804687,0.427401,-0.226397,-0.135176,-0.310951,0.110123,0.050828,0.091518
4.040000,4.040000,step,0.523600,0.000000,0.518003,-0.002099,0.000200,0.000000,0.559299,0.209957,0.566197,-1.139122,-9.161248,-0.245913,-0.330669,-0.804057,0.428576,-0.226332,-0.135317,-0.310934,0.109340,0.050596,0.092481
4.060000,4.060000,step,0.523600,0.000000,0.518009,-0.002096,0.000196,0.000000,0.558689,0.209709,0.565395,-1.140218,-9.169293,-0.245347,-0.331099,-0.803423,0.429755,-0.226272,-0.135449,-0.310918,0.108542,0.050358,0.093493
4.080000,4.080000,step,0.523600,0.000000,0.518015,-0.002094,0.000191,0.000000,0.558097,0.209469,0.564594,-1.141317,-9.177341,-0.244790,-0.331520,-0.802785,0.430940,-0.226219,-0.135568,-0.310904,0.107738,0.050114,0.094545
4.100000,4.100000,step,0.523600,0.000000,0.518021,-0.002092,0.000184,0.000000,0.557534,0.209240,0.563797,-1.142417,-9.185385,-0.244242,-0.331932,-0.802142,0.432129,-0.226172,-0.135676,-0.310890,0.106933,0.049869,0.095625
4.120000,4.120000,step,0.523600,0.000000,0.518026,-0.002090,0.000175,0.000000,0.556986,0.209023,0.563003,-1.143519,-9.193430,-0.243702,-0.332336,-0.801495,0.433323,-0.226133,-0.135770,-0.310878,0.106134,0.049623,0.096723
4.140000,4.140000,step,0.523600,0.000000,0.518032,-0.002088,0.000163,0.000000,0.556447,0.208818,0.562212,-1.144624,-9.201473,-0.243170,-0.332730,-0.800843,0.434521,-0.226100,-0.135851,-0.310867,0.105347,0.049379,0.097830
4.160000,4.160000,step,0.523600,0.000000,0.518037,-0.002086,0.000151,0.000000,0.555972,0.208627,0.561425,-1.145731,-9.209517,-0.242648,-0.333116,-0.800188,0.435724,-0.226074,-0.135918,-0.310858,0.104579,0.049138,0.098935
4.180000,4.180000,step,0.523600,0.000000,0.518041,-0.002084,0.000138,0.000000,0.555538,0.208454,0.560640,-1.146841,-9.217559,-0.242134,-0.333493,-0.799528,0.436931,-0.226056,-0.135971,-0.310851,0.103834,0.048902,0.100027
4.200000,4.200000,step,0.523600,0.000000,0.518045,-0.002083,0.000126,0.000000,0.555164,0.208300,0.559859,-1.147953,-9.225602,-0.241628,-0.333862,-0.798863,0.438145,-0.226044,-0.136010,-0.310845,0.103119,0.048673,0.101098
4.220000,4.220000,step,0.523600,0.000000,0.518049,-0.002081,0.000113,0.000000,0.554820,0.208169,0.559081,-1.149067,-9.233645,-0.241129,-0.334223,-0.798192,0.439364,-0.226039,-0.136035,-0.310840,0.102438,0.048454,0.102139
4.240000,4.240000,step,0.523600,0.000000,0.518053,-0.002080,0.000097,0.000000,0.554484,0.208054,0.558307,-1.150183,-9.241691,-0.240639,-0.334577,-0.797517,0.440587,-0.226041,-0.136046,-0.310838,0.101795,0.048244,0.103144
4.260000,4.260000,step,0.523600,0.000000,0.518057,-0.002079,0.000078,-0.000000,0.554158,0.207953,0.557536,-1.151302,-9.249732,-0.240155,-0.334923,-0.796839,0.441814,-0.226050,-0.136044,-0.310837,0.101194,0.048046,0.104105
4.280000,4.280000,step,0.523600,0.000000,0.518059,-0.002079,0.000062,0.000000,0.553971,0.207869,0.556769,-1.152424,-9.257778,-0.239678,-0.335263,-0.796154,0.443048,-0.226065,-0.136029,-0.310837,0.100639,0.047861,0.105011
4.300000,4.300000,step,0.523600,0.000000,0.518061,-0.002078,0.000048,0.000000,0.553822,0.207813,0.556005,-1.153547,-9.265821,-0.239207,-0.335596,-0.795466,0.444284,-0.226086,-0.136001,-0.310839,0.100134,0.047690,0.105856
4.320000,4.320000,step,0.523600,0.000000,0.518063,-0.002078,0.000032,0.000000,0.553678,0.207777,0.555245,-1.154673,-9.273864,-0.238742,-0.335924,-0.794774,0.445524,-0.226111,-0.135961,-0.310842,0.099681,0.047534,0.106639
4.340000,4.340000,step,0.523600,0.000000,0.518064,-0.002078,0.000013,0.000000,0.553554,0.207754,0.554489,-1.155801,-9.281908,-0.238281,-0.336246,-0.794077,0.446769,-0.226143,-0.135910,-0.310847,0.099280,0.047393,0.107355
4.360000,4.360000,step,0.523600,0.000000,0.518065,-0.002078,-0.000003,-0.000000,0.553516,0.207748,0.553737,-1.156932,-9.289954,-0.237826,-0.336564,-0.793376,0.448015,-0.226179,-0.135849,-0.310853,0.098936,0.047270,0.107997
4.380000,4.380000,step,0.523600,0.000000,0.518065,-0.002078,-0.000019,-0.000000,0.553521,0.207762,0.552989,-1.158064,-9.297996,-0.237374,-0.336878,-0.792672,0.449264,-0.226220,-0.135777,-0.310860,0.098647,0.047165,0.108562
4.400000,4.400000,step,0.523600,0.000000,0.518065,-0.002078,-0.000034,-0.000000,0.553556,0.207793,0.552245,-1.159199,-9.306039,-0.236925,-0.337187,-0.791964,0.450516,-0.226264,-0.135696,-0.310869,0.098415,0.047076,0.109048
4.420000,4.420000,step,0.523600,0.000000,0.518065,-0.002079,-0.000049,-0.000000,0.553649,0.207840,0.551505,-1.160337,-9.314082,-0.236478,-0.337494,-0.791252,0.451770,-0.226311,-0.135608,-0.310879,0.098240,0.047006,0.109454
4.440000,4.440000,step,0.523600,0.000000,0.518064,-0.002079,-0.000063,-0.000000,0.553774,0.207903,0.550769,-1.161476,-9.322125,-0.236034,-0.337798,-0.790538,0.453024,-0.226361,-0.135512,-0.310890,0.098122,0.046953,0.109779
4.460000,4.460000,step,0.523600,0.000000,0.518063,-0.002080,-0.000076,-0.000000,0.553927,0.207979,0.550037,-1.162617,-9.330167,-0.235591,-0.338100,-0.789820,0.454279,-0.226414,-0.135410,-0.310902,0.098059,0.046917,0.110023
4.480000,4.480000,step,0.523600,0.000000,0.518061,-0.002081,-0.000089,-0.000000,0.554109,0.208067,0.549309,-1.163762,-9.338210,-0.235148,-0.338401,-0.789100,0.455535,-0.226468,-0.135303,-0.310914,0.098051,0.046899,0.110187
4.500000,4.500000,step,0.523600,0.000000,0.518059,-0.002082,-0.000100,-0.000000,0.554335,0.208165,0.548586,-1.164908,-9.346254,-0.234704,-0.338701,-0.788376,0.456792,-0.226523,-0.135192,-0.310928,0.098096,0.046898,0.110271
4.520000,4.520000,step,0.523600,0.000000,0.518057,-0.002083,-0.000110,-0.000000,0.554592,0.208276,0.547866,-1.166057,-9.354303,-0.234260,-0.339000,-0.787651,0.458047,-0.226579,-0.135078,-0.310942,0.098191,0.046913,0.110277
4.540000,4.540000,step,0.523600,0.000000,0.518054,-0.002084,-0.000119,-0.000000,0.554871,0.208395,0.547151,-1.167208,-9.362350,-0.233815,-0.339299,-0.786924,0.459301,-0.226635,-0.134961,-0.310956,0.098335,0.046944,0.110208
4.560000,4.560000,step,0.523600,0.000000,0.518051,-0.002086,-0.000126,-0.000000,0.555179,0.208523,0.546440,-1.168362,-9.370398,-0.233368,-0.339599,-0.786195,0.460554,-0.226691,-0.134844,-0.310971,0.098524,0.046989,0.110067
4.580000,4.580000,step,0.523600,0.000000,0.518048,-0.002087,-0.000133,-0.000000,0.555487,0.208657,0.545734,-1.169518,-9.378443,-0.232919,-0.339900,-0.785464,0.461805,-0.226747,-0.134726,-0.310986,0.098756,0.047049,0.109858
4.600000,4.600000,step,0.523600,0.000000,0.518045,-0.002088,-0.000139,-0.000000,0.555827,0.208795,0.545031,-1.170676,-9.386490,-0.232466,-0.340202,-0.784732,0.463053,-0.226801,-0.134609,-0.311002,0.099027,0.047122,0.109583
4.620000,4.620000,step,0.523600,0.000000,0.518042,-0.002090,-0.000143,-0.000000,0.556174,0.208938,0.544334,-1.171836,-9.394535,-0.232011,-0.340507,-0.783998,0.464299,-0.226854,-0.134494,-0.311016,0.099333,0.047207,0.109249
4.640000,4.640000,step,0.523600,0.000000,0.518038,-0.002091,-0.000147,-0.000000,0.556519,0.209082,0.543640,-1.172999,-9.402581,-0.231551,-0.340813,-0.783263,0.465542,-0.226905,-0.134382,-0.311032,0.099670,0.047303,0.108859
4.660000,4.660000,step,0.523600,0.000000,0.518035,-0.002093,-0.000149,-0.000000,0.556885,0.209228,0.542950,-1.174164,-9.410628,-0.231086,-0.341121,-0.782528,0.466782,-0.226953,-0.134273,-0.311047,0.100036,0.047409,0.108418
4.680000,4.680000,step,0.523600,0.000000,0.518031,-0.002094,-0.000150,-0.000000,0.557246,0.209373,0.542265,-1.175331,-9.418678,-0.230617,-0.341433,-0.781791,0.468019,-0.226999,-0.134169,-0.311062,0.100425,0.047524,0.107932
4.700000,4.700000,step,0.523600,0.000000,0.518027,-0.002096,-0.000150,-0.000000,0.557615,0.209518,0.541583,-1.176501,-9.426726,-0.230143,-0.341748,-0.781054,0.469252,-0.227042,-0.134069,-0.311076,0.100833,0.047646,0.107406
4.720000,4.720000,step,0.523600,0.000000,0.518024,-0.002097,-0.000148,-0.000000,0.557976,0.209661,0.540906,-1.177672,-9.434774,-0.229663,-0.342066,-0.780315,0.470483,-0.227082,-0.133975,-0.311090,0.101257,0.047773,0.106845
4.740000,4.740000,step,0.523600,0.000000,0.518020,-0.002098,-0.000146,-0.000000,0.558328,0.209800,0.540233,-1.178847,-9.442822,-0.229177,-0.342386,-0.779577,0.471709,-0.227118,-0.133887,-0.311103,0.101692,0.047906,0.106256
4.760000,4.760000,step,0.523600,0.000000,0.518017,-0.002100,-0.000143,-0.000000,0.558672,0.209935,0.539564,-1.180023,-9.450868,-0.228686,-0.342710,-0.778839,0.472930,-0.227151,-0.133806,-0.311116,0.102134,0.048041,0.105644
4.780000,4.780000,step,0.523600,0.000000,0.518013,-0.002101,-0.000140,-0.000000,0.558996,0.210064,0.538899,-1.181202,-9.458915,-0.228190,-0.343038,-0.778101,0.474144,-0.227180,-0.133731,-0.311128,0.102579,0.048180,0.105014
4.800000,4.800000,step,0.523600,0.000000,0.518010,-0.002102,-0.000135,-0.000000,0.559317,0.210187,0.538239,-1.182382,-9.466964,-0.227687,-0.343369,-0.777363,0.475355,-0.227205,-0.133665,-0.311139,0.103023,0.048319,0.104373
4.820000,4.820000,step,0.523600,0.000000,0.518007,-0.002103,-0.000130,-0.000000,0.559627,0.210304,0.537582,-1.183565,-9.475011,-0.227179,-0.343703,-0.776626,0.476562,-0.227226,-0.133605,-0.311150,0.103462,0.048457,0.103726
4.840000,4.840000,step,0.523600,0.000000,0.518004,-0.002104,-0.000123,-0.000000,0.559907,0.210413,0.536929,-1.184750,-9.483060,-0.226664,-0.344040,-0.775887,0.477765,-0.227243,-0.133554,-0.311160,0.103893,0.048593,0.103078
4.860000,4.860000,step,0.523600,0.000000,0.518001,-0.002105,-0.000117,-0.000000,0.560175,0.210514,0.536280,-1.185938,-9.491107,-0.226144,-0.344382,-0.775148,0.478963,-0.227257,-0.133511,-0.311169,0.104312,0.048727,0.102435
4.880000,4.880000,step,0.523600,0.000000,0.517998,-0.002106,-0.000109,-0.000000,0.560438,0.210607,0.535635,-1.187127,-9.499154,-0.225618,-0.344726,-0.774410,0.480156,-0.227266,-0.133476,-0.311176,0.104717,0.048857,0.101800
4.900000,4.900000,step,0.523600,0.000000,0.517996,-0.002107,-0.000101,-0.000000,0.560657,0.210691,0.534994,-1.188319,-9.507202,-0.225087,-0.345073,-0.773673,0.481343,-0.227271,-0.133450,-0.311183,0.105103,0.048982,0.101181
4.920000,4.920000,step,0.523600,0.000000,0.517994,-0.002108,-0.000092,-0.000000,0.560859,0.210766,0.534356,-1.189513,-9.515246,-0.224550,-0.345423,-0.772936,0.482526,-0.227272,-0.133431,-0.311189,0.105468,0.049102,0.100581
4.940000,4.940000,step,0.523600,0.000000,0.517992,-0.002108,-0.000083,-0.000000,0.561041,0.210831,0.533723,-1.190709,-9.523293,-0.224007,-0.345776,-0.772198,0.483705,-0.227269,-0.133420,-0.311194,0.105810,0.049215,0.100004
4.960000,4.960000,step,0.523600,0.000000,0.517990,-0.002109,-0.000075,-0.000000,0.561176,0.210885,0.533092,-1.191907,-9.531338,-0.223460,-0.346131,-0.771460,0.484880,-0.227263,-0.133418,-0.311198,0.106126,0.049320,0.099456
4.980000,4.980000,step,0.523600,0.000000,0.517989,-0.002109,-0.000067,-0.000000,0.561295,0.210927,0.532466,-1.193107,-9.539383,-0.222907,-0.346489,-0.770721,0.486052,-0.227253,-0.133423,-0.311201,0.106416,0.049418,0.098938
5.000000,5.000000,step,0.523600,0.000000,0.517988,-0.002110,-0.000058,-0.000000,0.561389,0.210958,0.531844,-1.194310,-9.547430,-0.222352,-0.346848,-0.769985,0.487217,-0.227240,-0.133435,-0.311203,0.106676,0.049507,0.098454
5.020000,5.020000,step,0.523600,0.000000,0.517987,-0.002110,-0.000049,-0.000000,0.561468,0.210981,0.531225,-1.195514,-9.555476,-0.221792,-0.347208,-0.769248,0.488378,-0.227224,-0.133453,-0.311205,0.106906,0.049586,0.098007
5.040000,5.040000,step,0.523600,0.000000,0.517986,-0.002110,-0.000039,-0.000000,0.561523,0.210994,0.530609,-1.196720,-9.563520,-0.221229,-0.347570,-0.768510,0.489536,-0.227206,-0.133478,-0.311206,0.107106,0.049656,0.097599
5.060000,5.060000,step,0.523600,0.000000,0.517985,-0.002110,-0.000030,-0.000000,0.561554,0.210999,0.529997,-1.197928,-9.571564,-0.220662,-0.347934,-0.767771,0.490692,-0.227184,-0.133510,-0.311205,0.107273,0.049716,0.097233
5.080000,5.080000,step,0.523600,0.000000,0.517985,-0.002110,-0.000021,-0.000000,0.561551,0.210993,0.529389,-1.199138,-9.579609,-0.220091,-0.348299,-0.767031,0.491844,-0.227160,-0.133547,-0.311204,0.107408,0.049766,0.096910
5.100000,5.100000,step,0.523600,0.000000,0.517985,-0.002110,-0.000013,-0.000000,0.561526,0.210977,0.528784,-1.200350,-9.587652,-0.219519,-0.348665,-0.766290,0.492994,-0.227134,-0.133589,-0.311201,0.107511,0.049806,0.096632
5.120000,5.120000,step,0.523600,0.000000,0.517985,-0.002109,-0.000005,-0.000000,0.561478,0.210952,0.528183,-1.201565,-9.595697,-0.218945,-0.349030,-0.765550,0.494139,-0.227107,-0.133636,-0.311199,0.107582,0.049837,0.096399
5.140000,5.140000,step,0.523600,0.000000,0.517986,-0.002109,0.000004,-0.000000,0.561422,0.210920,0.527585,-1.202780,-9.603743,-0.218370,-0.349395,-0.764810,0.495281,-0.227078,-0.133686,-0.311195,0.107620,0.049858,0.096212
5.160000,5.160000,step,0.523600,0.000000,0.517986,-0.002109,0.000012,0.000000,0.561344,0.210881,0.526991,-1.203998,-9.611790,-0.217793,-0.349759,-0.764068,0.496422,-0.227048,-0.133740,-0.311191,0.107628,0.049869,0.096071
5.180000,5.180000,step,0.523600,0.000000,0.517987,-0.002108,0.000020,-0.000000,0.561237,0.210835,0.526400,-1.205218,-9.619835,-0.217214,-0.350124,-0.763324,0.497561,-0.227017,-0.133798,-0.311186,0.107604,0.049871,0.095976
5.200000,5.200000,step,0.523600,0.000000,0.517989,-0.002108,0.000025,-0.000000,0.561094,0.210779,0.525812,-1.206439,-9.627878,-0.216635,-0.350488,-0.762579,0.498699,-0.226985,-0.133857,-0.311182,0.107551,0.049863,0.095927
5.220000,5.220000,step,0.523600,0.000000,0.517990,-0.002107,0.000029,0.000000,0.560925,0.210715,0.525228,-1.207662,-9.635922,-0.216056,-0.350850,-0.761833,0.499835,-0.226953,-0.133918,-0.311176,0.107471,0.049846,0.095923
5.240000,5.240000,step,0.523600,0.000000,0.517992,-0.002106,0.000032,0.000000,0.560731,0.210643,0.524647,-1.208888,-9.643970,-0.215476,-0.351211,-0.761084,0.500971,-0.226920,-0.133980,-0.311171,0.107364,0.049820,0.095963
5.260000,5.260000,step,0.523600,0.000000,0.517994,-0.002105,0.000034,0.000000,0.560534,0.210563,0.524070,-1.210115,-9.652016,-0.214897,-0.351569,-0.760334,0.502105,-0.226888,-0.134043,-0.311165,0.107233,0.049786,0.096043
5.280000,5.280000,step,0.523600,0.000000,0.517996,-0.002105,0.000037,0.000000,0.560336,0.210480,0.523496,-1.211343,-9.660060,-0.214319,-0.351926,-0.759584,0.503237,-0.226855,-0.134106,-0.311159,0.107079,0.049744,0.096162
5.300000,5.300000,step,0.523600,0.000000,0.517998,-0.002104,0.000039,0.000000,0.560138,0.210395,0.522925,-1.212574,-9.668104,-0.213743,-0.352281,-0.758832,0.504367,-0.226824,-0.134168,-0.311152,0.106904,0.049694,0.096318
5.320000,5.320000,step,0.523600,0.000000,0.518000,-0.002103,0.000041,0.000000,0.559940,0.210309,0.522359,-1.213806,-9.676151,-0.213169,-0.352633,-0.758078,0.505496,-0.226793,-0.134228,-0.311146,0.106710,0.049638,0.096508
5.340000,5.340000,step,0.523600,0.000000,0.518002,-0.002102,0.000044,0.000000,0.559743,0.210223,0.521795,-1.215040,-9.684196,-0.212596,-0.352982,-0.757323,0.506625,-0.226764,-0.134288,-0.311140,0.106499,0.049576,0.096730
5.360000,5.360000,step,0.523600,0.000000,0.518004,-0.002101,0.000045,0.000000,0.559547,0.210138,0.521235,-1.216276,-9.692242,-0.212026,-0.353328,-0.756564,0.507754,-0.226736,-0.134345,-0.311134,0.106274,0.049508,0.096981
5.380000,5.380000,step,0.523600,0.000000,0.518006,-0.002100,0.000047,0.000000,0.559352,0.210055,0.520679,-1.217513,-9.700289,-0.211457,-0.353672,-0.755803,0.508884,-0.226710,-0.134399,-0.311128,0.106038,0.049436,0.097257
5.400000,5.400000,step,0.523600,0.000000,0.518007,-0.002100,0.000048,0.000000,0.559157,0.209973,0.520126,-1.218752,-9.708329,-0.210891,-0.354014,-0.755040,0.510013,-0.226685,-0.134451,-0.311122,0.105791,0.049359,0.097557
5.420000,5.420000,step,0.523600,0.000000,0.518009,-0.002099,0.000048,0.000000,0.558965,0.209893,0.519577,-1.219993,-9.716373,-0.210327,-0.354352,-0.754274,0.511143,-0.226663,-0.134500,-0.311117,0.105536,0.049280,0.097876
5.440000,5.440000,step,0.523600,0.000000,0.518011,-0.002098,0.000048,0.000000,0.558774,0.209815,0.519031,-1.221236,-9.724415,-0.209765,-0.354688,-0.753506,0.512273,-0.226642,-0.134546,-0.311111,0.105276,0.049198,0.098211
5.460000,5.460000,step,0.523600,0.000000,0.518013,-0.002097,0.000047,0.000000,0.558586,0.209740,0.518489,-1.222480,-9.732458,-0.209207,-0.355020,-0.752734,0.513404,-0.226624,-0.134588,-0.311106,0.105013,0.049115,0.098560
5.480000,5.480000,step,0.523600,0.000000,0.518015,-0.002097,0.000045,-0.000000,0.558401,0.209668,0.517951,-1.223725,-9.740503,-0.208651,-0.355350,-0.751960,0.514536,-0.226608,-0.134625,-0.311101,0.104749,0.049031,0.098919
5.500000,5.500000,step,0.523600,0.000000,0.518017,-0.002096,0.000042,0.000000,0.558217,0.209598,0.517416,-1.224973,-9.748549,-0.208099,-0.355676,-0.751184,0.515667,-0.226594,-0.134659,-0.311097,0.104486,0.048947,0.099284
5.520000,5.520000,step,0.523600,0.000000,0.518019,-0.002095,0.000038,0.000000,0.558037,0.209531,0.516884,-1.226222,-9.756593,-0.207548,-0.355999,-0.750404,0.516800,-0.226582,-0.134687,-0.311093,0.104227,0.048864,0.099653
5.540000,5.540000,step,0.523600,0.000000,0.518021,-0.002095,0.000034,0.000000,0.557860,0.209468,0.516356,-1.227472,-9.764638,-0.207001,-0.356319,-0.749620,0.517935,-0.226573,-0.134712,-0.311089,0.103973,0.048782,0.100022
5.560000,5.560000,step,0.523600,0.000000,0.518023,-0.002094,0.000028,-0.000000,0.557687,0.209407,0.515832,-1.228724,-9.772684,-0.206456,-0.356637,-0.748833,0.519071,-0.226567,-0.134732,-0.311085,0.103726,0.048702,0.100388
5.580000,5.580000,step,0.523600,0.000000,0.518024,-0.002093,0.000022,0.000000,0.557548,0.209351,0.515312,-1.229978,-9.780729,-0.205913,-0.356952,-0.748042,0.520209,-0.226563,-0.134747,-0.311082,0.103489,0.048626,0.100746
5.600000,5.600000,step,0.523600,0.000000,0.518025,-0.002093,0.000018,-0.000000,0.557437,0.209303,0.514795,-1.231233,-9.788774,-0.205372,-0.357264,-0.747249,0.521348,-0.226561,-0.134758,-0.311080,0.103264,0.048554,0.101095
5.620000,5.620000,step,0.523600,0.000000,0.518026,-0.002093,0.000014,-0.000000,0.557348,0.209264,0.514282,-1.232490,-9.796819,-0.204835,-0.357574,-0.746452,0.522487,-0.226561,-0.134764,-0.311078,0.103050,0.048485,0.101430
5.640000,5.640000,step,0.523600,0.000000,0.518027,-0.002092,0.000010,-0.000000,0.557265,0.209233,0.513773,-1.233748,-9.804866,-0.204299,-0.357880,-0.745654,0.523626,-0.226563,-0.134765,-0.311077,0.102851,0.048421,0.101752
5.660000,5.660000,step,0.523600,0.000000,0.518028,-0.002092,0.000006,0.000000,0.557205,0.209208,0.513268,-1.235008,-9.812909,-0.203766,-0.358183,-0.744852,0.524766,-0.226567,-0.134762,-0.311076,0.102667,0.048361,0.102056
5.680000,5.680000,step,0.523600,0.000000,0.518028,-0.002092,0.000001,0.000000,0.557153,0.209191,0.512767,-1.236269,-9.820951,-0.203235,-0.358484,-0.744049,0.525905,-0.226574,-0.134755,-0.311076,0.102499,0.048306,0.102342
5.700000,5.700000,step,0.523600,0.000000,0.518029,-0.002092,-0.000003,-0.000000,0.557118,0.209179,0.512270,-1.237532,-9.828998,-0.202706,-0.358782,-0.743243,0.527043,-0.226582,-0.134744,-0.311076,0.102348,0.048257,0.102607
5.720000,5.720000,step,0.523600,0.000000,0.518029,-0.002092,-0.000008,-0.000000,0.557085,0.209174,0.511777,-1.238796,-9.837042,-0.202179,-0.359078,-0.742434,0.528183,-0.226592,-0.134728,-0.311077,0.102215,0.048212,0.102850
5.740000,5.740000,step,0.523600,0.000000,0.518030,-0.002092,-0.000013,-0.000000,0.557076,0.209173,0.511287,-1.240061,-9.845086,-0.201654,-0.359373,-0.741623,0.529322,-0.226604,-0.134708,-0.311078,0.102100,0.048172,0.103069
5.760000,5.760000,step,0.523600,0.000000,0.518030,-0.002092,-0.000018,0.000000,0.557067,0.209178,0.510802,-1.241328,-9.853129,-0.201128,-0.359665,-0.740809,0.530463,-0.226616,-0.134686,-0.311080,0.102004,0.048139,0.103263
5.780000,5.780000,step,0.523600,0.000000,0.518030,-0.002092,-0.000024,0.000000,0.557072,0.209186,0.510321,-1.242597,-9.861175,-0.200603,-0.359955,-0.739991,0.531604,-0.226630,-0.134660,-0.311083,0.101927,0.048111,0.103432
5.800000,5.800000,step,0.523600,0.000000,0.518030,-0.002092,-0.000029,-0.000000,0.557094,0.209200,0.509843,-1.243867,-9.869221,-0.200079,-0.360245,-0.739172,0.532745,-0.226645,-0.134633,-0.311085,0.101869,0.048089,0.103574
5.820000,5.820000,step,0.523600,0.000000,0.518030,-0.002092,-0.000033,-0.000000,0.557131,0.209218,0.509370,-1.245138,-9.877265,-0.199555,-0.360534,-0.738349,0.533885,-0.226662,-0.134603,-0.311088,0.101830,0.048072,0.103689
5.840000,5.840000,step,0.523600,0.000000,0.518029,-0.002092,-0.000037,-0.000000,0.557186,0.209242,0.508900,-1.246411,-9.885309,-0.199031,-0.360821,-0.737525,0.535025,-0.226679,-0.134570,-0.311092,0.101810,0.048062,0.103778
5.860000,5.860000,step,0.523600,0.000000,0.518029,-0.002093,-0.000042,-0.000000,0.557246,0.209270,0.508435,-1.247685,-9.893353,-0.198508,-0.361107,-0.736698,0.536164,-0.226697,-0.134536,-0.311095,0.101808,0.048058,0.103839
5.880000,5.880000,step,0.523600,0.000000,0.518028,-0.002093,-0.000045,0.000000,0.557328,0.209303,0.507974,-1.248960,-9.901399,-0.197984,-0.361392,-0.735870,0.537302,-0.226715,-0.134500,-0.311099,0.101824,0.048059,0.103874
5.900000,5.900000,step,0.523600,0.000000,0.518027,-0.002093,-0.000048,-0.000000,0.557409,0.209340,0.507517,-1.250237,-9.909443,-0.197460,-0.361677,-0.735040,0.538438,-0.226734,-0.134463,-0.311103,0.101856,0.048066,0.103883
5.920000,5.920000,step,0.523600,0.000000,0.518026,-0.002094,-0.000051,0.000000,0.557503,0.209379,0.507064,-1.251516,-9.917487,-0.196935,-0.361960,-0.734208,0.539573,-0.226753,-0.134425,-0.311108,0.101905,0.048078,0.103866
5.940000,5.940000,step,0.523600,0.000000,0.518025,-0.002094,-0.000054,-0.000000,0.557605,0.209422,0.506615,-1.252796,-9.925530,-0.196410,-0.362243,-0.733375,0.540707,-0.226772,-0.134387,-0.311112,0.101969,0.048095,0.103825
5.960000,5.960000,step,0.523600,0.000000,0.518024,-0.002095,-0.000056,-0.000000,0.557708,0.209467,0.506170,-1.254076,-9.933573,-0.195883,-0.362526,-0.732540,0.541839,-0.226790,-0.134348,-0.311117,0.102047,0.048117,0.103761
5.980000,5.980000,step,0.523600,0.000000,0.518023,-0.002095,-0.000058,-0.000000,0.557810,0.209512,0.505730,-1.255359,-9.941615,-0.195355,-0.362808,-0.731705,0.542968,-0.226807,-0.134310,-0.311122,0.102138,0.048143,0.103676
6.000000,6.000000,step,0.523600,0.000000,0.518022,-0.002096,-0.000060,-0.000000,0.557918,0.209558,0.505294,-1.256643,-9.949657,-0.194825,-0.363090,-0.730868,0.544096,-0.226824,-0.134272,-0.311126,0.102240,0.048173,0.103570
6.020000,6.020000,step,0.523600,0.000000,0.518021,-0.002096,-0.000061,0.000000,0.558041,0.209606,0.504862,-1.257927,-9.957702,-0.194294,-0.363372,-0.730030,0.545222,-0.226841,-0.134235,-0.311131,0.102353,0.048206,0.103444
6.040000,6.040000,step,0.523600,0.000000,0.518020,-0.002097,-0.000062,0.000000,0.558162,0.209655,0.504434,-1.259214,-9.965745,-0.193761,-0.363655,-0.729189,0.546346,-0.226857,-0.134200,-0.311136,0.102476,0.048242,0.103302
6.060000,6.060000,step,0.523600,0.000000,0.518019,-0.002097,-0.000062,0.000000,0.558283,0.209704,0.504010,-1.260501,-9.973787,-0.193226,-0.363938,-0.728348,0.547469,-0.226873,-0.134166,-0.311140,0.102606,0.048281,0.103144
6.080000,6.080000,step,0.523600,0.000000,0.518018,-0.002098,-0.000062,-0.000000,0.558403,0.209752,0.503590,-1.261790,-9.981831,-0.192689,-0.364220,-0.727505,0.548590,-0.226887,-0.134133,-0.311145,0.102743,0.048322,0.102972
6.100000,6.100000,step,0.523600,0.000000,0.518016,-0.002098,-0.000062,-0.000000,0.558521,0.209800,0.503175,-1.263080,-9.989875,-0.192149,-0.364503,-0.726662,0.549708,-0.226900,-0.134102,-0.311150,0.102884,0.048365,0.102789
6.120000,6.120000,step,0.523600,0.000000,0.518015,-0.002099,-0.000061,-0.000000,0.558639,0.209846,0.502763,-1.264372,-9.997918,-0.191608,-0.364786,-0.725817,0.550825,-0.226912,-0.134073,-0.311154,0.103030,0.048409,0.102596
6.140000,6.140000,step,0.523600,0.000000,0.518014,-0.002099,-0.000061,-0.000000,0.558755,0.209892,0.502356,-1.265665,-10.005960,-0.191064,-0.365070,-0.724970,0.551939,-0.226924,-0.134046,-0.311158,0.103178,0.048454,0.102394
6.160000,6.160000,step,0.523600,0.000000,0.518013,-0.002099,-0.000059,-0.000000,0.558871,0.209936,0.501953,-1.266959,-10.014004,-0.190518,-0.365354,-0.724123,0.553051,-0.226933,-0.134022,-0.311162,0.103328,0.048500,0.102186
6.180000,6.180000,step,0.523600,0.000000,0.518012,-0.002100,-0.000058,0.000000,0.558973,0.209979,0.501553,-1.268254,-10.022047,-0.189969,-0.365639,-0.723275,0.554161,-0.226941,-0.134000,-0.311165,0.103477,0.048546,0.101973
6.200000,6.200000,step,0.523600,0.000000,0.518011,-0.002100,-0.000056,-0.000000,0.559065,0.210017,0.501158,-1.269551,-10.030091,-0.189417,-0.365924,-0.722425,0.555268,-0.226949,-0.133981,-0.311168,0.103625,0.048592,0.101759
6.220000,6.220000,step,0.523600,0.000000,0.518010,-0.002101,-0.000055,-0.000000,0.559157,0.210053,0.500767,-1.270848,-10.038136,-0.188864,-0.366210,-0.721574,0.556374,-0.226955,-0.133964,-0.311171,0.103770,0.048638,0.101544
6.240000,6.240000,step,0.523600,0.000000,0.518009,-0.002101,-0.000053,-0.000000,0.559246,0.210086,0.500380,-1.272147,-10.046181,-0.188307,-0.366495,-0.720722,0.557477,-0.226959,-0.133950,-0.311174,0.103911,0.048683,0.101330
6.260000,6.260000,step,0.523600,0.000000,0.518008,-0.002101,-0.000050,-0.000000,0.559334,0.210117,0.499997,-1.273447,-10.054226,-0.187749,-0.366781,-0.719869,0.558578,-0.226962,-0.133939,-0.311177,0.104048,0.048727,0.101119
6.280000,6.280000,step,0.523600,0.000000,0.518007,-0.002102,-0.000047,-0.000000,0.559420,0.210146,0.499617,-1.274749,-10.062270,-0.187188,-0.367068,-0.719015,0.559677,-0.226964,-0.133931,-0.311178,0.104179,0.048770,0.100912
6.300000,6.300000,step,0.523600,0.000000,0.518006,-0.002102,-0.000044,-0.000000,0.559482,0.210172,0.499242,-1.276051,-10.070313,-0.186624,-0.367356,-0.718159,0.560775,-0.226964,-0.133925,-0.311180,0.104303,0.048811,0.100712
6.320000,6.320000,step,0.523600,0.000000,0.518006,-0.002102,-0.000041,-0.000000,0.559545,0.210194,0.498871,-1.277355,-10.078354,-0.186058,-0.367642,-0.717302,0.561871,-0.226963,-0.133922,-0.311181,0.104419,0.048849,0.100520
6.340000,6.340000,step,0.523600,0.000000,0.518005,-0.002102,-0.000038,-0.000000,0.559601,0.210213,0.498504,-1.278661,-10.086398,-0.185490,-0.367929,-0.716445,0.562964,-0.226961,-0.133921,-0.311183,0.104527,0.048885,0.100336
6.360000,6.360000,step,0.523600,0.000000,0.518005,-0.002102,-0.000035,0.000000,0.559640,0.210228,0.498140,-1.279967,-10.094442,-0.184921,-0.368216,-0.715587,0.564054,-0.226958,-0.133923,-0.311183,0.104627,0.048918,0.100163
6.380000,6.380000,step,0.523600,0.000000,0.518004,-0.002102,-0.000032,0.000000,0.559678,0.210240,0.497781,-1.281274,-10.102487,-0.184350,-0.368503,-0.714727,0.565142,-0.226954,-0.133927,-0.311184,0.104717,0.048948,0.100000
6.400000,6.400000,step,0.523600,0.000000,0.518004,-0.002102,-0.000029,-0.000000,0.559699,0.210248,0.497426,-1.282582,-10.110533,-0.183778,-0.368789,-0.713868,0.566227,-0.226949,-0.133933,-0.311184,0.104798,0.048975,0.099850
6.420000,6.420000,step,0.523600,0.000000,0.518004,-0.002103,-0.000026,-0.000000,0.559714,0.210252,0.497075,-1.283892,-10.118579,-0.183204,-0.369075,-0.713008,0.567309,-0.226943,-0.133942,-0.311185,0.104868,0.049000,0.099713
6.440000,6.440000,step,0.523600,0.000000,0.518004,-0.002103,-0.000023,0.000000,0.559718,0.210253,0.496727,-1.285202,-10.126625,-0.182629,-0.369361,-0.712147,0.568389,-0.226936,-0.133952,-0.311185,0.104927,0.049021,0.099589
6.460000,6.460000,step,0.523600,0.000000,0.518004,-0.002102,-0.000021,-0.000000,0.559711,0.210250,0.496384,-1.286514,-10.134671,-0.182052,-0.369646,-0.711285,0.569467,-0.226928,-0.133964,-0.311184,0.104976,0.049038,0.099481
6.480000,6.480000,step,0.523600,0.000000,0.518004,-0.002102,-0.000018,-0.000000,0.559703,0.210244,0.496045,-1.287827,-10.142715,-0.181475,-0.369931,-0.710422,0.570542,-0.226919,-0.133979,-0.311183,0.105015,0.049052,0.099386
6.500000,6.500000,step,0.523600,0.000000,0.518004,-0.002102,-0.000015,-0.000000,0.559687,0.210235,0.495710,-1.289140,-10.150763,-0.180895,-0.370215,-0.709558,0.571616,-0.226909,-0.133995,-0.311182,0.105042,0.049062,0.099307
6.520000,6.520000,step,0.523600,0.000000,0.518004,-0.002102,-0.000013,-0.000000,0.559657,0.210222,0.495378,-1.290455,-10.158807,-0.180315,-0.370499,-0.708692,0.572689,-0.226899,-0.134012,-0.311181,0.105058,0.049068,0.099245
6.540000,6.540000,step,0.523600,0.000000,0.518004,-0.002102,-0.000011,-0.000000,0.559626,0.210207,0.495050,-1.291771,-10.166853,-0.179734,-0.370782,-0.707824,0.573760,-0.226888,-0.134031,-0.311180,0.105063,0.049071,0.099198
6.560000,6.560000,step,0.523600,0.000000,0.518004,-0.002102,-0.000008,-0.000000,0.559594,0.210190,0.494727,-1.293088,-10.174899,-0.179153,-0.371065,-0.706955,0.574830,-0.226877,-0.134050,-0.311178,0.105058,0.049070,0.099165
6.580000,6.580000,step,0.523600,0.000000,0.518005,-0.002102,-0.000005,0.000000,0.559562,0.210172,0.494407,-1.294406,-10.182946,-0.178571,-0.371346,-0.706084,0.575899,-0.226866,-0.134070,-0.311176,0.105044,0.049066,0.099148
6.600000,6.600000,step,0.523600,0.000000,0.518005,-0.002101,-0.000002,-0.000000,0.559523,0.210153,0.494091,-1.295725,-10.190992,-0.177989,-0.371627,-0.705212,0.576966,-0.226855,-0.134091,-0.311174,0.105019,0.049059,0.099146
6.620000,6.620000,step,0.523600,0.000000,0.518005,-0.002101,-0.000000,0.000000,0.559470,0.210132,0.493779,-1.297045,-10.199036,-0.177406,-0.371907,-0.704338,0.578032,-0.226843,-0.134112,-0.311172,0.104986,0.049049,0.099159
6.640000,6.640000,step,0.523600,0.000000,0.518006,-0.002101,0.000001,0.000000,0.559417,0.210109,0.493470,-1.298366,-10.207079,-0.176823,-0.372185,-0.703462,0.579097,-0.226832,-0.134133,-0.311170,0.104945,0.049035,0.099185
6.660000,6.660000,step,0.523600,0.000000,0.518006,-0.002101,0.000003,0.000000,0.559363,0.210084,0.493166,-1.299688,-10.215123,-0.176240,-0.372463,-0.702585,0.580160,-0.226821,-0.134155,-0.311168,0.104896,0.049019,0.099225
6.680000,6.680000,step,0.523600,0.000000,0.518007,-0.002101,0.000005,0.000000,0.559310,0.210060,0.492866,-1.301011,-10.223167,-0.175658,-0.372739,-0.701706,0.581222,-0.226810,-0.134177,-0.311166,0.104839,0.049001,0.099277
6.700000,6.700000,step,0.523600,0.000000,0.518008,-0.002100,0.000006,-0.000000,0.559235,0.210033,0.492570,-1.302335,-10.231212,-0.175075,-0.373014,-0.700825,0.582283,-0.226800,-0.134199,-0.311164,0.104776,0.048981,0.099342
6.720000,6.720000,step,0.523600,0.000000,0.518008,-0.002100,0.000007,0.000000,0.559162,0.210005,0.492277,-1.303660,-10.239258,-0.174493,-0.373288,-0.699942,0.583343,-0.226790,-0.134220,-0.311162,0.104706,0.048958,0.099418
6.740000,6.740000,step,0.523600,0.000000,0.518009,-0.002100,0.000007,-0.000000,0.559089,0.209976,0.491988,-1.304985,-10.247302,-0.173912,-0.373560,-0.699057,0.584403,-0.226781,-0.134239,-0.311160,0.104632,0.048933,0.099504
6.760000,6.760000,step,0.523600,0.000000,0.518010,-0.002099,0.000007,-0.000000,0.559018,0.209947,0.491704,-1.306312,-10.255345,-0.173331,-0.373831,-0.698169,0.585462,-0.226772,-0.134258,-0.311158,0.104554,0.048907,0.099598
6.780000,6.780000,step,0.523600,0.000000,0.518010,-0.002099,0.000006,-0.000000,0.558947,0.209918,0.491423,-1.307639,-10.263390,-0.172751,-0.374101,-0.697280,0.586521,-0.226765,-0.134276,-0.311156,0.104472,0.048880,0.099699
6.800000,6.800000,step,0.523600,0.000000,0.518011,-0.002099,0.000006,0.000000,0.558876,0.209890,0.491146,-1.308967,-10.271437,-0.172171,-0.374370,-0.696388,0.587578,-0.226757,-0.134293,-0.311154,0.104388,0.048853,0.099807
6.820000,6.820000,step,0.523600,0.000000,0.518012,-0.002099,0.000005,0.000000,0.558807,0.209863,0.490873,-1.310297,-10.279481,-0.171592,-0.374637,-0.695494,0.588635,-0.226751,-0.134309,-0.311152,0.104303,0.048825,0.099920
6.840000,6.840000,step,0.523600,0.000000,0.518013,-0.002098,0.000005,-0.000000,0.558749,0.209837,0.490604,-1.311626,-10.287525,-0.171014,-0.374902,-0.694599,0.589690,-0.226745,-0.134323,-0.311150,0.104216,0.048798,0.100037
6.860000,6.860000,step,0.523600,0.000000,0.518013,-0.002098,0.000004,0.000000,0.558691,0.209813,0.490339,-1.312957,-10.295568,-0.170437,-0.375166,-0.693702,0.590745,-0.226739,-0.134337,-0.311147,0.104130,0.048770,0.100157
6.880000,6.880000,step,0.523600,0.000000,0.518014,-0.002098,0.000004,0.000000,0.558638,0.209790,0.490078,-1.314289,-10.303613,-0.169860,-0.375428,-0.692804,0.591798,-0.226735,-0.134349,-0.311145,0.104043,0.048743,0.100280
6.900000,6.900000,step,0.523600,0.000000,0.518014,-0.002098,0.000004,0.000000,0.558586,0.209770,0.489821,-1.315621,-10.311657,-0.169285,-0.375690,-0.691903,0.592849,-0.226731,-0.134359,-0.311143,0.103957,0.048717,0.100403
6.920000,6.920000,step,0.523600,0.000000,0.518015,-0.002097,0.000003,0.000000,0.558540,0.209750,0.489569,-1.316954,-10.319698,-0.168710,-0.375950,-0.691000,0.593900,-0.226729,-0.134369,-0.311140,0.103873,0.048693,0.100527
6.940000,6.940000,step,0.523600,0.000000,0.518015,-0.002097,0.000002,0.000000,0.558494,0.209733,0.489320,-1.318288,-10.327743,-0.168136,-0.376209,-0.690095,0.594950,-0.226726,-0.134376,-0.311138,0.103790,0.048670,0.100650
6.960000,6.960000,step,0.523600,0.000000,0.518016,-0.002097,0.000001,-0.000000,0.558450,0.209717,0.489075,-1.319623,-10.335786,-0.167563,-0.376465,-0.689188,0.596000,-0.226725,-0.134382,-0.311136,0.103709,0.048648,0.100771
6.980000,6.980000,step,0.523600,0.000000,0.518016,-0.002097,-0.000000,0.000000,0.558406,0.209702,0.488835,-1.320958,-10.343832,-0.166990,-0.376721,-0.688280,0.597048,-0.226725,-0.134387,-0.311135,0.103632,0.048628,0.100890
7.000000,7.000000,step,0.523600,0.000000,0.518017,-0.002097,-0.000002,0.000000,0.558364,0.209688,0.488598,-1.322294,-10.351878,-0.166418,-0.376975,-0.687370,0.598095,-0.226725,-0.134390,-0.311134,0.103559,0.048609,0.101006
7.020000,7.020000,step,0.523600,0.000000,0.518017,-0.002097,-0.000004,0.000000,0.558322,0.209676,0.488366,-1.323631,-10.359923,-0.165847,-0.377227,-0.686458,0.599141,-0.226726,-0.134391,-0.311133,0.103489,0.048592,0.101118
7.040000,7.040000,step,0.523600,0.000000,0.518017,-0.002097,-0.000006,-0.000000,0.558293,0.209664,0.488138,-1.324968,-10.367969,-0.165277,-0.377477,-0.685545,0.600186,-0.226727,-0.134391,-0.311132,0.103425,0.048575,0.101224
7.060000,7.060000,step,0.523600,0.000000,0.518018,-0.002097,-0.000008,0.000000,0.558273,0.209656,0.487914,-1.326306,-10.376016,-0.164707,-0.377726,-0.684629,0.601230,-0.226729,-0.134389,-0.311132,0.103366,0.048560,0.101323
7.080000,7.080000,step,0.523600,0.000000,0.518018,-0.002096,-0.000010,-0.000000,0.558255,0.209649,0.487694,-1.327645,-10.384061,-0.164137,-0.377974,-0.683711,0.602274,-0.226732,-0.134386,-0.311132,0.103312,0.048546,0.101416
7.100000,7.100000,step,0.523600,0.000000,0.518018,-0.002096,-0.000012,0.000000,0.558237,0.209645,0.487477,-1.328984,-10.392105,-0.163568,-0.378220,-0.682792,0.603316,-0.226735,-0.134382,-0.311132,0.103264,0.048535,0.101503
7.120000,7.120000,step,0.523600,0.000000,0.518018,-0.002096,-0.000014,0.000000,0.558220,0.209643,0.487265,-1.330324,-10.400148,-0.163000,-0.378466,-0.681870,0.604358,-0.226739,-0.134376,-0.311132,0.103222,0.048525,0.101581
7.140000,7.140000,step,0.523600,0.000000,0.518018,-0.002096,-0.000017,-0.000000,0.558204,0.209641,0.487058,-1.331665,-10.408195,-0.162431,-0.378710,-0.680946,0.605398,-0.226744,-0.134369,-0.311132,0.103187,0.048516,0.101651
7.160000,7.160000,step,0.523600,0.000000,0.518019,-0.002096,-0.000019,-0.000000,0.558195,0.209640,0.486854,-1.333006,-10.416236,-0.161863,-0.378953,-0.680020,0.606438,-0.226749,-0.134361,-0.311132,0.103158,0.048511,0.101713
7.180000,7.180000,step,0.523600,0.000000,0.518019,-0.002096,-0.000021,-0.000000,0.558201,0.209642,0.486655,-1.334348,-10.424280,-0.161295,-0.379196,-0.679093,0.607476,-0.226754,-0.134352,-0.311132,0.103135,0.048507,0.101765
7.200000,7.200000,step,0.523600,0.000000,0.518019,-0.002096,-0.000023,0.000000,0.558207,0.209646,0.486459,-1.335690,-10.432323,-0.160727,-0.379437,-0.678164,0.608513,-0.226760,-0.134342,-0.311132,0.103118,0.048506,0.101808
7.220000,7.220000,step,0.523600,0.000000,0.518019,-0.002097,-0.000026,-0.000000,0.558213,0.209651,0.486268,-1.337033,-10.440365,-0.160159,-0.379677,-0.677233,0.609549,-0.226766,-0.134331,-0.311132,0.103108,0.048507,0.101843
7.240000,7.240000,step,0.523600,0.000000,0.518018,-0.002097,-0.000027,-0.000000,0.558236,0.209658,0.486081,-1.338376,-10.448409,-0.159590,-0.379916,-0.676300,0.610584,-0.226773,-0.134320,-0.311133,0.103104,0.048510,0.101868
7.260000,7.260000,step,0.523600,0.000000,0.518018,-0.002097,-0.000028,-0.000000,0.558264,0.209668,0.485898,-1.339720,-10.456452,-0.159021,-0.380154,-0.675365,0.611618,-0.226779,-0.134308,-0.311134,0.103106,0.048516,0.101883
7.280000,7.280000,step,0.523600,0.000000,0.518018,-0.002097,-0.000029,-0.000000,0.558291,0.209680,0.485719,-1.341065,-10.464496,-0.158452,-0.380391,-0.674429,0.612651,-0.226785,-0.134296,-0.311135,0.103114,0.048523,0.101890
7.300000,7.300000,step,0.523600,0.000000,0.518018,-0.002097,-0.000031,-0.000000,0.558318,0.209693,0.485544,-1.342410,-10.472539,-0.157882,-0.380628,-0.673490,0.613683,-0.226792,-0.134283,-0.311136,0.103127,0.048531,0.101888
7.320000,7.320000,step,0.523600,0.000000,0.518017,-0.002097,-0.000032,0.000000,0.558346,0.209706,0.485374,-1.343755,-10.480581,-0.157311,-0.380863,-0.672550,0.614713,-0.226798,-0.134270,-0.311136,0.103146,0.048542,0.101878
7.340000,7.340000,step,0.523600,0.000000,0.518017,-0.002097,-0.000033,0.000000,0.558384,0.209721,0.485207,-1.345101,-10.488626,-0.156740,-0.381098,-0.671608,0.615742,-0.226805,-0.134258,-0.311137,0.103170,0.048553,0.101859
7.360000,7.360000,step,0.523600,0.000000,0.518017,-0.002097,-0.000033,0.000000,0.558433,0.209737,0.485045,-1.346448,-10.496669,-0.156167,-0.381333,-0.670665,0.616770,-0.226811,-0.134246,-0.311138,0.103198,0.048567,0.101833
7.380000,7.380000,step,0.523600,0.000000,0.518016,-0.002098,-0.000033,-0.000000,0.558475,0.209754,0.484887,-1.347795,-10.504710,-0.155594,-0.381567,-0.669720,0.617797,-0.226817,-0.134233,-0.311140,0.103230,0.048582,0.101800
7.400000,7.400000,step,0.523600,0.000000,0.518016,-0.002098,-0.000033,-0.000000,0.558517,0.209771,0.484733,-1.349142,-10.512754,-0.155020,-0.381799,-0.668774,0.618821,-0.226823,-0.134221,-0.311141,0.103266,0.048597,0.101761
7.420000,7.420000,step,0.523600,0.000000,0.518015,-0.002098,-0.000033,0.000000,0.558559,0.209788,0.484583,-1.350490,-10.520799,-0.154445,-0.382031,-0.667827,0.619844,-0.226828,-0.134209,-0.311143,0.103305,0.048612,0.101716
7.440000,7.440000,step,0.523600,0.000000,0.518015,-0.002098,-0.000033,-0.000000,0.558600,0.209806,0.484437,-1.351839,-10.528843,-0.153869,-0.382262,-0.666878,0.620865,-0.226833,-0.134197,-0.311144,0.103348,0.048628,0.101665
7.460000,7.460000,step,0.523600,0.000000,0.518014,-0.002098,-0.000033,-0.000000,0.558642,0.209823,0.484296,-1.353187,-10.536888,-0.153292,-0.382492,-0.665928,0.621886,-0.226837,-0.134186,-0.311146,0.103393,0.048644,0.101609
7.480000,7.480000,step,0.523600,0.000000,0.518014,-0.002098,-0.000033,0.000000,0.558683,0.209840,0.484159,-1.354537,-10.544932,-0.152715,-0.382722,-0.664976,0.622904,-0.226842,-0.134175,-0.311148,0.103440,0.048659,0.101549
7.500000,7.500000,step,0.523600,0.000000,0.518014,-0.002099,-0.000033,-0.000000,0.558718,0.209856,0.484026,-1.355886,-10.552976,-0.152136,-0.382952,-0.664023,0.623920,-0.226846,-0.134166,-0.311149,0.103489,0.048675,0.101486
7.520000,7.520000,step,0.523600,0.000000,0.518013,-0.002099,-0.000032,-0.000000,0.558760,0.209871,0.483897,-1.357236,-10.561022,-0.151556,-0.383181,-0.663069,0.624934,-0.226850,-0.134157,-0.311151,0.103539,0.048692,0.101420
7.540000,7.540000,step,0.523600,0.000000,0.518013,-0.002099,-0.000032,-0.000000,0.558789,0.209886,0.483772,-1.358586,-10.569062,-0.150975,-0.383409,-0.662114,0.625947,-0.226853,-0.134149,-0.311152,0.103588,0.048708,0.101351
7.560000,7.560000,step,0.523600,0.000000,0.518013,-0.002099,-0.000032,-0.000000,0.558824,0.209899,0.483652,-1.359937,-10.577107,-0.150394,-0.383637,-0.661158,0.626957,-0.226855,-0.134141,-0.311154,0.103638,0.048723,0.101282
7.580000,7.580000,step,0.523600,0.000000,0.518012,-0.002099,-0.000032,-0.000000,0.558847,0.209911,0.483536,-1.361288,-10.585152,-0.149811,-0.383864,-0.660200,0.627966,-0.226858,-0.134134,-0.311156,0.103688,0.048738,0.101211
7.600000,7.600000,step,0.523600,0.000000,0.518012,-0.002099,-0.000031,-0.000000,0.558876,0.209922,0.483423,-1.362640,-10.593193,-0.149228,-0.384090,-0.659241,0.628973,-0.226859,-0.134129,-0.311157,0.103738,0.048752,0.101140
7.620000,7.620000,step,0.523600,0.000000,0.518012,-0.002099,-0.000031,0.000000,0.558900,0.209932,0.483316,-1.363991,-10.601235,-0.148643,-0.384316,-0.658282,0.629978,-0.226861,-0.134124,-0.311159,0.103786,0.048765,0.101069
7.640000,7.640000,step,0.523600,0.000000,0.518012,-0.002099,-0.000031,0.000000,0.558922,0.209941,0.483212,-1.365343,-10.609281,-0.148058,-0.384542,-0.657321,0.630980,-0.226862,-0.134120,-0.311160,0.103833,0.048778,0.100999
7.660000,7.660000,step,0.523600,0.000000,0.518011,-0.002100,-0.000030,-0.000000,0.558945,0.209949,0.483112,-1.366696,-10.617328,-0.147472,-0.384767,-0.656358,0.631981,-0.226863,-0.134117,-0.311161,0.103878,0.048791,0.100930
7.680000,7.680000,step,0.523600,0.000000,0.518011,-0.002100,-0.000030,-0.000000,0.558967,0.209956,0.483017,-1.368049,-10.625372,-0.146885,-0.384991,-0.655395,0.632980,-0.226863,-0.134114,-0.311162,0.103920,0.048802,0.100863
7.700000,7.700000,step,0.523600,0.000000,0.518011,-0.002100,-0.000029,-0.000000,0.558988,0.209963,0.482925,-1.369401,-10.633417,-0.146297,-0.385215,-0.654430,0.633978,-0.226863,-0.134113,-0.311163,0.103960,0.048813,0.100798
7.720000,7.720000,step,0.523600,0.000000,0.518011,-0.002100,-0.000028,0.000000,0.559009,0.209969,0.482838,-1.370755,-10.641462,-0.145708,-0.385438,-0.653464,0.634974,-0.226863,-0.134112,-0.311163,0.103998,0.048823,0.100736
7.740000,7.740000,step,0.523600,0.000000,0.518010,-0.002100,-0.000026,-0.000000,0.559029,0.209974,0.482755,-1.372108,-10.649508,-0.145118,-0.385660,-0.652497,0.635968,-0.226862,-0.134112,-0.311164,0.104032,0.048832,0.100677
7.760000,7.760000,step,0.523600,0.000000,0.518010,-0.002100,-0.000026,-0.000000,0.559037,0.209979,0.482676,-1.373463,-10.657551,-0.144528,-0.385882,-0.651528,0.636960,-0.226861,-0.134113,-0.311163,0.104064,0.048841,0.100621
7.780000,7.780000,step,0.523600,0.000000,0.518010,-0.002100,-0.000025,0.000000,0.559042,0.209982,0.482601,-1.374817,-10.665595,-0.143937,-0.386103,-0.650558,0.637951,-0.226859,-0.134114,-0.311164,0.104093,0.048849,0.100570
7.800000,7.800000,step,0.523600,0.000000,0.518010,-0.002100,-0.000025,-0.000000,0.559041,0.209983,0.482530,-1.376171,-10.673638,-0.143345,-0.386324,-0.649586,0.638940,-0.226857,-0.134116,-0.311164,0.104118,0.048857,0.100522
7.820000,7.820000,step,0.523600,0.000000,0.518010,-0.002100,-0.000024,0.000000,0.559040,0.209983,0.482463,-1.377526,-10.681681,-0.142752,-0.386543,-0.648613,0.639928,-0.226855,-0.134119,-0.311164,0.104140,0.048863,0.100478
7.840000,7.840000,step,0.523600,0.000000,0.518010,-0.002100,-0.000024,-0.000000,0.559038,0.209981,0.482401,-1.378881,-10.689727,-0.142159,-0.386761,-0.647639,0.640913,-0.226852,-0.134122,-0.311164,0.104159,0.048868,0.100439
7.860000,7.860000,step,0.523600,0.000000,0.518010,-0.002100,-0.000023,-0.000000,0.559036,0.209979,0.482342,-1.380235,-10.697770,-0.141565,-0.386979,-0.646664,0.641897,-0.226849,-0.134126,-0.311164,0.104174,0.048871,0.100405
7.880000,7.880000,step,0.523600,0.000000,0.518010,-0.002100,-0.000022,-0.000000,0.559034,0.209976,0.482288,-1.381591,-10.705815,-0.140970,-0.387196,-0.645687,0.642880,-0.226846,-0.134131,-0.311164,0.104187,0.048873,0.100375
7.900000,7.900000,step,0.523600,0.000000,0.518010,-0.002100,-0.000021,0.000000,0.559030,0.209973,0.482238,-1.382946,-10.713860,-0.140374,-0.387412,-0.644709,0.643861,-0.226842,-0.134136,-0.311164,0.104196,0.048873,0.100350
7.920000,7.920000,step,0.523600,0.000000,0.518010,-0.002100,-0.000020,-0.000000,0.559027,0.209969,0.482192,-1.384301,-10.721902,-0.139778,-0.387627,-0.643730,0.644841,-0.226839,-0.134141,-0.311164,0.104201,0.048872,0.100329
7.940000,7.940000,step,0.523600,0.000000,0.518010,-0.002100,-0.000019,-0.000000,0.559024,0.209965,0.482150,-1.385657,-10.729944,-0.139182,-0.387841,-0.642748,0.645819,-0.226835,-0.134147,-0.311164,0.104204,0.048870,0.100314
7.960000,7.960000,step,0.523600,0.000000,0.518010,-0.002100,-0.000017,0.000000,0.559020,0.209961,0.482112,-1.387013,-10.737988,-0.138586,-0.388054,-0.641766,0.646796,-0.226831,-0.134153,-0.311164,0.104203,0.048866,0.100303
7.980000,7.980000,step,0.523600,0.000000,0.518011,-0.002100,-0.000017,-0.000000,0.558999,0.209957,0.482078,-1.388369,-10.746036,-0.137989,-0.388267,-0.640781,0.647771,-0.226827,-0.134159,-0.311164,0.104200,0.048861,0.100297
8.000000,8.000000,step,0.523600,0.000000,0.518011,-0.002099,-0.000017,-0.000000,0.558976,0.209950,0.482048,-1.389725,-10.754081,-0.137391,-0.388478,-0.639796,0.648745,-0.226823,-0.134166,-0.311164,0.104193,0.048855,0.100297
8.020000,8.020000,step,0.523600,0.000000,0.518011,-0.002099,-0.000017,0.000000,0.558957,0.209942,0.482022,-1.391081,-10.762123,-0.136794,-0.388689,-0.638809,0.649717,-0.226820,-0.134172,-0.311163,0.104185,0.048848,0.100300
8.040000,8.040000,step,0.523600,0.000000,0.518011,-0.002099,-0.000017,0.000000,0.558933,0.209933,0.482001,-1.392438,-10.770167,-0.136196,-0.388899,-0.637820,0.650687,-0.226816,-0.134179,-0.311163,0.104173,0.048840,0.100308
8.060000,8.060000,step,0.523600,0.000000,0.518011,-0.002099,-0.000017,-0.000000,0.558909,0.209923,0.481983,-1.393794,-10.778212,-0.135598,-0.389108,-0.636830,0.651656,-0.226812,-0.134185,-0.311163,0.104159,0.048830,0.100320
8.080000,8.080000,step,0.523600,0.000000,0.518012,-0.002099,-0.000016,0.000000,0.558885,0.209914,0.481970,-1.395151,-10.786257,-0.135000,-0.389315,-0.635838,0.652624,-0.226808,-0.134192,-0.311162,0.104143,0.048821,0.100336
8.100000,8.100000,step,0.523600,0.000000,0.518012,-0.002099,-0.000017,0.000000,0.558861,0.209904,0.481960,-1.396507,-10.794304,-0.134402,-0.389522,-0.634845,0.653590,-0.226804,-0.134199,-0.311162,0.104125,0.048810,0.100356
8.120000,8.120000,step,0.523600,0.000000,0.518012,-0.002099,-0.000017,-0.000000,0.558837,0.209894,0.481955,-1.397864,-10.802348,-0.133804,-0.389729,-0.633849,0.654555,-0.226801,-0.134205,-0.311161,0.104105,0.048799,0.100379
8.140000,8.140000,step,0.523600,0.000000,0.518012,-0.002099,-0.000016,0.000000,0.558820,0.209884,0.481954,-1.399220,-10.810393,-0.133206,-0.389935,-0.632852,0.655519,-0.226799,-0.134212,-0.311160,0.104084,0.048789,0.100404
8.160000,8.160000,step,0.523600,0.000000,0.518013,-0.002099,-0.000016,0.000000,0.558795,0.209875,0.481957,-1.400577,-10.818441,-0.132608,-0.390140,-0.631854,0.656480,-0.226796,-0.134218,-0.311158,0.104060,0.048780,0.100433
8.180000,8.180000,step,0.523600,0.000000,0.518013,-0.002099,-0.000016,-0.000000,0.558771,0.209866,0.481964,-1.401933,-10.826484,-0.132010,-0.390344,-0.630855,0.657439,-0.226794,-0.134225,-0.311157,0.104035,0.048771,0.100464
8.200000,8.200000,step,0.523600,0.000000,0.518013,-0.002099,-0.000017,-0.000000,0.558748,0.209857,0.481975,-1.403289,-10.834529,-0.131412,-0.390548,-0.629854,0.658397,-0.226792,-0.134231,-0.311155,0.104009,0.048763,0.100498
8.220000,8.220000,step,0.523600,0.000000,0.518013,-0.002098,-0.000017,-0.000000,0.558725,0.209848,0.481990,-1.404646,-10.842572,-0.130814,-0.390750,-0.628852,0.659354,-0.226790,-0.134236,-0.311154,0.103981,0.048756,0.100534
8.240000,8.240000,step,0.523600,0.000000,0.518013,-0.002098,-0.000017,-0.000000,0.558706,0.209840,0.482010,-1.406002,-10.850616,-0.130216,-0.390950,-0.627848,0.660309,-0.226788,-0.134241,-0.311152,0.103952,0.048749,0.100572
8.260000,8.260000,step,0.523600,0.000000,0.518014,-0.002098,-0.000017,-0.000000,0.558689,0.209831,0.482034,-1.407358,-10.858662,-0.129619,-0.391150,-0.626843,0.661263,-0.226787,-0.134246,-0.311151,0.103922,0.048743,0.100611
8.280000,8.280000,step,0.523600,0.000000,0.518014,-0.002098,-0.000017,-0.000000,0.558666,0.209824,0.482061,-1.408715,-10.866706,-0.129021,-0.391348,-0.625836,0.662216,-0.226786,-0.134250,-0.311150,0.103893,0.048737,0.100652
8.300000,8.300000,step,0.523600,0.000000,0.518014,-0.002098,-0.000017,-0.000000,0.558654,0.209817,0.482093,-1.410071,-10.874749,-0.128424,-0.391545,-0.624827,0.663168,-0.226784,-0.134254,-0.311149,0.103863,0.048731,0.100692
8.320000,8.320000,step,0.523600,0.000000,0.518014,-0.002098,-0.000017,-0.000000,0.558636,0.209811,0.482129,-1.411427,-10.882793,-0.127826,-0.391741,-0.623817,0.664118,-0.226784,-0.134257,-0.311148,0.103835,0.048725,0.100733
8.340000,8.340000,step,0.523600,0.000000,0.518014,-0.002098,-0.000017,0.000000,0.558625,0.209805,0.482169,-1.412783,-10.890838,-0.127229,-0.391936,-0.622805,0.665066,-0.226783,-0.134260,-0.311148,0.103807,0.048720,0.100773
8.360000,8.360000,step,0.523600,0.000000,0.518014,-0.002098,-0.000017,-0.000000,0.558613,0.209800,0.482213,-1.414139,-10.898881,-0.126632,-0.392130,-0.621792,0.666013,-0.226783,-0.134263,-0.311147,0.103779,0.048716,0.100814
8.380000,8.380000,step,0.523600,0.000000,0.518014,-0.002098,-0.000018,-0.000000,0.558603,0.209796,0.482261,-1.415495,-10.906927,-0.126035,-0.392323,-0.620777,0.666959,-0.226783,-0.134265,-0.311146,0.103752,0.048711,0.100853
8.400000,8.400000,step,0.523600,0.000000,0.518015,-0.002098,-0.000018,0.000000,0.558597,0.209792,0.482314,-1.416850,-10.914972,-0.125438,-0.392515,-0.619761,0.667903,-0.226784,-0.134266,-0.311146,0.103727,0.048708,0.100892
8.420000,8.420000,step,0.523600,0.000000,0.518015,-0.002098,-0.000018,0.000000,0.558585,0.209789,0.482371,-1.418206,-10.923017,-0.124841,-0.392705,-0.618743,0.668845,-0.226784,-0.134267,-0.311146,0.103703,0.048704,0.100929
8.440000,8.440000,step,0.523600,0.000000,0.518015,-0.002098,-0.000018,-0.000000,0.558585,0.209787,0.482432,-1.419561,-10.931060,-0.124244,-0.392895,-0.617725,0.669786,-0.226785,-0.134267,-0.311145,0.103680,0.048701,0.100965
8.460000,8.460000,step,0.523600,0.000000,0.518015,-0.002098,-0.000018,0.000000,0.558580,0.209785,0.482497,-1.420916,-10.939104,-0.123648,-0.393083,-0.616704,0.670725,-0.226786,-0.134267,-0.311145,0.103659,0.048698,0.100999
8.480000,8.480000,step,0.523600,0.000000,0.518015,-0.002098,-0.000018,-0.000000,0.558580,0.209784,0.482566,-1.422271,-10.947148,-0.123051,-0.393271,-0.615683,0.671663,-0.226787,-0.134267,-0.311145,0.103639,0.048696,0.101031
8.500000,8.500000,step,0.523600,0.000000,0.518015,-0.002098,-0.000019,0.000000,0.558575,0.209784,0.482639,-1.423625,-10.955193,-0.122454,-0.393456,-0.614659,0.672600,-0.226788,-0.134265,-0.311146,0.103621,0.048693,0.101061
8.520000,8.520000,step,0.523600,0.000000,0.518015,-0.002098,-0.000019,-0.000000,0.558576,0.209784,0.482716,-1.424979,-10.963239,-0.121858,-0.393641,-0.613634,0.673536,-0.226789,-0.134263,-0.311146,0.103606,0.048691,0.101088
8.540000,8.540000,step,0.523600,0.000000,0.518015,-0.002098,-0.000019,-0.000000,0.558576,0.209785,0.482797,-1.426333,-10.971277,-0.121261,-0.393825,-0.612607,0.674470,-0.226791,-0.134261,-0.311146,0.103593,0.048688,0.101112
8.560000,8.560000,step,0.523600,0.000000,0.518015,-0.002098,-0.000019,-0.000000,0.558578,0.209786,0.482883,-1.427687,-10.979319,-0.120664,-0.394008,-0.611579,0.675403,-0.226792,-0.134259,-0.311147,0.103582,0.048686,0.101134
8.580000,8.580000,step,0.523600,0.000000,0.518015,-0.002098,-0.000020,-0.000000,0.558579,0.209788,0.482973,-1.429040,-10.987365,-0.120067,-0.394190,-0.610549,0.676334,-0.226794,-0.134256,-0.311147,0.103573,0.048684,0.101153
8.600000,8.600000,step,0.523600,0.000000,0.518015,-0.002098,-0.000021,0.000000,0.558581,0.209790,0.483067,-1.430393,-10.995410,-0.119470,-0.394370,-0.609518,0.677264,-0.226795,-0.134253,-0.311148,0.103566,0.048683,0.101169
8.620000,8.620000,step,0.523600,0.000000,0.518015,-0.002098,-0.000021,-0.000000,0.558582,0.209792,0.483165,-1.431746,-11.003452,-0.118873,-0.394550,-0.608486,0.678192,-0.226797,-0.134249,-0.311148,0.103562,0.048681,0.101183
8.640000,8.640000,step,0.523600,0.000000,0.518015,-0.002098,-0.000022,-0.000000,0.558584,0.209794,0.483267,-1.433099,-11.011497,-0.118276,-0.394729,-0.607452,0.679118,-0.226799,-0.134245,-0.311149,0.103560,0.048680,0.101193
8.660000,8.660000,step,0.523600,0.000000,0.518015,-0.002098,-0.000022,-0.000000,0.558586,0.209796,0.483373,-1.434451,-11.019544,-0.117678,-0.394907,-0.606417,0.680043,-0.226801,-0.134241,-0.311150,0.103559,0.048679,0.101200
8.680000,8.680000,step,0.523600,0.000000,0.518015,-0.002098,-0.000023,-0.000000,0.558589,0.209799,0.483484,-1.435803,-11.027589,-0.117080,-0.395084,-0.605381,0.680966,-0.226802,-0.134237,-0.311151,0.103561,0.048678,0.101205
8.700000,8.700000,step,0.523600,0.000000,0.518015,-0.002098,-0.000024,-0.000000,0.558591,0.209801,0.483598,-1.437154,-11.035633,-0.116482,-0.395260,-0.604343,0.681888,-0.226804,-0.134233,-0.311152,0.103565,0.048677,0.101206
8.720000,8.720000,step,0.523600,0.000000,0.518015,-0.002098,-0.000025,-0.000000,0.558594,0.209804,0.483717,-1.438505,-11.043675,-0.115884,-0.395435,-0.603303,0.682808,-0.226806,-0.134228,-0.311153,0.103570,0.048676,0.101205
8.740000,8.740000,step,0.523600,0.000000,0.518015,-0.002098,-0.000026,-0.000000,0.558602,0.209806,0.483840,-1.439856,-11.051720,-0.115285,-0.395609,-0.602263,0.683727,-0.226808,-0.134224,-0.311154,0.103578,0.048675,0.101201
8.760000,8.760000,step,0.523600,0.000000,0.518015,-0.002098,-0.000026,0.000000,0.558614,0.209810,0.483966,-1.441207,-11.059764,-0.114686,-0.395782,-0.601221,0.684644,-0.226810,-0.134219,-0.311155,0.103587,0.048675,0.101194
8.780000,8.780000,step,0.523600,0.000000,0.518014,-0.002098,-0.000026,-0.000000,0.558633,0.209815,0.484098,-1.442557,-11.067809,-0.114087,-0.395955,-0.600177,0.685559,-0.226812,-0.134215,-0.311156,0.103597,0.048675,0.101185
8.800000,8.800000,step,0.523600,0.000000,0.518014,-0.002098,-0.000026,-0.000000,0.558645,0.209821,0.484233,-1.443906,-11.075856,-0.113487,-0.396127,-0.599132,0.686473,-0.226814,-0.134210,-0.311157,0.103609,0.048675,0.101173
8.820000,8.820000,step,0.523600,0.000000,0.518014,-0.002098,-0.000026,-0.000000,0.558657,0.209826,0.484372,-1.445255,-11.083903,-0.112887,-0.396298,-0.598086,0.687385,-0.226816,-0.134206,-0.311158,0.103622,0.048675,0.101159
8.840000,8.840000,step,0.523600,0.000000,0.518014,-0.002098,-0.000026,0.000000,0.558675,0.209832,0.484516,-1.446604,-11.091949,-0.112286,-0.396468,-0.597037,0.688296,-0.226818,-0.134202,-0.311158,0.103636,0.048676,0.101143
8.860000,8.860000,step,0.523600,0.000000,0.518014,-0.002098,-0.000026,-0.000000,0.558687,0.209838,0.484663,-1.447952,-11.099993,-0.111685,-0.396637,-0.595988,0.689205,-0.226819,-0.134198,-0.311159,0.103651,0.048678,0.101125
8.880000,8.880000,step,0.523600,0.000000,0.518014,-0.002098,-0.000026,-0.000000,0.558698,0.209843,0.484815,-1.449300,-11.108037,-0.111084,-0.396806,-0.594938,0.690112,-0.226821,-0.134194,-0.311160,0.103667,0.048680,0.101106
8.900000,8.900000,step,0.523600,0.000000,0.518014,-0.002099,-0.000026,-0.000000,0.558717,0.209849,0.484971,-1.450647,-11.116082,-0.110482,-0.396974,-0.593886,0.691017,-0.226823,-0.134191,-0.311160,0.103683,0.048682,0.101085
8.920000,8.920000,step,0.523600,0.000000,0.518013,-0.002099,-0.000026,0.000000,0.558728,0.209854,0.485131,-1.451994,-11.124127,-0.109880,-0.397141,-0.592833,0.691920,-0.226824,-0.134188,-0.311161,0.103699,0.048685,0.101064
8.940000,8.940000,step,0.523600,0.000000,0.518013,-0.002099,-0.000026,-0.000000,0.558739,0.209859,0.485295,-1.453341,-11.132170,-0.109277,-0.397308,-0.591779,0.692822,-0.226826,-0.134185,-0.311161,0.103716,0.048688,0.101041
8.960000,8.960000,step,0.523600,0.000000,0.518013,-0.002099,-0.000026,-0.000000,0.558752,0.209864,0.485463,-1.454687,-11.140212,-0.108674,-0.397474,-0.590724,0.693722,-0.226827,-0.134182,-0.311161,0.103732,0.048692,0.101018
8.980000,8.980000,step,0.523600,0.000000,0.518013,-0.002099,-0.000026,0.000000,0.558764,0.209868,0.485636,-1.456032,-11.148257,-0.108070,-0.397638,-0.589667,0.694620,-0.226828,-0.134180,-0.311162,0.103748,0.048697,0.100995
9.000000,9.000000,step,0.523600,0.000000,0.518013,-0.002099,-0.000026,0.000000,0.558769,0.209872,0.485812,-1.457377,-11.156300,-0.107466,-0.397802,-0.588609,0.695517,-0.226829,-0.134177,-0.311162,0.103763,0.048701,0.100971
9.020000,9.020000,step,0.523600,0.000000,0.518013,-0.002099,-0.000026,-0.000000,0.558780,0.209876,0.485993,-1.458721,-11.164346,-0.106862,-0.397965,-0.587550,0.696412,-0.226830,-0.134175,-0.311162,0.103779,0.048706,0.100948
9.040000,9.040000,step,0.523600,0.000000,0.518013,-0.002099,-0.000026,0.000000,0.558786,0.209880,0.486178,-1.460064,-11.172392,-0.106257,-0.398128,-0.586489,0.697305,-0.226831,-0.134174,-0.311162,0.103794,0.048711,0.100924
9.060000,9.060000,step,0.523600,0.000000,0.518013,-0.002099,-0.000026,0.000000,0.558793,0.209883,0.486366,-1.461408,-11.180437,-0.105651,-0.398289,-0.585427,0.698197,-0.226831,-0.134172,-0.311161,0.103808,0.048716,0.100901
9.080000,9.080000,step,0.523600,0.000000,0.518013,-0.002099,-0.000025,-0.000000,0.558798,0.209885,0.486559,-1.462750,-11.188482,-0.105045,-0.398450,-0.584363,0.699087,-0.226832,-0.134171,-0.311161,0.103821,0.048722,0.100878
9.100000,9.100000,step,0.523600,0.000000,0.518013,-0.002099,-0.000025,-0.000000,0.558810,0.209887,0.486756,-1.464092,-11.196529,-0.104438,-0.398610,-0.583298,0.699975,-0.226832,-0.134171,-0.311161,0.103834,0.048729,0.100855
9.120000,9.120000,step,0.523600,0.000000,0.518013,-0.002099,-0.000025,-0.000000,0.558810,0.209889,0.486957,-1.465433,-11.204574,-0.103831,-0.398770,-0.582232,0.700862,-0.226832,-0.134170,-0.311160,0.103846,0.048736,0.100834
9.140000,9.140000,step,0.523600,0.000000,0.518013,-0.002099,-0.000025,-0.000000,0.558815,0.209891,0.487162,-1.466774,-11.212620,-0.103224,-0.398928,-0.581164,0.701747,-0.226833,-0.134170,-0.311160,0.103857,0.048742,0.100813
9.160000,9.160000,step,0.523600,0.000000,0.518013,-0.002099,-0.000025,-0.000000,0.558821,0.209892,0.487371,-1.468114,-11.220665,-0.102616,-0.399085,-0.580095,0.702631,-0.226832,-0.134170,-0.311159,0.103867,0.048749,0.100793
9.180000,9.180000,step,0.523600,0.000000,0.518013,-0.002099,-0.000025,-0.000000,0.558821,0.209893,0.487584,-1.469453,-11.228708,-0.102007,-0.399241,-0.579025,0.703513,-0.226832,-0.134170,-0.311159,0.103876,0.048756,0.100775
9.200000,9.200000,step,0.523600,0.000000,0.518013,-0.002099,-0.000025,0.000000,0.558821,0.209894,0.487801,-1.470792,-11.236753,-0.101398,-0.399396,-0.577954,0.704394,-0.226832,-0.134170,-0.311159,0.103884,0.048761,0.100757
9.220000,9.220000,step,0.523600,0.000000,0.518012,-0.002099,-0.000025,0.000000,0.558826,0.209894,0.488023,-1.472130,-11.244798,-0.100789,-0.399551,-0.576881,0.705272,-0.226831,-0.134171,-0.311158,0.103892,0.048767,0.100741
9.240000,9.240000,step,0.523600,0.000000,0.518012,-0.002099,-0.000025,-0.000000,0.558826,0.209894,0.488248,-1.473468,-11.252844,-0.100180,-0.399704,-0.575806,0.706150,-0.226831,-0.134171,-0.311158,0.103898,0.048773,0.100726
9.260000,9.260000,step,0.523600,0.000000,0.518012,-0.002099,-0.000024,-0.000000,0.558825,0.209894,0.488477,-1.474805,-11.260888,-0.099570,-0.399857,-0.574731,0.707025,-0.226830,-0.134173,-0.311157,0.103904,0.048779,0.100712
9.280000,9.280000,step,0.523600,0.000000,0.518012,-0.002099,-0.000024,-0.000000,0.558825,0.209893,0.488711,-1.476141,-11.268935,-0.098959,-0.400009,-0.573654,0.707899,-0.226829,-0.134174,-0.311157,0.103909,0.048784,0.100700
9.300000,9.300000,step,0.523600,0.000000,0.518012,-0.002099,-0.000024,0.000000,0.558824,0.209893,0.488948,-1.477476,-11.276979,-0.098349,-0.400160,-0.572576,0.708771,-0.226828,-0.134175,-0.311156,0.103912,0.048789,0.100689
9.320000,9.320000,step,0.523600,0.000000,0.518012,-0.002099,-0.000024,-0.000000,0.558824,0.209892,0.489190,-1.478811,-11.285025,-0.097738,-0.400310,-0.571496,0.709642,-0.226827,-0.134177,-0.311155,0.103915,0.048794,0.100679
9.340000,9.340000,step,0.523600,0.000000,0.518012,-0.002099,-0.000024,-0.000000,0.558823,0.209891,0.489436,-1.480145,-11.293072,-0.097126,-0.400459,-0.570415,0.710511,-0.226826,-0.134179,-0.311155,0.103917,0.048798,0.100671
9.360000,9.360000,step,0.523600,0.000000,0.518012,-0.002099,-0.000023,-0.000000,0.558822,0.209890,0.489685,-1.481479,-11.301116,-0.096515,-0.400607,-0.569333,0.711378,-0.226825,-0.134180,-0.311155,0.103918,0.048803,0.100665
9.380000,9.380000,step,0.523600,0.000000,0.518012,-0.002099,-0.000023,0.000000,0.558821,0.209889,0.489939,-1.482811,-11.309160,-0.095903,-0.400754,-0.568249,0.712244,-0.226824,-0.134182,-0.311154,0.103918,0.048806,0.100660
9.400000,9.400000,step,0.523600,0.000000,0.518012,-0.002099,-0.000023,-0.000000,0.558820,0.209887,0.490197,-1.484142,-11.317205,-0.095291,-0.400901,-0.567164,0.713108,-0.226823,-0.134184,-0.311154,0.103917,0.048810,0.100656
9.420000,9.420000,step,0.523600,0.000000,0.518012,-0.002099,-0.000022,0.000000,0.558819,0.209886,0.490459,-1.485473,-11.325253,-0.094678,-0.401046,-0.566078,0.713970,-0.226822,-0.134187,-0.311153,0.103915,0.048813,0.100654
9.440000,9.440000,step,0.523600,0.000000,0.518012,-0.002099,-0.000022,0.000000,0.558817,0.209885,0.490724,-1.486803,-11.333296,-0.094065,-0.401191,-0.564991,0.714831,-0.226821,-0.134189,-0.311153,0.103912,0.048816,0.100653
9.460000,9.460000,step,0.523600,0.000000,0.518012,-0.002099,-0.000021,0.000000,0.558816,0.209884,0.490994,-1.488133,-11.341344,-0.093452,-0.401334,-0.563902,0.715690,-0.226820,-0.134191,-0.311152,0.103909,0.048818,0.100654
9.480000,9.480000,step,0.523600,0.000000,0.518012,-0.002099,-0.000021,-0.000000,0.558814,0.209883,0.491268,-1.489461,-11.349387,-0.092839,-0.401477,-0.562812,0.716547,-0.226819,-0.134194,-0.311152,0.103904,0.048820,0.100656
9.500000,9.500000,step,0.523600,0.000000,0.518012,-0.002099,-0.000020,-0.000000,0.558813,0.209881,0.491546,-1.490789,-11.357430,-0.092226,-0.401618,-0.561720,0.717403,-0.226818,-0.134196,-0.311152,0.103899,0.048822,0.100660
9.520000,9.520000,step,0.523600,0.000000,0.518012,-0.002099,-0.000020,0.000000,0.558811,0.209880,0.491828,-1.492116,-11.365475,-0.091612,-0.401759,-0.560628,0.718257,-0.226817,-0.134199,-0.311151,0.103894,0.048823,0.100665
9.540000,9.540000,step,0.523600,0.000000,0.518012,-0.002099,-0.000019,-0.000000,0.558810,0.209878,0.492114,-1.493441,-11.373519,-0.090998,-0.401899,-0.559534,0.719110,-0.226816,-0.134201,-0.311151,0.103887,0.048824,0.100671
9.560000,9.560000,step,0.523600,0.000000,0.518012,-0.002099,-0.000019,-0.000000,0.558808,0.209877,0.492404,-1.494767,-11.381559,-0.090384,-0.402037,-0.558438,0.719960,-0.226815,-0.134204,-0.311150,0.103880,0.048825,0.100679
9.580000,9.580000,step,0.523600,0.000000,0.518012,-0.002099,-0.000018,-0.000000,0.558806,0.209875,0.492698,-1.496091,-11.389604,-0.089770,-0.402175,-0.557342,0.720810,-0.226815,-0.134207,-0.311150,0.103872,0.048825,0.100688
9.600000,9.600000,step,0.523600,0.000000,0.518013,-0.002099,-0.000018,0.000000,0.558799,0.209873,0.492997,-1.497415,-11.397647,-0.089156,-0.402312,-0.556244,0.721657,-0.226814,-0.134209,-0.311150,0.103864,0.048825,0.100698
9.620000,9.620000,step,0.523600,0.000000,0.518013,-0.002099,-0.000018,0.000000,0.558787,0.209871,0.493299,-1.498737,-11.405692,-0.088542,-0.402448,-0.555145,0.722503,-0.226813,-0.134212,-0.311149,0.103855,0.048825,0.100709
9.640000,9.640000,step,0.523600,0.000000,0.518013,-0.002099,-0.000018,-0.000000,0.558781,0.209868,0.493605,-1.500058,-11.413733,-0.087928,-0.402583,-0.554044,0.723347,-0.226812,-0.134214,-0.311149,0.103846,0.048824,0.100721
9.660000,9.660000,step,0.523600,0.000000,0.518013,-0.002099,-0.000018,-0.000000,0.558775,0.209866,0.493915,-1.501379,-11.421779,-0.087313,-0.402716,-0.552943,0.724190,-0.226811,-0.134216,-0.311149,0.103836,0.048823,0.100733
9.680000,9.680000,step,0.523600,0.000000,0.518013,-0.002099,-0.000018,0.000000,0.558769,0.209863,0.494229,-1.502698,-11.429820,-0.086699,-0.402848,-0.551840,0.725030,-0.226810,-0.134217,-0.311150,0.103827,0.048822,0.100747
9.700000,9.700000,step,0.523600,0.000000,0.518013,-0.002099,-0.000018,0.000000,0.558763,0.209860,0.494547,-1.504017,-11.437864,-0.086084,-0.402980,-0.550736,0.725870,-0.226810,-0.134219,-0.311150,0.103818,0.048819,0.100760
9.720000,9.720000,step,0.523600,0.000000,0.518013,-0.002099,-0.000018,0.000000,0.558751,0.209857,0.494869,-1.505335,-11.445908,-0.085470,-0.403110,-0.549630,0.726707,-0.226809,-0.134221,-0.311150,0.103808,0.048816,0.100774
9.740000,9.740000,step,0.523600,0.000000,0.518013,-0.002099,-0.000018,-0.000000,0.558745,0.209855,0.495196,-1.506652,-11.453953,-0.084855,-0.403240,-0.548524,0.727543,-0.226809,-0.134222,-0.311150,0.103799,0.048813,0.100788
9.760000,9.760000,step,0.523600,0.000000,0.518013,-0.002099,-0.000018,-0.000000,0.558740,0.209852,0.495526,-1.507967,-11.461998,-0.084240,-0.403369,-0.547416,0.728377,-0.226808,-0.134223,-0.311150,0.103790,0.048809,0.100802
9.780000,9.780000,step,0.523600,0.000000,0.518013,-0.002098,-0.000018,-0.000000,0.558734,0.209850,0.495860,-1.509282,-11.470043,-0.083626,-0.403496,-0.546306,0.729210,-0.226808,-0.134224,-0.311151,0.103782,0.048806,0.100817
9.800000,9.800000,step,0.523600,0.000000,0.518013,-0.002098,-0.000018,-0.000000,0.558728,0.209848,0.496198,-1.510595,-11.478086,-0.083011,-0.403623,-0.545196,0.730040,-0.226807,-0.134225,-0.311151,0.103773,0.048802,0.100831
9.820000,9.820000,step,0.523600,0.000000,0.518013,-0.002098,-0.000018,0.000000,0.558728,0.209846,0.496541,-1.511908,-11.486131,-0.082396,-0.403749,-0.544084,0.730870,-0.226807,-0.134226,-0.311151,0.103765,0.048797,0.100845
9.840000,9.840000,step,0.523600,0.000000,0.518013,-0.002098,-0.000018,-0.000000,0.558722,0.209844,0.496887,-1.513219,-11.494173,-0.081781,-0.403874,-0.542971,0.731697,-0.226807,-0.134227,-0.311152,0.103757,0.048793,0.100859
9.860000,9.860000,step,0.523600,0.000000,0.518013,-0.002098,-0.000018,-0.000000,0.558716,0.209843,0.497237,-1.514529,-11.502217,-0.081166,-0.403997,-0.541857,0.732523,-0.226807,-0.134227,-0.311152,0.103749,0.048789,0.100872
9.880000,9.880000,step,0.523600,0.000000,0.518013,-0.002098,-0.000018,0.000000,0.558717,0.209841,0.497591,-1.515838,-11.510265,-0.080551,-0.404120,-0.540741,0.733347,-0.226807,-0.134228,-0.311152,0.103742,0.048785,0.100885
9.900000,9.900000,step,0.523600,0.000000,0.518013,-0.002098,-0.000018,-0.000000,0.558711,0.209841,0.497950,-1.517146,-11.518307,-0.079936,-0.404242,-0.539624,0.734169,-0.226807,-0.134228,-0.311152,0.103736,0.048781,0.100898
9.920000,9.920000,step,0.523600,0.000000,0.518013,-0.002098,-0.000018,-0.000000,0.558711,0.209839,0.498312,-1.518453,-11.526353,-0.079321,-0.404363,-0.538506,0.734989,-0.226808,-0.134228,-0.311153,0.103729,0.048777,0.100910
9.940000,9.940000,step,0.523600,0.000000,0.518013,-0.002098,-0.000018,0.000000,0.558711,0.209839,0.498678,-1.519760,-11.534400,-0.078706,-0.404484,-0.537387,0.735808,-0.226808,-0.134228,-0.311153,0.103723,0.048773,0.100921
9.960000,9.960000,step,0.523600,0.000000,0.518013,-0.002098,-0.000018,-0.000000,0.558705,0.209839,0.499048,-1.521065,-11.542444,-0.078091,-0.404603,-0.536266,0.736625,-0.226808,-0.134228,-0.311153,0.103718,0.048770,0.100932
9.980000,9.980000,step,0.523600,0.000000,0.518013,-0.002098,-0.000019,0.000000,0.558706,0.209838,0.499423,-1.522369,-11.550489,-0.077476,-0.404721,-0.535144,0.737441,-0.226809,-0.134227,-0.311153,0.103712,0.048767,0.100943
10.000000,10.000000,step,0.523600,0.000000,0.518013,-0.002098,-0.000019,-0.000000,0.558706,0.209838,0.499801,-1.523672,-11.558536,-0.076860,-0.404838,-0.534021,0.738254,-0.226809,-0.134227,-0.311153,0.103708,0.048764,0.100952
10.020000,10.020000,step,0.523600,0.000000,0.518013,-0.002098,-0.000019,-0.000000,0.558706,0.209838,0.500183,-1.524973,-11.566582,-0.076245,-0.404955,-0.532897,0.739066,-0.226810,-0.134226,-0.311154,0.103704,0.048761,0.100961
10.040000,10.040000,step,0.523600,0.000000,0.518013,-0.002098,-0.000019,-0.000000,0.558707,0.209838,0.500569,-1.526273,-11.574626,-0.075630,-0.405070,-0.531771,0.739877,-0.226811,-0.134226,-0.311154,0.103700,0.048759,0.100969
10.060000,10.060000,step,0.523600,0.000000,0.518013,-0.002098,-0.000019,0.000000,0.558707,0.209839,0.500959,-1.527572,-11.582672,-0.075014,-0.405185,-0.530644,0.740685,-0.226811,-0.134225,-0.311154,0.103697,0.048757,0.100976
10.080000,10.080000,step,0.523600,0.000000,0.518013,-0.002098,-0.000019,0.000000,0.558707,0.209839,0.501353,-1.528870,-11.590717,-0.074398,-0.405298,-0.529516,0.741492,-0.226812,-0.134224,-0.311154,0.103694,0.048755,0.100982
10.100000,10.100000,step,0.523600,0.000000,0.518013,-0.002098,-0.000019,-0.000000,0.558708,0.209840,0.501751,-1.530167,-11.598763,-0.073782,-0.405411,-0.528387,0.742297,-0.226812,-0.134223,-0.311154,0.103692,0.048754,0.100988
10.120000,10.120000,step,0.523600,0.000000,0.518013,-0.002098,-0.000019,0.000000,0.558708,0.209840,0.502153,-1.531463,-11.606808,-0.073166,-0.405522,-0.527256,0.743101,-0.226813,-0.134222,-0.311154,0.103691,0.048752,0.100992
10.140000,10.140000,step,0.523600,0.000000,0.518013,-0.002098,-0.000020,-0.000000,0.558709,0.209841,0.502559,-1.532757,-11.614854,-0.072550,-0.405633,-0.526125,0.743903,-0.226814,-0.134220,-0.311155,0.103690,0.048751,0.100996
10.160000,10.160000,step,0.523600,0.000000,0.518013,-0.002098,-0.000020,0.000000,0.558710,0.209842,0.502968,-1.534049,-11.622900,-0.071934,-0.405742,-0.524992,0.744703,-0.226814,-0.134219,-0.311155,0.103690,0.048750,0.100998
10.180000,10.180000,step,0.523600,0.000000,0.518013,-0.002098,-0.000020,-0.000000,0.558710,0.209843,0.503382,-1.535341,-11.630943,-0.071318,-0.405851,-0.523858,0.745501,-0.226815,-0.134218,-0.311155,0.103690,0.048749,0.101000
10.200000,10.200000,step,0.523600,0.000000,0.518013,-0.002098,-0.000020,-0.000000,0.558711,0.209844,0.503800,-1.536631,-11.638988,-0.070701,-0.405958,-0.522723,0.746297,-0.226816,-0.134216,-0.311156,0.103691,0.048748,0.101001
10.220000,10.220000,step,0.523600,0.000000,0.518013,-0.002098,-0.000021,-0.000000,0.558712,0.209844,0.504221,-1.537920,-11.647032,-0.070085,-0.406065,-0.521586,0.747092,-0.226816,-0.134215,-0.311156,0.103692,0.048747,0.101000
10.240000,10.240000,step,0.523600,0.000000,0.518013,-0.002098,-0.000021,-0.000000,0.558713,0.209845,0.504647,-1.539208,-11.655076,-0.069468,-0.406171,-0.520448,0.747886,-0.226817,-0.134213,-0.311156,0.103694,0.048746,0.100999
10.260000,10.260000,step,0.523600,0.000000,0.518013,-0.002098,-0.000021,-0.000000,0.558714,0.209846,0.505076,-1.540495,-11.663119,-0.068851,-0.406276,-0.519309,0.748677,-0.226817,-0.134211,-0.311157,0.103697,0.048746,0.100998
10.280000,10.280000,step,0.523600,0.000000,0.518013,-0.002098,-0.000022,0.000000,0.558715,0.209847,0.505510,-1.541780,-11.671167,-0.068234,-0.406380,-0.518169,0.749467,-0.226818,-0.134210,-0.311157,0.103700,0.048745,0.100995
10.300000,10.300000,step,0.523600,0.000000,0.518013,-0.002098,-0.000022,-0.000000,0.558716,0.209848,0.505947,-1.543064,-11.679209,-0.067616,-0.406483,-0.517028,0.750255,-0.226819,-0.134208,-0.311157,0.103703,0.048745,0.100991
10.320000,10.320000,step,0.523600,0.000000,0.518013,-0.002098,-0.000022,0.000000,0.558717,0.209849,0.506388,-1.544347,-11.687254,-0.066999,-0.406585,-0.515884,0.751041,-0.226819,-0.134206,-0.311158,0.103707,0.048745,0.100987
10.340000,10.340000,step,0.523600,0.000000,0.518013,-0.002098,-0.000023,-0.000000,0.558718,0.209850,0.506833,-1.545628,-11.695297,-0.066381,-0.406686,-0.514740,0.751827,-0.226820,-0.134205,-0.311158,0.103711,0.048745,0.100982
10.360000,10.360000,step,0.523600,0.000000,0.518013,-0.002099,-0.000023,0.000000,0.558719,0.209850,0.507282,-1.546908,-11.703340,-0.065763,-0.406786,-0.513595,0.752610,-0.226820,-0.134203,-0.311158,0.103717,0.048744,0.100976
10.380000,10.380000,step,0.523600,0.000000,0.518013,-0.002099,-0.000023,0.000000,0.558720,0.209851,0.507735,-1.548186,-11.711383,-0.065144,-0.406885,-0.512448,0.753391,-0.226820,-0.134201,-0.311159,0.103722,0.048744,0.100969
10.400000,10.400000,step,0.523600,0.000000,0.518013,-0.002099,-0.000024,0.000000,0.558721,0.209852,0.508192,-1.549464,-11.719426,-0.064526,-0.406983,-0.511300,0.754171,-0.226821,-0.134200,-0.311159,0.103728,0.048743,0.100962
10.420000,10.420000,step,0.523600,0.000000,0.518013,-0.002099,-0.000024,0.000000,0.558722,0.209853,0.508653,-1.550739,-11.727468,-0.063907,-0.407080,-0.510151,0.754949,-0.226821,-0.134198,-0.311160,0.103735,0.048743,0.100953
10.440000,10.440000,step,0.523600,0.000000,0.518013,-0.002099,-0.000024,-0.000000,0.558723,0.209854,0.509117,-1.552014,-11.735514,-0.063288,-0.407176,-0.509001,0.755725,-0.226821,-0.134196,-0.311160,0.103742,0.048742,0.100945
10.460000,10.460000,step,0.523600,0.000000,0.518013,-0.002099,-0.000025,0.000000,0.558724,0.209855,0.509586,-1.553287,-11.743561,-0.062669,-0.407271,-0.507849,0.756500,-0.226821,-0.134195,-0.311161,0.103749,0.048741,0.100935
10.480000,10.480000,step,0.523600,0.000000,0.518013,-0.002099,-0.000025,-0.000000,0.558725,0.209856,0.510058,-1.554558,-11.751604,-0.062050,-0.407365,-0.506697,0.757273,-0.226821,-0.134193,-0.311161,0.103756,0.048740,0.100926
10.500000,10.500000,step,0.523600,0.000000,0.518013,-0.002099,-0.000025,0.000000,0.558732,0.209857,0.510534,-1.555827,-11.759648,-0.061430,-0.407459,-0.505543,0.758044,-0.226822,-0.134192,-0.311162,0.103764,0.048739,0.100915
10.520000,10.520000,step,0.523600,0.000000,0.518013,-0.002099,-0.000025,0.000000,0.558738,0.209858,0.511014,-1.557096,-11.767693,-0.060810,-0.407551,-0.504388,0.758813,-0.226821,-0.134190,-0.311162,0.103772,0.048737,0.100905
10.540000,10.540000,step,0.523600,0.000000,0.518013,-0.002099,-0.000025,-0.000000,0.558738,0.209860,0.511498,-1.558363,-11.775735,-0.060190,-0.407643,-0.503232,0.759580,-0.226822,-0.134189,-0.311163,0.103780,0.048736,0.100894
10.560000,10.560000,step,0.523600,0.000000,0.518013,-0.002099,-0.000025,-0.000000,0.558744,0.209862,0.511986,-1.559629,-11.783779,-0.059570,-0.407734,-0.502074,0.760346,-0.226821,-0.134188,-0.311163,0.103788,0.048735,0.100883
10.580000,10.580000,step,0.523600,0.000000,0.518013,-0.002099,-0.000025,0.000000,0.558749,0.209863,0.512477,-1.560893,-11.791823,-0.058949,-0.407824,-0.500916,0.761110,-0.226822,-0.134188,-0.311163,0.103796,0.048734,0.100871
10.600000,10.600000,step,0.523600,0.000000,0.518013,-0.002099,-0.000025,0.000000,0.558750,0.209864,0.512973,-1.562156,-11.799868,-0.058328,-0.407914,-0.499756,0.761872,-0.226822,-0.134187,-0.311163,0.103804,0.048734,0.100860
10.620000,10.620000,step,0.523600,0.000000,0.518013,-0.002099,-0.000025,-0.000000,0.558756,0.209866,0.513472,-1.563417,-11.807915,-0.057707,-0.408002,-0.498596,0.762631,-0.226822,-0.134186,-0.311163,0.103811,0.048733,0.100850
10.640000,10.640000,step,0.523600,0.000000,0.518013,-0.002099,-0.000025,0.000000,0.558755,0.209867,0.513975,-1.564676,-11.815960,-0.057086,-0.408089,-0.497434,0.763389,-0.226821,-0.134186,-0.311163,0.103818,0.048733,0.100839
10.660000,10.660000,step,0.523600,0.000000,0.518013,-0.002099,-0.000025,-0.000000,0.558756,0.209867,0.514482,-1.565935,-11.824004,-0.056464,-0.408176,-0.496272,0.764146,-0.226821,-0.134186,-0.311163,0.103824,0.048733,0.100830
10.680000,10.680000,step,0.523600,0.000000,0.518013,-0.002099,-0.000025,-0.000000,0.558761,0.209868,0.514993,-1.567191,-11.832051,-0.055843,-0.408261,-0.495108,0.764900,-0.226821,-0.134186,-0.311163,0.103830,0.048733,0.100820
10.700000,10.700000,step,0.523600,0.000000,0.518013,-0.002099,-0.000025,-0.000000,0.558761,0.209868,0.515508,-1.568446,-11.840097,-0.055221,-0.408346,-0.493943,0.765653,-0.226820,-0.134186,-0.311163,0.103835,0.048733,0.100811
10.720000,10.720000,step,0.523600,0.000000,0.518013,-0.002099,-0.000025,-0.000000,0.558761,0.209869,0.516026,-1.569699,-11.848143,-0.054598,-0.408429,-0.492778,0.766404,-0.226820,-0.134186,-0.311163,0.103840,0.048733,0.100803
10.740000,10.740000,step,0.523600,0.000000,0.518013,-0.002099,-0.000025,-0.000000,0.558760,0.209868,0.516549,-1.570951,-11.856188,-0.053976,-0.408512,-0.491611,0.767153,-0.226819,-0.134186,-0.311163,0.103844,0.048733,0.100795
10.760000,10.760000,step,0.523600,0.000000,0.518013,-0.002099,-0.000025,-0.000000,0.558760,0.209868,0.517075,-1.572201,-11.864233,-0.053353,-0.408593,-0.490442,0.767900,-0.226819,-0.134187,-0.311163,0.103848,0.048732,0.100788
10.780000,10.780000,step,0.523600,0.000000,0.518013,-0.002099,-0.000025,0.000000,0.558760,0.209868,0.517604,-1.573450,-11.872279,-0.052731,-0.408674,-0.489273,0.768646,-0.226818,-0.134187,-0.311163,0.103852,0.048731,0.100782
10.800000,10.800000,step,0.523600,0.000000,0.518013,-0.002099,-0.000025,-0.000000,0.558760,0.209867,0.518138,-1.574697,-11.880323,-0.052108,-0.408753,-0.488103,0.769390,-0.226817,-0.134188,-0.311163,0.103855,0.048730,0.100776
10.820000,10.820000,step,0.523600,0.000000,0.518013,-0.002099,-0.000024,-0.000000,0.558760,0.209867,0.518675,-1.575942,-11.888370,-0.051485,-0.408832,-0.486931,0.770132,-0.226816,-0.134188,-0.311163,0.103857,0.048729,0.100771
10.840000,10.840000,step,0.523600,0.000000,0.518013,-0.002099,-0.000024,-0.000000,0.558759,0.209867,0.519217,-1.577186,-11.896415,-0.050861,-0.408910,-0.485758,0.770872,-0.226816,-0.134189,-0.311163,0.103859,0.048727,0.100767
10.860000,10.860000,step,0.523600,0.000000,0.518013,-0.002099,-0.000024,-0.000000,0.558759,0.209866,0.519762,-1.578428,-11.904461,-0.050238,-0.408987,-0.484585,0.771611,-0.226815,-0.134190,-0.311164,0.103861,0.048725,0.100763
10.880000,10.880000,step,0.523600,0.000000,0.518013,-0.002099,-0.000024,-0.000000,0.558758,0.209865,0.520311,-1.579669,-11.912506,-0.049614,-0.409063,-0.483410,0.772348,-0.226814,-0.134190,-0.311163,0.103862,0.048723,0.100761
10.900000,10.900000,step,0.523600,0.000000,0.518013,-0.002099,-0.000024,-0.000000,0.558757,0.209865,0.520863,-1.580907,-11.920551,-0.048990,-0.409138,-0.482234,0.773082,-0.226814,-0.134191,-0.311163,0.103863,0.048721,0.100758
10.920000,10.920000,step,0.523600,0.000000,0.518013,-0.002099,-0.000023,0.000000,0.558757,0.209864,0.521419,-1.582144,-11.928597,-0.048367,-0.409212,-0.481057,0.773815,-0.226813,-0.134192,-0.311163,0.103863,0.048719,0.100757
10.940000,10.940000,step,0.523600,0.000000,0.518013,-0.002099,-0.000023,-0.000000,0.558756,0.209864,0.521979,-1.583380,-11.936643,-0.047743,-0.409286,-0.479878,0.774547,-0.226812,-0.134193,-0.311163,0.103863,0.048717,0.100756
10.960000,10.960000,step,0.523600,0.000000,0.518013,-0.002099,-0.000023,-0.000000,0.558756,0.209863,0.522543,-1.584613,-11.944688,-0.047119,-0.409358,-0.478699,0.775276,-0.226812,-0.134194,-0.311163,0.103862,0.048715,0.100756
10.980000,10.980000,step,0.523600,0.000000,0.518013,-0.002099,-0.000023,-0.000000,0.558755,0.209862,0.523111,-1.585845,-11.952733,-0.046494,-0.409430,-0.477518,0.776004,-0.226811,-0.134195,-0.311163,0.103860,0.048714,0.100757
11.000000,11.000000,step,0.523600,0.000000,0.518013,-0.002099,-0.000023,-0.000000,0.558754,0.209862,0.523682,-1.587075,-11.960780,-0.045870,-0.409500,-0.476337,0.776730,-0.226811,-0.134196,-0.311162,0.103859,0.048712,0.100759
11.020000,11.020000,step,0.523600,0.000000,0.518013,-0.002099,-0.000022,-0.000000,0.558753,0.209861,0.524257,-1.588304,-11.968824,-0.045246,-0.409570,-0.475154,0.777454,-0.226810,-0.134198,-0.311162,0.103856,0.048710,0.100761
11.040000,11.040000,step,0.523600,0.000000,0.518013,-0.002099,-0.000022,-0.000000,0.558752,0.209860,0.524836,-1.589531,-11.976871,-0.044621,-0.409639,-0.473970,0.778176,-0.226810,-0.134199,-0.311162,0.103853,0.048709,0.100764
11.060000,11.060000,step,0.523600,0.000000,0.518013,-0.002099,-0.000022,0.000000,0.558752,0.209860,0.525418,-1.590756,-11.984917,-0.043997,-0.409706,-0.472785,0.778896,-0.226809,-0.134200,-0.311162,0.103850,0.048708,0.100767
11.080000,11.080000,step,0.523600,0.000000,0.518013,-0.002099,-0.000022,-0.000000,0.558751,0.209859,0.526005,-1.591979,-11.992963,-0.043372,-0.409773,-0.471599,0.779615,-0.226809,-0.134201,-0.311161,0.103847,0.048706,0.100771
11.100000,11.100000,step,0.523600,0.000000,0.518013,-0.002099,-0.000021,-0.000000,0.558750,0.209858,0.526595,-1.593201,-12.001009,-0.042748,-0.409839,-0.470412,0.780332,-0.226808,-0.134202,-0.311161,0.103843,0.048705,0.100775
11.120000,11.120000,step,0.523600,0.000000,0.518013,-0.002099,-0.000021,-0.000000,0.558750,0.209858,0.527188,-1.594421,-12.009053,-0.042123,-0.409904,-0.469223,0.781047,-0.226808,-0.134203,-0.311161,0.103839,0.048704,0.100780
11.140000,11.140000,step,0.523600,0.000000,0.518013,-0.002099,-0.000021,-0.000000,0.558749,0.209857,0.527786,-1.595638,-12.017099,-0.041498,-0.409967,-0.468034,0.781760,-0.226807,-0.134204,-0.311161,0.103835,0.048703,0.100785
11.160000,11.160000,step,0.523600,0.000000,0.518013,-0.002099,-0.000021,-0.000000,0.558748,0.209857,0.528387,-1.596855,-12.025146,-0.040874,-0.410030,-0.466844,0.782472,-0.226807,-0.134205,-0.311160,0.103830,0.048701,0.100791
11.180000,11.180000,step,0.523600,0.000000,0.518013,-0.002099,-0.000020,0.000000,0.558748,0.209856,0.528992,-1.598069,-12.033189,-0.040249,-0.410092,-0.465652,0.783181,-0.226807,-0.134206,-0.311160,0.103826,0.048700,0.100797
11.200000,11.200000,step,0.523600,0.000000,0.518013,-0.002099,-0.000020,0.000000,0.558747,0.209855,0.529600,-1.599281,-12.041232,-0.039624,-0.410153,-0.464459,0.783889,-0.226806,-0.134207,-0.311160,0.103822,0.048698,0.100803
11.220000,11.220000,step,0.523600,0.000000,0.518013,-0.002099,-0.000020,-0.000000,0.558747,0.209855,0.530212,-1.600491,-12.049276,-0.038999,-0.410213,-0.463266,0.784595,-0.226806,-0.134207,-0.311160,0.103817,0.048697,0.100809
11.240000,11.240000,step,0.523600,0.000000,0.518013,-0.002099,-0.000020,-0.000000,0.558746,0.209855,0.530828,-1.601699,-12.057322,-0.038374,-0.410271,-0.462071,0.785299,-0.226806,-0.134208,-0.311160,0.103813,0.048695,0.100816
11.260000,11.260000,step,0.523600,0.000000,0.518013,-0.002099,-0.000020,0.000000,0.558745,0.209854,0.531447,-1.602906,-12.065368,-0.037750,-0.410329,-0.460875,0.786002,-0.226806,-0.134209,-0.311160,0.103808,0.048693,0.100822
11.280000,11.280000,step,0.523600,0.000000,0.518013,-0.002099,-0.000019,0.000000,0.558745,0.209854,0.532071,-1.604111,-12.073411,-0.037125,-0.410386,-0.459679,0.786702,-0.226806,-0.134209,-0.311160,0.103804,0.048691,0.100829
11.300000,11.300000,step,0.523600,0.000000,0.518013,-0.002099,-0.000019,0.000000,0.558744,0.209854,0.532697,-1.605313,-12.081453,-0.036500,-0.410442,-0.458481,0.787401,-0.226805,-0.134210,-0.311160,0.103800,0.048689,0.100835
11.320000,11.320000,step,0.523600,0.000000,0.518013,-0.002099,-0.000019,0.000000,0.558744,0.209854,0.533328,-1.606514,-12.089499,-0.035875,-0.410498,-0.457282,0.788098,-0.226805,-0.134210,-0.311160,0.103796,0.048688,0.100842
11.340000,11.340000,step,0.523600,0.000000,0.518013,-0.002099,-0.000019,0.000000,0.558744,0.209853,0.533962,-1.607714,-12.097542,-0.035250,-0.410552,-0.456081,0.788793,-0.226805,-0.134210,-0.311160,0.103792,0.048686,0.100848
11.360000,11.360000,step,0.523600,0.000000,0.518013,-0.002099,-0.000019,0.000000,0.558743,0.209853,0.534600,-1.608911,-12.105584,-0.034625,-0.410605,-0.454880,0.789486,-0.226805,-0.134210,-0.311160,0.103788,0.048684,0.100855
11.380000,11.380000,step,0.523600,0.000000,0.518013,-0.002099,-0.000019,0.000000,0.558743,0.209853,0.535241,-1.610106,-12.113626,-0.034000,-0.410657,-0.453678,0.790178,-0.226805,-0.134211,-0.311160,0.103784,0.048683,0.100861
11.400000,11.400000,step,0.523600,0.000000,0.518013,-0.002099,-0.000019,-0.000000,0.558743,0.209853,0.535887,-1.611299,-12.121672,-0.033375,-0.410708,-0.452475,0.790867,-0.226806,-0.134211,-0.311161,0.103780,0.048681,0.100867
11.420000,11.420000,step,0.523600,0.000000,0.518013,-0.002099,-0.000019,0.000000,0.558743,0.209853,0.536535,-1.612490,-12.129719,-0.032750,-0.410759,-0.451271,0.791555,-0.226806,-0.134211,-0.311161,0.103777,0.048680,0.100872
11.440000,11.440000,step,0.523600,0.000000,0.518013,-0.002099,-0.000019,0.000000,0.558742,0.209853,0.537188,-1.613679,-12.137763,-0.032125,-0.410808,-0.450065,0.792241,-0.226806,-0.134211,-0.311161,0.103774,0.048678,0.100878
11.460000,11.460000,step,0.523600,0.000000,0.518013,-0.002099,-0.000019,0.000000,0.558742,0.209853,0.537844,-1.614866,-12.145810,-0.031500,-0.410856,-0.448859,0.792925,-0.226806,-0.134211,-0.311161,0.103771,0.048677,0.100883
11.480000,11.480000,step,0.523600,0.000000,0.518013,-0.002099,-0.000019,-0.000000,0.558742,0.209853,0.538503,-1.616051,-12.153853,-0.030875,-0.410904,-0.447652,0.793607,-0.226806,-0.134210,-0.311161,0.103769,0.048676,0.100887
11.500000,11.500000,step,0.523600,0.000000,0.518013,-0.002099,-0.000019,-0.000000,0.558742,0.209853,0.539166,-1.617234,-12.161899,-0.030250,-0.410950,-0.446443,0.794288,-0.226807,-0.134210,-0.311161,0.103766,0.048675,0.100892
11.520000,11.520000,step,0.523600,0.000000,0.518013,-0.002099,-0.000019,-0.000000,0.558743,0.209853,0.539833,-1.618415,-12.169946,-0.029625,-0.410996,-0.445234,0.794966,-0.226807,-0.134210,-0.311161,0.103764,0.048674,0.100896
11.540000,11.540000,step,0.523600,0.000000,0.518013,-0.002099,-0.000019,0.000000,0.558743,0.209854,0.540504,-1.619594,-12.177993,-0.029000,-0.411040,-0.444023,0.795643,-0.226807,-0.134209,-0.311161,0.103762,0.048673,0.100899
11.560000,11.560000,step,0.523600,0.000000,0.518013,-0.002099,-0.000019,-0.000000,0.558743,0.209854,0.541177,-1.620771,-12.186035,-0.028375,-0.411084,-0.442812,0.796318,-0.226808,-0.134209,-0.311161,0.103761,0.048672,0.100902
11.580000,11.580000,step,0.523600,0.000000,0.518013,-0.002099,-0.000019,-0.000000,0.558743,0.209854,0.541855,-1.621946,-12.194079,-0.027750,-0.411127,-0.441599,0.796991,-0.226808,-0.134209,-0.311161,0.103760,0.048672,0.100905
11.600000,11.600000,step,0.523600,0.000000,0.518013,-0.002099,-0.000019,0.000000,0.558744,0.209855,0.542536,-1.623120,-12.202123,-0.027125,-0.411169,-0.440385,0.797662,-0.226808,-0.134208,-0.311161,0.103759,0.048672,0.100907
11.620000,11.620000,step,0.523600,0.000000,0.518013,-0.002099,-0.000019,0.000000,0.558744,0.209855,0.543221,-1.624291,-12.210169,-0.026500,-0.411209,-0.439171,0.798332,-0.226809,-0.134207,-0.311161,0.103758,0.048671,0.100909
11.640000,11.640000,step,0.523600,0.000000,0.518013,-0.002099,-0.000019,-0.000000,0.558744,0.209855,0.543909,-1.625459,-12.218216,-0.025875,-0.411249,-0.437955,0.798999,-0.226809,-0.134207,-0.311161,0.103758,0.048671,0.100911
11.660000,11.660000,step,0.523600,0.000000,0.518013,-0.002099,-0.000019,0.000000,0.558745,0.209856,0.544601,-1.626626,-12.226255,-0.025249,-0.411288,-0.436739,0.799665,-0.226809,-0.134206,-0.311161,0.103758,0.048672,0.100911
11.680000,11.680000,step,0.523600,0.000000,0.518013,-0.002099,-0.000020,-0.000000,0.558745,0.209856,0.545296,-1.627790,-12.234303,-0.024624,-0.411326,-0.435521,0.800329,-0.226810,-0.134205,-0.311161,0.103758,0.048672,0.100912
11.700000,11.700000,step,0.523600,0.000000,0.518013,-0.002099,-0.000020,-0.000000,0.558745,0.209856,0.545995,-1.628953,-12.242346,-0.023998,-0.411363,-0.434302,0.800991,-0.226810,-0.134205,-0.311161,0.103758,0.048672,0.100912
11.720000,11.720000,step,0.523600,0.000000,0.518013,-0.002099,-0.000020,-0.000000,0.558746,0.209857,0.546698,-1.630113,-12.250392,-0.023373,-0.411399,-0.433083,0.801651,-0.226811,-0.134204,-0.311161,0.103759,0.048673,0.100911
11.740000,11.740000,step,0.523600,0.000000,0.518013,-0.002099,-0.000020,0.000000,0.558746,0.209857,0.547404,-1.631272,-12.258438,-0.022747,-0.411434,-0.431862,0.802309,-0.226811,-0.134203,-0.311161,0.103760,0.048673,0.100911
11.760000,11.760000,step,0.523600,0.000000,0.518013,-0.002099,-0.000020,0.000000,0.558747,0.209858,0.548113,-1.632428,-12.266485,-0.022122,-0.411468,-0.430640,0.802965,-0.226811,-0.134203,-0.311161,0.103761,0.048674,0.100909
11.780000,11.780000,step,0.523600,0.000000,0.518013,-0.002099,-0.000020,0.000000,0.558747,0.209858,0.548826,-1.633581,-12.274529,-0.021496,-0.411502,-0.429418,0.803620,-0.226812,-0.134202,-0.311161,0.103762,0.048675,0.100908
11.800000,11.800000,step,0.523600,0.000000,0.518013,-0.002099,-0.000021,-0.000000,0.558748,0.209859,0.549543,-1.634733,-12.282575,-0.020870,-0.411534,-0.428194,0.804272,-0.226812,-0.134201,-0.311161,0.103764,0.048676,0.100906
11.820000,11.820000,step,0.523600,0.000000,0.518013,-0.002099,-0.000021,0.000000,0.558748,0.209859,0.550263,-1.635883,-12.290620,-0.020245,-0.411565,-0.426969,0.804923,-0.226812,-0.134201,-0.311161,0.103766,0.048677,0.100903
11.840000,11.840000,step,0.523600,0.000000,0.518013,-0.002099,-0.000021,0.000000,0.558748,0.209860,0.550986,-1.637030,-12.298666,-0.019619,-0.411595,-0.425744,0.805572,-0.226813,-0.134200,-0.311161,0.103767,0.048678,0.100901
11.860000,11.860000,step,0.523600,0.000000,0.518013,-0.002099,-0.000021,-0.000000,0.558749,0.209860,0.551713,-1.638175,-12.306713,-0.018993,-0.411625,-0.424517,0.806219,-0.226813,-0.134199,-0.311161,0.103769,0.048679,0.100898
11.880000,11.880000,step,0.523600,0.000000,0.518013,-0.002099,-0.000021,0.000000,0.558750,0.209860,0.552444,-1.639317,-12.314756,-0.018367,-0.411653,-0.423290,0.806864,-0.226813,-0.134199,-0.311161,0.103772,0.048680,0.100895
11.900000,11.900000,step,0.523600,0.000000,0.518013,-0.002099,-0.000021,0.000000,0.558750,0.209861,0.553178,-1.640458,-12.322803,-0.017740,-0.411681,-0.422061,0.807508,-0.226813,-0.134198,-0.311161,0.103774,0.048681,0.100892
11.920000,11.920000,step,0.523600,0.000000,0.518013,-0.002099,-0.000021,0.000000,0.558750,0.209861,0.553915,-1.641596,-12.330847,-0.017114,-0.411707,-0.420831,0.808149,-0.226814,-0.134198,-0.311161,0.103776,0.048682,0.100888
11.940000,11.940000,step,0.523600,0.000000,0.518013,-0.002099,-0.000022,-0.000000,0.558751,0.209861,0.554656,-1.642732,-12.338893,-0.016488,-0.411733,-0.419601,0.808789,-0.226814,-0.134197,-0.311161,0.103778,0.048684,0.100885
11.960000,11.960000,step,0.523600,0.000000,0.518013,-0.002099,-0.000022,-0.000000,0.558751,0.209862,0.555401,-1.643866,-12.346939,-0.015862,-0.411757,-0.418369,0.809426,-0.226814,-0.134197,-0.311161,0.103781,0.048685,0.100881
11.980000,11.980000,step,0.523600,0.000000,0.518013,-0.002099,-0.000022,-0.000000,0.558751,0.209862,0.556148,-1.644998,-12.354986,-0.015235,-0.411781,-0.417137,0.810062,-0.226814,-0.134196,-0.311161,0.103783,0.048686,0.100877
12.000000,12.000000,step,0.523600,0.000000,0.518013,-0.002099,-0.000022,0.000000,0.558752,0.209862,0.556900,-1.646127,-12.363030,-0.014609,-0.411804,-0.415903,0.810696,-0.226814,-0.134196,-0.311161,0.103785,0.048688,0.100873
12.020000,12.020000,step,0.523600,0.000000,0.518013,-0.002099,-0.000022,-0.000000,0.558752,0.209862,0.557654,-1.647254,-12.371076,-0.013982,-0.411826,-0.414669,0.811328,-0.226814,-0.134195,-0.311161,0.103788,0.048689,0.100869
12.040000,12.040000,step,0.523600,0.000000,0.518013,-0.002099,-0.000022,0.000000,0.558752,0.209862,0.558412,-1.648379,-12.379121,-0.013355,-0.411846,-0.413434,0.811959,-0.226815,-0.134195,-0.311161,0.103790,0.048690,0.100865
12.060000,12.060000,step,0.523600,0.000000,0.518013,-0.002099,-0.000022,0.000000,0.558753,0.209863,0.559174,-1.649502,-12.387167,-0.012729,-0.411866,-0.412197,0.812587,-0.226815,-0.134194,-0.311161,0.103792,0.048692,0.100861
12.080000,12.080000,step,0.523600,0.000000,0.518013,-0.002099,-0.000022,-0.000000,0.558753,0.209863,0.559939,-1.650622,-12.395214,-0.012102,-0.411885,-0.410960,0.813213,-0.226815,-0.134194,-0.311161,0.103795,0.048693,0.100857
12.100000,12.100000,step,0.523600,0.000000,0.518013,-0.002099,-0.000022,0.000000,0.558753,0.209863,0.560707,-1.651739,-12.403257,-0.011475,-0.411903,-0.409722,0.813838,-0.226815,-0.134194,-0.311161,0.103797,0.048694,0.100853
12.120000,12.120000,step,0.523600,0.000000,0.518013,-0.002099,-0.000022,0.000000,0.558753,0.209863,0.561479,-1.652855,-12.411304,-0.010848,-0.411920,-0.408483,0.814461,-0.226815,-0.134194,-0.311161,0.103799,0.048695,0.100850
12.140000,12.140000,step,0.523600,0.000000,0.518013,-0.002099,-0.000022,0.000000,0.558754,0.209863,0.562254,-1.653968,-12.419348,-0.010221,-0.411936,-0.407242,0.815081,-0.226815,-0.134194,-0.311161,0.103801,0.048696,0.100846
12.160000,12.160000,step,0.523600,0.000000,0.518013,-0.002099,-0.000023,0.000000,0.558754,0.209863,0.563033,-1.655078,-12.427394,-0.009594,-0.411951,-0.406001,0.815700,-0.226815,-0.134194,-0.311161,0.103803,0.048697,0.100842
12.180000,12.180000,step,0.523600,0.000000,0.518013,-0.002099,-0.000023,0.000000,0.558754,0.209863,0.563815,-1.656186,-12.435440,-0.008967,-0.411965,-0.404759,0.816317,-0.226815,-0.134194,-0.311161,0.103805,0.048698,0.100839
12.200000,12.200000,step,0.523600,0.000000,0.518013,-0.002099,-0.000023,0.000000,0.558754,0.209863,0.564600,-1.657292,-12.443487,-0.008340,-0.411979,-0.403516,0.816932,-0.226815,-0.134194,-0.311161,0.103807,0.048699,0.100835
12.220000,12.220000,step,0.523600,0.000000,0.518013,-0.002099,-0.000023,-0.000000,0.558754,0.209863,0.565389,-1.658396,-12.451531,-0.007712,-0.411991,-0.402273,0.817546,-0.226815,-0.134194,-0.311161,0.103809,0.048700,0.100832
12.240000,12.240000,step,0.523600,0.000000,0.518013,-0.002099,-0.000023,-0.000000,0.558754,0.209863,0.566181,-1.659497,-12.459576,-0.007085,-0.412002,-0.401028,0.818157,-0.226815,-0.134194,-0.311161,0.103810,0.048701,0.100829
12.260000,12.260000,step,0.523600,0.000000,0.518013,-0.002099,-0.000023,0.000000,0.558754,0.209863,0.566976,-1.660596,-12.467618,-0.006458,-0.412012,-0.399782,0.818766,-0.226814,-0.134194,-0.311161,0.103811,0.048702,0.100826
12.280000,12.280000,step,0.523600,0.000000,0.518013,-0.002099,-0.000023,0.000000,0.558754,0.209863,0.567775,-1.661693,-12.475662,-0.005830,-0.412022,-0.398535,0.819374,-0.226814,-0.134194,-0.311161,0.103813,0.048702,0.100824
12.300000,12.300000,step,0.523600,0.000000,0.518013,-0.002099,-0.000023,0.000000,0.558754,0.209863,0.568577,-1.662786,-12.483709,-0.005203,-0.412030,-0.397288,0.819980,-0.226814,-0.134194,-0.311161,0.103814,0.048703,0.100821
12.320000,12.320000,step,0.523600,0.000000,0.518013,-0.002099,-0.000023,0.000000,0.558754,0.209863,0.569382,-1.663878,-12.491755,-0.004575,-0.412037,-0.396039,0.820583,-0.226814,-0.134195,-0.311161,0.103815,0.048703,0.100819
12.340000,12.340000,step,0.523600,0.000000,0.518013,-0.002099,-0.000022,0.000000,0.558754,0.209862,0.570191,-1.664967,-12.499803,-0.003948,-0.412044,-0.394790,0.821185,-0.226814,-0.134195,-0.311161,0.103815,0.048704,0.100818
12.360000,12.360000,step,0.523600,0.000000,0.518013,-0.002099,-0.000022,0.000000,0.558753,0.209862,0.571003,-1.666053,-12.507845,-0.003320,-0.412049,-0.393539,0.821785,-0.226814,-0.134195,-0.311161,0.103816,0.048704,0.100816
12.380000,12.380000,step,0.523600,0.000000,0.518013,-0.002099,-0.000022,0.000000,0.558753,0.209862,0.571818,-1.667138,-12.515890,-0.002693,-0.412054,-0.392288,0.822383,-0.226813,-0.134195,-0.311161,0.103816,0.048704,0.100815
12.400000,12.400000,step,0.523600,0.000000,0.518013,-0.002099,-0.000022,0.000000,0.558753,0.209862,0.572637,-1.668219,-12.523932,-0.002065,-0.412058,-0.391036,0.822979,-0.226813,-0.134196,-0.311161,0.103817,0.048704,0.100813
12.420000,12.420000,step,0.523600,0.000000,0.518013,-0.002099,-0.000022,0.000000,0.558753,0.209862,0.573459,-1.669298,-12.531976,-0.001438,-0.412060,-0.389783,0.823574,-0.226813,-0.134196,-0.311161,0.103817,0.048704,0.100813
12.440000,12.440000,step,0.523600,0.000000,0.518013,-0.002099,-0.000022,0.000000,0.558753,0.209862,0.574284,-1.670375,-12.540021,-0.000810,-0.412062,-0.388529,0.824166,-0.226813,-0.134197,-0.311161,0.103817,0.048704,0.100812
12.460000,12.460000,step,0.523600,0.000000,0.518013,-0.002099,-0.000022,-0.000000,0.558753,0.209861,0.575113,-1.671448,-12.548062,-0.000183,-0.412063,-0.387274,0.824756,-0.226813,-0.134197,-0.311161,0.103817,0.048704,0.100812
12.480000,12.480000,step,0.523600,0.000000,0.518013,-0.002099,-0.000022,0.000000,0.558752,0.209861,0.575944,-1.672520,-12.556108,0.000445,-0.412063,-0.386018,0.825345,-0.226813,-0.134197,-0.311161,0.103816,0.048704,0.100812
12.500000,12.500000,step,0.523600,0.000000,0.518013,-0.002099,-0.000022,0.000000,0.558752,0.209861,0.576779,-1.673589,-12.564154,0.001072,-0.412061,-0.384761,0.825931,-0.226812,-0.134198,-0.311161,0.103816,0.048704,0.100812
12.520000,12.520000,step,0.523600,0.000000,0.518013,-0.002099,-0.000022,-0.000000,0.558752,0.209861,0.577617,-1.674655,-12.572198,0.001700,-0.412059,-0.383504,0.826516,-0.226812,-0.134198,-0.311161,0.103815,0.048704,0.100812
12.540000,12.540000,step,0.523600,0.000000,0.518013,-0.002099,-0.000022,0.000000,0.558752,0.209860,0.578459,-1.675719,-12.580243,0.002328,-0.412056,-0.382245,0.827099,-0.226812,-0.134198,-0.311161,0.103815,0.048703,0.100813
12.560000,12.560000,step,0.523600,0.000000,0.518013,-0.002099,-0.000022,-0.000000,0.558752,0.209860,0.579304,-1.676780,-12.588284,0.002955,-0.412052,-0.380986,0.827680,-0.226811,-0.134199,-0.311160,0.103814,0.048703,0.100814
12.580000,12.580000,step,0.523600,0.000000,0.518013,-0.002099,-0.000022,-0.000000,0.558751,0.209860,0.580151,-1.677839,-12.596330,0.003583,-0.412047,-0.379726,0.828259,-0.226811,-0.134199,-0.311160,0.103813,0.048703,0.100815
12.600000,12.600000,step,0.523600,0.000000,0.518013,-0.002099,-0.000022,-0.000000,0.558751,0.209860,0.581002,-1.678895,-12.604372,0.004210,-0.412041,-0.378465,0.828836,-0.226811,-0.134199,-0.311160,0.103812,0.048703,0.100816
12.620000,12.620000,step,0.523600,0.000000,0.518013,-0.002099,-0.000021,0.000000,0.558751,0.209859,0.581857,-1.679948,-12.612415,0.004838,-0.412034,-0.377203,0.829411,-0.226811,-0.134200,-0.311160,0.103811,0.048702,0.100817
12.640000,12.640000,step,0.523600,0.000000,0.518013,-0.002099,-0.000021,-0.000000,0.558750,0.209859,0.582714,-1.681000,-12.620463,0.005465,-0.412027,-0.375940,0.829984,-0.226811,-0.134200,-0.311160,0.103809,0.048702,0.100819
12.660000,12.660000,step,0.523600,0.000000,0.518013,-0.002099,-0.000021,0.000000,0.558750,0.209859,0.583575,-1.682048,-12.628508,0.006092,-0.412018,-0.374676,0.830555,-0.226811,-0.134201,-0.311160,0.103808,0.048701,0.100821
12.680000,12.680000,step,0.523600,0.000000,0.518013,-0.002099,-0.000021,-0.000000,0.558750,0.209859,0.584439,-1.683094,-12.636552,0.006720,-0.412008,-0.373411,0.831125,-0.226811,-0.134201,-0.311160,0.103807,0.048701,0.100822
12.700000,12.700000,step,0.523600,0.000000,0.518013,-0.002099,-0.000021,-0.000000,0.558750,0.209859,0.585306,-1.684137,-12.644594,0.007347,-0.411997,-0.372145,0.831692,-0.226811,-0.134201,-0.311160,0.103806,0.048701,0.100824
12.720000,12.720000,step,0.523600,0.000000,0.518013,-0.002099,-0.000021,0.000000,0.558750,0.209858,0.586177,-1.685177,-12.652638,0.007974,-0.411986,-0.370878,0.832258,-0.226811,-0.134201,-0.311160,0.103805,0.048700,0.100826
12.740000,12.740000,step,0.523600,0.000000,0.518013,-0.002099,-0.000021,-0.000000,0.558750,0.209858,0.587050,-1.686214,-12.660683,0.008602,-0.411973,-0.369611,0.832822,-0.226811,-0.134201,-0.311160,0.103803,0.048700,0.100827
12.760000,12.760000,step,0.523600,0.000000,0.518013,-0.002099,-0.000021,-0.000000,0.558749,0.209858,0.587927,-1.687250,-12.668730,0.009229,-0.411960,-0.368342,0.833383,-0.226811,-0.134202,-0.311160,0.103802,0.048700,0.100829
12.780000,12.780000,step,0.523600,0.000000,0.518013,-0.002099,-0.000021,-0.000000,0.558750,0.209858,0.588806,-1.688282,-12.676773,0.009856,-0.411945,-0.367073,0.833943,-0.226811,-0.134202,-0.311160,0.103801,0.048700,0.100831
12.800000,12.800000,step,0.523600,0.000000,0.518013,-0.002099,-0.000021,-0.000000,0.558750,0.209858,0.589689,-1.689312,-12.684816,0.010483,-0.411930,-0.365803,0.834501,-0.226811,-0.134202,-0.311160,0.103801,0.048700,0.100832
12.820000,12.820000,step,0.523600,0.000000,0.518013,-0.002099,-0.000021,0.000000,0.558749,0.209859,0.590575,-1.690338,-12.692859,0.011110,-0.411914,-0.364532,0.835057,-0.226811,-0.134202,-0.311159,0.103800,0.048700,0.100834
12.840000,12.840000,step,0.523600,0.000000,0.518013,-0.002099,-0.000021,-0.000000,0.558749,0.209859,0.591464,-1.691363,-12.700904,0.011737,-0.411896,-0.363260,0.835611,-0.226811,-0.134202,-0.311159,0.103799,0.048701,0.100835
12.860000,12.860000,step,0.523600,0.000000,0.518013,-0.002099,-0.000021,0.000000,0.558749,0.209859,0.592357,-1.692384,-12.708946,0.012364,-0.411878,-0.361987,0.836163,-0.226811,-0.134202,-0.311159,0.103798,0.048701,0.100837
12.880000,12.880000,step,0.523600,0.000000,0.518013,-0.002099,-0.000021,-0.000000,0.558750,0.209859,0.593252,-1.693403,-12.716990,0.012991,-0.411859,-0.360714,0.836713,-0.226811,-0.134202,-0.311159,0.103798,0.048701,0.100838
12.900000,12.900000,step,0.523600,0.000000,0.518013,-0.002099,-0.000021,0.000000,0.558749,0.209859,0.594150,-1.694419,-12.725038,0.013618,-0.411839,-0.359439,0.837261,-0.226811,-0.134202,-0.311159,0.103797,0.048702,0.100839
12.920000,12.920000,step,0.523600,0.000000,0.518013,-0.002099,-0.000021,0.000000,0.558750,0.209859,0.595052,-1.695433,-12.733080,0.014245,-0.411818,-0.358164,0.837808,-0.226811,-0.134202,-0.311159,0.103797,0.048702,0.100840
12.940000,12.940000,step,0.523600,0.000000,0.518013,-0.002099,-0.000021,-0.000000,0.558749,0.209859,0.595956,-1.696444,-12.741127,0.014872,-0.411795,-0.356888,0.838352,-0.226811,-0.134202,-0.311159,0.103796,0.048703,0.100841
12.960000,12.960000,step,0.523600,0.000000,0.518013,-0.002099,-0.000021,0.000000,0.558750,0.209859,0.596864,-1.697452,-12.749166,0.015499,-0.411772,-0.355611,0.838894,-0.226811,-0.134202,-0.311159,0.103796,0.048704,0.100842
12.980000,12.980000,step,0.523600,0.000000,0.518013,-0.002099,-0.000021,-0.000000,0.558750,0.209859,0.597775,-1.698457,-12.757211,0.016126,-0.411748,-0.354334,0.839435,-0.226812,-0.134202,-0.311159,0.103796,0.048704,0.100842
13.000000,13.000000,step,0.523600,0.000000,0.518013,-0.002099,-0.000021,-0.000000,0.558750,0.209859,0.598689,-1.699460,-12.765253,0.016752,-0.411724,-0.353055,0.839973,-0.226812,-0.134202,-0.311159,0.103796,0.048705,0.100843
13.020000,13.020000,step,0.523600,0.000000,0.518013,-0.002099,-0.000021,-0.000000,0.558750,0.209859,0.599606,-1.700459,-12.773300,0.017379,-0.411698,-0.351776,0.840510,-0.226812,-0.134202,-0.311159,0.103796,0.048706,0.100844
13.040000,13.040000,step,0.523600,0.000000,0.518013,-0.002099,-0.000021,-0.000000,0.558750,0.209859,0.600525,-1.701456,-12.781341,0.018006,-0.411671,-0.350496,0.841044,-0.226812,-0.134202,-0.311159,0.103796,0.048707,0.100844
13.060000,13.060000,step,0.523600,0.000000,0.518013,-0.002099,-0.000021,0.000000,0.558750,0.209860,0.601448,-1.702450,-12.789385,0.018632,-0.411643,-0.349215,0.841577,-0.226812,-0.134202,-0.311159,0.103796,0.048708,0.100844
13.080000,13.080000,step,0.523600,0.000000,0.518013,-0.002099,-0.000021,-0.000000,0.558750,0.209860,0.602374,-1.703442,-12.797430,0.019259,-0.411614,-0.347933,0.842108,-0.226813,-0.134202,-0.311159,0.103796,0.048709,0.100844
13.100000,13.100000,step,0.523600,0.000000,0.518013,-0.002099,-0.000021,-0.000000,0.558750,0.209860,0.603303,-1.704430,-12.805476,0.019885,-0.411584,-0.346650,0.842637,-0.226813,-0.134202,-0.311159,0.103796,0.048710,0.100844
13.120000,13.120000,step,0.523600,0.000000,0.518013,-0.002099,-0.000021,-0.000000,0.558751,0.209860,0.604235,-1.705416,-12.813519,0.020512,-0.411554,-0.345367,0.843163,-0.226813,-0.134202,-0.311159,0.103797,0.048711,0.100844
13.140000,13.140000,step,0.523600,0.000000,0.518013,-0.002099,-0.000021,-0.000000,0.558751,0.209860,0.605170,-1.706399,-12.821563,0.021138,-0.411522,-0.344083,0.843688,-0.226813,-0.134202,-0.311159,0.103797,0.048712,0.100844
13.160000,13.160000,step,0.523600,0.000000,0.518013,-0.002099,-0.000022,0.000000,0.558751,0.209860,0.606108,-1.707379,-12.829607,0.021764,-0.411490,-0.342798,0.844211,-0.226813,-0.134202,-0.311158,0.103798,0.048713,0.100844
13.180000,13.180000,step,0.523600,0.000000,0.518013,-0.002099,-0.000022,-0.000000,0.558751,0.209860,0.607049,-1.708356,-12.837649,0.022391,-0.411456,-0.341512,0.844732,-0.226813,-0.134202,-0.311158,0.103798,0.048714,0.100843
13.200000,13.200000,step,0.523600,0.000000,0.518013,-0.002099,-0.000022,0.000000,0.558751,0.209860,0.607993,-1.709330,-12.845694,0.023017,-0.411422,-0.340225,0.845251,-0.226814,-0.134202,-0.311158,0.103799,0.048716,0.100843
13.220000,13.220000,step,0.523600,0.000000,0.518013,-0.002099,-0.000022,-0.000000,0.558751,0.209860,0.608939,-1.710301,-12.853738,0.023643,-0.411386,-0.338938,0.845768,-0.226814,-0.134202,-0.311158,0.103800,0.048717,0.100842
13.240000,13.240000,step,0.523600,0.000000,0.518013,-0.002099,-0.000022,0.000000,0.558751,0.209860,0.609889,-1.711270,-12.861779,0.024269,-0.411350,-0.337650,0.846283,-0.226814,-0.134201,-0.311158,0.103800,0.048718,0.100841
13.260000,13.260000,step,0.523600,0.000000,0.518013,-0.002099,-0.000022,-0.000000,0.558751,0.209860,0.610842,-1.712235,-12.869825,0.024896,-0.411312,-0.336361,0.846796,-0.226814,-0.134201,-0.311158,0.103801,0.048719,0.100841
13.280000,13.280000,step,0.523600,0.000000,0.518013,-0.002099,-0.000022,-0.000000,0.558752,0.209861,0.611798,-1.713198,-12.877872,0.025522,-0.411274,-0.335071,0.847307,-0.226814,-0.134201,-0.311158,0.103802,0.048721,0.100840
13.300000,13.300000,step,0.523600,0.000000,0.518013,-0.002099,-0.000022,0.000000,0.558752,0.209861,0.612756,-1.714157,-12.885919,0.026148,-0.411235,-0.333781,0.847816,-0.226814,-0.134201,-0.311158,0.103802,0.048722,0.100839
13.320000,13.320000,step,0.523600,0.000000,0.518013,-0.002099,-0.000022,-0.000000,0.558752,0.209861,0.613718,-1.715114,-12.893964,0.026774,-0.411195,-0.332490,0.848323,-0.226814,-0.134201,-0.311158,0.103803,0.048723,0.100838
13.340000,13.340000,step,0.523600,0.000000,0.518013,-0.002099,-0.000022,-0.000000,0.558752,0.209861,0.614682,-1.716068,-12.902008,0.027400,-0.411153,-0.331198,0.848829,-0.226814,-0.134201,-0.311158,0.103804,0.048725,0.100837
13.360000,13.360000,step,0.523600,0.000000,0.518013,-0.002099,-0.000022,-0.000000,0.558752,0.209861,0.615650,-1.717018,-12.910052,0.028026,-0.411111,-0.329905,0.849332,-0.226814,-0.134201,-0.311158,0.103805,0.048726,0.100836
13.380000,13.380000,step,0.523600,0.000000,0.518013,-0.002099,-0.000022,0.000000,0.558752,0.209861,0.616620,-1.717966,-12.918098,0.028652,-0.411068,-0.328611,0.849833,-0.226814,-0.134201,-0.311158,0.103805,0.048727,0.100835
13.400000,13.400000,step,0.523600,0.000000,0.518013,-0.002099,-0.000022,-0.000000,0.558752,0.209861,0.617593,-1.718911,-12.926145,0.029278,-0.411024,-0.327317,0.850333,-0.226814,-0.134201,-0.311158,0.103806,0.048729,0.100834
13.420000,13.420000,step,0.523600,0.000000,0.518013,-0.002099,-0.000022,0.000000,0.558752,0.209861,0.618569,-1.719853,-12.934192,0.029903,-0.410979,-0.326022,0.850830,-0.226814,-0.134201,-0.311157,0.103806,0.048730,0.100834
13.440000,13.440000,step,0.523600,0.000000,0.518013,-0.002099,-0.000022,-0.000000,0.558752,0.209861,0.619548,-1.720792,-12.942238,0.030529,-0.410933,-0.324726,0.851325,-0.226815,-0.134201,-0.311157,0.103807,0.048731,0.100833
13.460000,13.460000,step,0.523600,0.000000,0.518013,-0.002099,-0.000022,0.000000,0.558752,0.209861,0.620529,-1.721728,-12.950280,0.031155,-0.410886,-0.323429,0.851819,-0.226815,-0.134201,-0.311157,0.103807,0.048732,0.100832
13.480000,13.480000,step,0.523600,0.000000,0.518013,-0.002099,-0.000022,-0.000000,0.558753,0.209861,0.621514,-1.722661,-12.958326,0.031780,-0.410839,-0.322132,0.852310,-0.226815,-0.134201,-0.311157,0.103808,0.048734,0.100831
13.500000,13.500000,step,0.523600,0.000000,0.518013,-0.002099,-0.000022,0.000000,0.558753,0.209861,0.622501,-1.723591,-12.966372,0.032406,-0.410790,-0.320834,0.852800,-0.226815,-0.134201,-0.311157,0.103809,0.048735,0.100830
13.520000,13.520000,step,0.523600,0.000000,0.518013,-0.002099,-0.000022,0.000000,0.558753,0.209861,0.623491,-1.724518,-12.974420,0.033031,-0.410740,-0.319535,0.853287,-0.226815,-0.134201,-0.311157,0.103809,0.048736,0.100829
13.540000,13.540000,step,0.523600,0.000000,0.518013,-0.002099,-0.000022,0.000000,0.558753,0.209861,0.624485,-1.725443,-12.982466,0.033656,-0.410689,-0.318236,0.853772,-0.226815,-0.134201,-0.311157,0.103810,0.048737,0.100828
13.560000,13.560000,step,0.523600,0.000000,0.518013,-0.002099,-0.000022,0.000000,0.558753,0.209861,0.625480,-1.726364,-12.990510,0.034282,-0.410638,-0.316935,0.854256,-0.226815,-0.134201,-0.311157,0.103810,0.048739,0.100827
13.580000,13.580000,step,0.523600,0.000000,0.518013,-0.002099,-0.000022,0.000000,0.558753,0.209861,0.626479,-1.727282,-12.998553,0.034907,-0.410585,-0.315634,0.854738,-0.226815,-0.134202,-0.311157,0.103811,0.048740,0.100827
13.600000,13.600000,step,0.523600,0.000000,0.518013,-0.002099,-0.000022,0.000000,0.558753,0.209861,0.627480,-1.728197,-13.006599,0.035532,-0.410532,-0.314332,0.855217,-0.226815,-0.134202,-0.311157,0.103811,0.048741,0.100826
13.620000,13.620000,step,0.523600,0.000000,0.518013,-0.002099,-0.000022,-0.000000,0.558753,0.209861,0.628484,-1.729109,-13.014646,0.036157,-0.410477,-0.313030,0.855695,-0.226815,-0.134202,-0.311157,0.103812,0.048743,0.100825
13.640000,13.640000,step,0.523600,0.000000,0.518013,-0.002099,-0.000022,-0.000000,0.558753,0.209861,0.629491,-1.730018,-13.022693,0.036782,-0.410422,-0.311727,0.856170,-0.226815,-0.134202,-0.311156,0.103812,0.048744,0.100824
13.660000,13.660000,step,0.523600,0.000000,0.518013,-0.002099,-0.000022,-0.000000,0.558753,0.209861,0.630501,-1.730923,-13.030741,0.037407,-0.410365,-0.310423,0.856644,-0.226815,-0.134202,-0.311156,0.103812,0.048745,0.100824
13.680000,13.680000,step,0.523600,0.000000,0.518013,-0.002099,-0.000022,-0.000000,0.558753,0.209861,0.631513,-1.731826,-13.038786,0.038032,-0.410308,-0.309118,0.857115,-0.226815,-0.134202,-0.311156,0.103813,0.048746,0.100823
13.700000,13.700000,step,0.523600,0.000000,0.518013,-0.002099,-0.000022,0.000000,0.558753,0.209861,0.632529,-1.732725,-13.046830,0.038657,-0.410250,-0.307813,0.857585,-0.226815,-0.134202,-0.311156,0.103813,0.048748,0.100823
13.720000,13.720000,step,0.523600,0.000000,0.518013,-0.002099,-0.000022,0.000000,0.558753,0.209861,0.633547,-1.733621,-13.054874,0.039281,-0.410190,-0.306507,0.858053,-0.226815,-0.134202,-0.311156,0.103813,0.048749,0.100822
13.740000,13.740000,step,0.523600,0.000000,0.518013,-0.002099,-0.000022,-0.000000,0.558753,0.209861,0.634567,-1.734514,-13.062916,0.039906,-0.410130,-0.305200,0.858518,-0.226815,-0.134203,-0.311156,0.103814,0.048750,0.100822
13.760000,13.760000,step,0.523600,0.000000,0.518013,-0.002099,-0.000022,-0.000000,0.558753,0.209861,0.635591,-1.735405,-13.070960,0.040530,-0.410069,-0.303892,0.858982,-0.226815,-0.134203,-0.311156,0.103814,0.048751,0.100821
13.780000,13.780000,step,0.523600,0.000000,0.518013,-0.002099,-0.000022,-0.000000,0.558753,0.209861,0.636617,-1.736291,-13.079003,0.041155,-0.410007,-0.302584,0.859444,-0.226815,-0.134203,-0.311156,0.103814,0.048753,0.100821
13.800000,13.800000,step,0.523600,0.000000,0.518013,-0.002099,-0.000022,-0.000000,0.558752,0.209861,0.637646,-1.737175,-13.087049,0.041779,-0.409944,-0.301275,0.859903,-0.226815,-0.134203,-0.311155,0.103814,0.048754,0.100821
13.820000,13.820000,step,0.523600,0.000000,0.518013,-0.002099,-0.000022,-0.000000,0.558752,0.209861,0.638677,-1.738056,-13.095093,0.042403,-0.409880,-0.299966,0.860361,-0.226815,-0.134203,-0.311155,0.103814,0.048755,0.100821
13.840000,13.840000,step,0.523600,0.000000,0.518013,-0.002099,-0.000022,-0.000000,0.558753,0.209861,0.639711,-1.738934,-13.103140,0.043027,-0.409815,-0.298655,0.860817,-0.226815,-0.134203,-0.311155,0.103814,0.048756,0.100820
13.860000,13.860000,step,0.523600,0.000000,0.518013,-0.002099,-0.000022,-0.000000,0.558753,0.209861,0.640748,-1.739809,-13.111185,0.043651,-0.409749,-0.297344,0.861270,-0.226815,-0.134204,-0.311155,0.103814,0.048758,0.100820
13.880000,13.880000,step,0.523600,0.000000,0.518013,-0.002099,-0.000022,-0.000000,0.558752,0.209861,0.641788,-1.740680,-13.119230,0.044275,-0.409682,-0.296033,0.861722,-0.226815,-0.134204,-0.311155,0.103814,0.048759,0.100820
13.900000,13.900000,step,0.523600,0.000000,0.518013,-0.002099,-0.000022,-0.000000,0.558752,0.209861,0.642830,-1.741548,-13.127274,0.044899,-0.409614,-0.294720,0.862172,-0.226815,-0.134204,-0.311155,0.103813,0.048760,0.100821
13.920000,13.920000,step,0.523600,0.000000,0.518013,-0.002099,-0.000022,-0.000000,0.558752,0.209861,0.643875,-1.742413,-13.135320,0.045523,-0.409545,-0.293407,0.862620,-0.226815,-0.134204,-0.311155,0.103813,0.048761,0.100821
13.940000,13.940000,step,0.523600,0.000000,0.518013,-0.002099,-0.000022,-0.000000,0.558752,0.209860,0.644922,-1.743276,-13.143361,0.046147,-0.409475,-0.292094,0.863065,-0.226815,-0.134204,-0.311155,0.103813,0.048762,0.100821
13.960000,13.960000,step,0.523600,0.000000,0.518013,-0.002099,-0.000022,0.000000,0.558752,0.209860,0.645972,-1.744134,-13.151405,0.046770,-0.409404,-0.290779,0.863509,-0.226815,-0.134205,-0.311155,0.103813,0.048762,0.100822
13.980000,13.980000,step,0.523600,0.000000,0.518013,-0.002099,-0.000022,-0.000000,0.558752,0.209860,0.647025,-1.744990,-13.159449,0.047394,-0.409333,-0.289464,0.863951,-0.226815,-0.134205,-0.311155,0.103813,0.048763,0.100822
14.000000,14.000000,step,0.523600,0.000000,0.518013,-0.002099,-0.000022,0.000000,0.558752,0.209860,0.648080,-1.745842,-13.167493,0.048017,-0.409260,-0.288148,0.864391,-0.226814,-0.134205,-0.311156,0.103813,0.048762,0.100823
14.020000,14.020000,step,0.523600,0.000000,0.518013,-0.002099,-0.000022,-0.000000,0.558751,0.209860,0.649138,-1.746691,-13.175535,0.048640,-0.409186,-0.286832,0.864829,-0.226814,-0.134205,-0.311156,0.103812,0.048762,0.100823
14.040000,14.040000,step,0.523600,0.000000,0.518013,-0.002099,-0.000022,-0.000000,0.558751,0.209860,0.650198,-1.747537,-13.183578,0.049263,-0.409111,-0.285515,0.865265,-0.226814,-0.134205,-0.311156,0.103812,0.048761,0.100824
14.060000,14.060000,step,0.523600,0.000000,0.518013,-0.002099,-0.000022,-0.000000,0.558751,0.209860,0.651261,-1.748379,-13.191621,0.049886,-0.409035,-0.284197,0.865698,-0.226814,-0.134205,-0.311156,0.103812,0.048760,0.100825
14.080000,14.080000,step,0.523600,0.000000,0.518013,-0.002099,-0.000022,-0.000000,0.558751,0.209859,0.652327,-1.749219,-13.199666,0.050509,-0.408958,-0.282879,0.866130,-0.226814,-0.134206,-0.311157,0.103812,0.048759,0.100826
14.100000,14.100000,step,0.523600,0.000000,0.518013,-0.002099,-0.000021,-0.000000,0.558751,0.209859,0.653395,-1.750055,-13.207709,0.051132,-0.408881,-0.281560,0.866560,-0.226814,-0.134206,-0.311157,0.103812,0.048758,0.100827
14.120000,14.120000,step,0.523600,0.000000,0.518013,-0.002099,-0.000021,-0.000000,0.558751,0.209859,0.654465,-1.750888,-13.215757,0.051755,-0.408803,-0.280240,0.866988,-0.226814,-0.134206,-0.311157,0.103812,0.048756,0.100828
14.140000,14.140000,step,0.523600,0.000000,0.518013,-0.002099,-0.000021,-0.000000,0.558751,0.209859,0.655539,-1.751717,-13.223802,0.052377,-0.408723,-0.278920,0.867413,-0.226814,-0.134206,-0.311157,0.103811,0.048755,0.100829
14.160000,14.160000,step,0.523600,0.000000,0.518013,-0.002099,-0.000021,-0.000000,0.558750,0.209859,0.656614,-1.752544,-13.231845,0.053000,-0.408643,-0.277599,0.867837,-0.226814,-0.134207,-0.311157,0.103811,0.048754,0.100830
14.180000,14.180000,step,0.523600,0.000000,0.518013,-0.002099,-0.000021,-0.000000,0.558750,0.209859,0.657693,-1.753367,-13.239891,0.053622,-0.408562,-0.276277,0.868258,-0.226814,-0.134207,-0.311157,0.103811,0.048753,0.100832
14.200000,14.200000,step,0.523600,0.000000,0.518013,-0.002099,-0.000021,-0.000000,0.558750,0.209859,0.658773,-1.754187,-13.247935,0.054244,-0.408480,-0.274955,0.868678,-0.226814,-0.134207,-0.311157,0.103810,0.048752,0.100833
14.220000,14.220000,step,0.523600,0.000000,0.518013,-0.002099,-0.000021,-0.000000,0.558750,0.209859,0.659856,-1.755004,-13.255978,0.054866,-0.408397,-0.273632,0.869096,-0.226814,-0.134207,-0.311157,0.103810,0.048751,0.100834
14.240000,14.240000,step,0.523600,0.000000,0.518013,-0.002099,-0.000021,-0.000000,0.558750,0.209859,0.660942,-1.755817,-13.264024,0.055488,-0.408313,-0.272308,0.869511,-0.226814,-0.134207,-0.311157,0.103809,0.048751,0.100835
14.260000,14.260000,step,0.523600,0.000000,0.518013,-0.002099,-0.000021,-0.000000,0.558750,0.209859,0.662030,-1.756627,-13.272072,0.056109,-0.408228,-0.270984,0.869925,-0.226814,-0.134207,-0.311157,0.103809,0.048750,0.100836
14.280000,14.280000,step,0.523600,0.000000,0.518013,-0.002099,-0.000021,-0.000000,0.558750,0.209859,0.663121,-1.757433,-13.280115,0.056731,-0.408142,-0.269659,0.870336,-0.226814,-0.134207,-0.311157,0.103808,0.048750,0.100838
14.300000,14.300000,step,0.523600,0.000000,0.518013,-0.002099,-0.000021,0.000000,0.558750,0.209859,0.664214,-1.758236,-13.288161,0.057352,-0.408056,-0.268334,0.870746,-0.226814,-0.134207,-0.311157,0.103807,0.048749,0.100839
14.320000,14.320000,step,0.523600,0.000000,0.518013,-0.002099,-0.000021,-0.000000,0.558750,0.209858,0.665309,-1.759036,-13.296202,0.057973,-0.407968,-0.267008,0.871153,-0.226814,-0.134207,-0.311157,0.103807,0.048749,0.100840
14.340000,14.340000,step,0.523600,0.000000,0.518013,-0.002099,-0.000021,-0.000000,0.558750,0.209859,0.666407,-1.759833,-13.304247,0.058594,-0.407879,-0.265681,0.871559,-0.226814,-0.134207,-0.311156,0.103806,0.048749,0.100841
14.360000,14.360000,step,0.523600,0.000000,0.518013,-0.002099,-0.000021,-0.000000,0.558750,0.209859,0.667508,-1.760627,-13.312290,0.059215,-0.407790,-0.264354,0.871962,-0.226814,-0.134207,-0.311156,0.103806,0.048749,0.100842
14.380000,14.380000,step,0.523600,0.000000,0.518013,-0.002099,-0.000021,-0.000000,0.558750,0.209859,0.668611,-1.761417,-13.320335,0.059836,-0.407699,-0.263026,0.872364,-0.226814,-0.134207,-0.311156,0.103805,0.048749,0.100843
14.400000,14.400000,step,0.523600,0.000000,0.518013,-0.002099,-0.000021,-0.000000,0.558749,0.209859,0.669716,-1.762203,-13.328379,0.060457,-0.407607,-0.261697,0.872763,-0.226814,-0.134207,-0.311156,0.103804,0.048749,0.100844
14.420000,14.420000,step,0.523600,0.000000,0.518013,-0.002099,-0.000021,-0.000000,0.558750,0.209859,0.670823,-1.762986,-13.336424,0.061077,-0.407515,-0.260368,0.873161,-0.226814,-0.134207,-0.311156,0.103804,0.048749,0.100845
14.440000,14.440000,step,0.523600,0.000000,0.518013,-0.002099,-0.000021,-0.000000,0.558750,0.209859,0.671933,-1.763766,-13.344471,0.061698,-0.407421,-0.259038,0.873556,-0.226814,-0.134207,-0.311157,0.103804,0.048748,0.100846
14.460000,14.460000,step,0.523600,0.000000,0.518013,-0.002099,-0.000021,-0.000000,0.558750,0.209859,0.673045,-1.764542,-13.352510,0.062318,-0.407327,-0.257708,0.873950,-0.226814,-0.134207,-0.311157,0.103803,0.048748,0.100847
14.480000,14.480000,step,0.523600,0.000000,0.518013,-0.002099,-0.000021,-0.000000,0.558749,0.209858,0.674160,-1.765316,-13.360552,0.062938,-0.407231,-0.256377,0.874341,-0.226814,-0.134207,-0.311157,0.103803,0.048748,0.100848
14.500000,14.500000,step,0.523600,0.000000,0.518013,-0.002099,-0.000021,0.000000,0.558750,0.209858,0.675277,-1.766085,-13.368600,0.063557,-0.407135,-0.255045,0.874731,-0.226814,-0.134207,-0.311157,0.103803,0.048747,0.100848
14.520000,14.520000,step,0.523600,0.000000,0.518013,-0.002099,-0.000021,0.000000,0.558750,0.209859,0.676396,-1.766852,-13.376640,0.064177,-0.407037,-0.253713,0.875118,-0.226814,-0.134206,-0.311157,0.103803,0.048747,0.100848
14.540000,14.540000,step,0.523600,0.000000,0.518013,-0.002099,-0.000021,-0.000000,0.558750,0.209859,0.677518,-1.767614,-13.384686,0.064796,-0.406939,-0.252380,0.875503,-0.226814,-0.134206,-0.311157,0.103803,0.048746,0.100848
14.560000,14.560000,step,0.523600,0.000000,0.518013,-0.002099,-0.000021,0.000000,0.558750,0.209859,0.678642,-1.768374,-13.392732,0.065415,-0.406840,-0.251047,0.875886,-0.226814,-0.134206,-0.311157,0.103804,0.048746,0.100848
14.580000,14.580000,step,0.523600,0.000000,0.518013,-0.002099,-0.000021,-0.000000,0.558751,0.209859,0.679768,-1.769130,-13.400774,0.066034,-0.406740,-0.249713,0.876268,-0.226814,-0.134205,-0.311157,0.103804,0.048745,0.100848
14.600000,14.600000,step,0.523600,0.000000,0.518013,-0.002099,-0.000021,-0.000000,0.558751,0.209860,0.680897,-1.769883,-13.408815,0.066653,-0.406639,-0.248379,0.876647,-0.226814,-0.134205,-0.311157,0.103805,0.048745,0.100847
14.620000,14.620000,step,0.523600,0.000000,0.518013,-0.002099,-0.000022,-0.000000,0.558751,0.209860,0.682027,-1.770632,-13.416860,0.067272,-0.406537,-0.247045,0.877024,-0.226814,-0.134205,-0.311157,0.103806,0.048745,0.100847
14.640000,14.640000,step,0.523600,0.000000,0.518013,-0.002099,-0.000022,0.000000,0.558751,0.209860,0.683160,-1.771378,-13.424907,0.067890,-0.406435,-0.245710,0.877399,-0.226814,-0.134205,-0.311158,0.103806,0.048745,0.100846
14.660000,14.660000,step,0.523600,0.000000,0.518013,-0.002099,-0.000022,-0.000000,0.558751,0.209860,0.684296,-1.772120,-13.432949,0.068509,-0.406331,-0.244374,0.877772,-0.226814,-0.134205,-0.311158,0.103807,0.048745,0.100846
14.680000,14.680000,step,0.523600,0.000000,0.518013,-0.002099,-0.000022,-0.000000,0.558751,0.209860,0.685434,-1.772858,-13.440992,0.069127,-0.406226,-0.243038,0.878143,-0.226815,-0.134205,-0.311158,0.103808,0.048745,0.100845
14.700000,14.700000,step,0.523600,0.000000,0.518013,-0.002099,-0.000022,-0.000000,0.558751,0.209860,0.686573,-1.773593,-13.449041,0.069745,-0.406120,-0.241701,0.878512,-0.226815,-0.134204,-0.311158,0.103808,0.048745,0.100844
14.720000,14.720000,step,0.523600,0.000000,0.518013,-0.002099,-0.000022,-0.000000,0.558751,0.209860,0.687716,-1.774326,-13.457086,0.070363,-0.406014,-0.240363,0.878878,-0.226814,-0.134204,-0.311158,0.103809,0.048745,0.100843
14.740000,14.740000,step,0.523600,0.000000,0.518013,-0.002099,-0.000022,0.000000,0.558751,0.209860,0.688860,-1.775054,-13.465133,0.070981,-0.405906,-0.239025,0.879243,-0.226814,-0.134204,-0.311158,0.103810,0.048745,0.100843
14.760000,14.760000,step,0.523600,0.000000,0.518013,-0.002099,-0.000022,-0.000000,0.558751,0.209860,0.690007,-1.775778,-13.473180,0.071599,-0.405798,-0.237687,0.879606,-0.226814,-0.134204,-0.311158,0.103810,0.048745,0.100842
14.780000,14.780000,step,0.523600,0.000000,0.518013,-0.002099,-0.000022,-0.000000,0.558751,0.209860,0.691155,-1.776500,-13.481226,0.072217,-0.405688,-0.236348,0.879967,-0.226814,-0.134204,-0.311158,0.103811,0.048745,0.100842
14.800000,14.800000,step,0.523600,0.000000,0.518013,-0.002099,-0.000022,-0.000000,0.558751,0.209860,0.692306,-1.777218,-13.489272,0.072834,-0.405578,-0.235008,0.880325,-0.226814,-0.134204,-0.311158,0.103811,0.048745,0.100841
14.820000,14.820000,step,0.523600,0.000000,0.518013,-0.002099,-0.000022,-0.000000,0.558751,0.209860,0.693459,-1.777932,-13.497318,0.073452,-0.405466,-0.233668,0.880682,-0.226814,-0.134205,-0.311158,0.103811,0.048744,0.100841
14.840000,14.840000,step,0.523600,0.000000,0.518013,-0.002099,-0.000022,-0.000000,0.558751,0.209860,0.694615,-1.778643,-13.505363,0.074069,-0.405354,-0.232328,0.881037,-0.226814,-0.134205,-0.311157,0.103811,0.048744,0.100841
14.860000,14.860000,step,0.523600,0.000000,0.518013,-0.002099,-0.000022,-0.000000,0.558751,0.209860,0.695772,-1.779351,-13.513409,0.074686,-0.405241,-0.230986,0.881389,-0.226814,-0.134205,-0.311157,0.103811,0.048744,0.100840
14.880000,14.880000,step,0.523600,0.000000,0.518013,-0.002099,-0.000021,-0.000000,0.558751,0.209860,0.696932,-1.780055,-13.521454,0.075303,-0.405127,-0.229645,0.881740,-0.226814,-0.134205,-0.311157,0.103811,0.048744,0.100840
14.900000,14.900000,step,0.523600,0.000000,0.518013,-0.002099,-0.000021,-0.000000,0.558751,0.209859,0.698094,-1.780755,-13.529500,0.075920,-0.405012,-0.228302,0.882088,-0.226814,-0.134205,-0.311157,0.103810,0.048744,0.100841
14.920000,14.920000,step,0.523600,0.000000,0.518013,-0.002099,-0.000021,-0.000000,0.558751,0.209860,0.699257,-1.781452,-13.537545,0.076536,-0.404895,-0.226960,0.882435,-0.226814,-0.134205,-0.311157,0.103810,0.048744,0.100841
14.940000,14.940000,step,0.523600,0.000000,0.518013,-0.002099,-0.000021,-0.000000,0.558750,0.209859,0.700423,-1.782145,-13.545593,0.077152,-0.404779,-0.225616,0.882779,-0.226814,-0.134205,-0.311157,0.103810,0.048744,0.100841
14.960000,14.960000,step,0.523600,0.000000,0.518013,-0.002099,-0.000021,-0.000000,0.558750,0.209859,0.701591,-1.782834,-13.553635,0.077769,-0.404661,-0.224272,0.883122,-0.226814,-0.134205,-0.311157,0.103809,0.048743,0.100842
14.980000,14.980000,step,0.523600,0.000000,0.518013,-0.002099,-0.000021,-0.000000,0.558750,0.209859,0.702762,-1.783520,-13.561683,0.078384,-0.404542,-0.222928,0.883462,-0.226814,-0.134205,-0.311157,0.103808,0.048743,0.100842
15.000000,15.000000,step,0.523600,0.000000,0.518013,-0.002099,-0.000021,-0.000000,0.558750,0.209859,0.703934,-1.784203,-13.569727,0.079000,-0.404422,-0.221583,0.883800,-0.226814,-0.134205,-0.311157,0.103808,0.048743,0.100843
15.020000,15.020000,step,0.523600,0.000000,0.518013,-0.002099,-0.000021,-0.000000,0.558750,0.209859,0.705108,-1.784881,-13.577773,0.079616,-0.404301,-0.220238,0.884136,-0.226814,-0.134205,-0.311157,0.103807,0.048743,0.100843
15.040000,15.040000,step,0.523600,0.000000,0.518013,-0.002099,-0.000021,-0.000000,0.558750,0.209859,0.706285,-1.785556,-13.585819,0.080231,-0.404180,-0.218892,0.884471,-0.226814,-0.134205,-0.311157,0.103806,0.048742,0.100844
15.060000,15.060000,step,0.523600,0.000000,0.518013,-0.002099,-0.000021,-0.000000,0.558750,0.209859,0.707463,-1.786227,-13.593863,0.080846,-0.404057,-0.217545,0.884803,-0.226813,-0.134205,-0.311157,0.103806,0.048742,0.100845
15.080000,15.080000,step,0.523600,0.000000,0.518013,-0.002099,-0.000021,0.000000,0.558750,0.209859,0.708643,-1.786895,-13.601909,0.081461,-0.403933,-0.216198,0.885133,-0.226813,-0.134206,-0.311157,0.103805,0.048742,0.100845
15.100000,15.100000,step,0.523600,0.000000,0.518013,-0.002099,-0.000021,-0.000000,0.558750,0.209859,0.709826,-1.787560,-13.609955,0.082076,-0.403809,-0.214851,0.885461,-0.226813,-0.134206,-0.311157,0.103804,0.048742,0.100846
15.120000,15.120000,step,0.523600,0.000000,0.518013,-0.002099,-0.000021,-0.000000,0.558750,0.209859,0.711010,-1.788220,-13.618001,0.082691,-0.403684,-0.213503,0.885787,-0.226813,-0.134206,-0.311157,0.103804,0.048741,0.100847
15.140000,15.140000,step,0.523600,0.000000,0.518013,-0.002099,-0.000021,-0.000000,0.558749,0.209859,0.712197,-1.788877,-13.626046,0.083305,-0.403557,-0.212154,0.886111,-0.226813,-0.134206,-0.311157,0.103803,0.048741,0.100847
15.160000,15.160000,step,0.523600,0.000000,0.518013,-0.002099,-0.000021,-0.000000,0.558749,0.209858,0.713385,-1.789531,-13.634094,0.083919,-0.403430,-0.210805,0.886433,-0.226813,-0.134206,-0.311157,0.103802,0.048741,0.100848
15.180000,15.180000,step,0.523600,0.000000,0.518013,-0.002099,-0.000021,-0.000000,0.558749,0.209858,0.714576,-1.790182,-13.642135,0.084533,-0.403302,-0.209456,0.886752,-0.226813,-0.134206,-0.311157,0.103801,0.048741,0.100849
15.200000,15.200000,step,0.523600,0.000000,0.518013,-0.002099,-0.000021,-0.000000,0.558749,0.209858,0.715768,-1.790828,-13.650182,0.085147,-0.403173,-0.208106,0.887070,-0.226813,-0.134206,-0.311157,0.103801,0.048740,0.100850
15.220000,15.220000,step,0.523600,0.000000,0.518013,-0.002099,-0.000021,-0.000000,0.558749,0.209858,0.716963,-1.791471,-13.658228,0.085761,-0.403043,-0.206756,0.887386,-0.226813,-0.134206,-0.311157,0.103800,0.048740,0.100851
15.240000,15.240000,step,0.523600,0.000000,0.518013,-0.002099,-0.000021,-0.000000,0.558749,0.209858,0.718159,-1.792109,-13.666274,0.086374,-0.402912,-0.205405,0.887700,-0.226814,-0.134206,-0.311157,0.103799,0.048740,0.100851
15.260000,15.260000,step,0.523600,0.000000,0.518013,-0.002099,-0.000021,-0.000000,0.558749,0.209858,0.719358,-1.792745,-13.674320,0.086987,-0.402780,-0.204053,0.888011,-0.226814,-0.134206,-0.311157,0.103799,0.048739,0.100852
15.280000,15.280000,step,0.523600,0.000000,0.518013,-0.002099,-0.000021,-0.000000,0.558749,0.209858,0.720558,-1.793377,-13.682364,0.087600,-0.402647,-0.202701,0.888321,-0.226814,-0.134206,-0.311157,0.103798,0.048739,0.100853
15.300000,15.300000,step,0.523600,0.000000,0.518013,-0.002099,-0.000021,-0.000000,0.558749,0.209858,0.721760,-1.794004,-13.690410,0.088213,-0.402513,-0.201349,0.888628,-0.226813,-0.134205,-0.311157,0.103797,0.048739,0.100854
15.320000,15.320000,step,0.523600,0.000000,0.518013,-0.002099,-0.000021,-0.000000,0.558749,0.209858,0.722965,-1.794629,-13.698456,0.088825,-0.402378,-0.199996,0.888934,-0.226814,-0.134205,-0.311157,0.103797,0.048739,0.100854
15.340000,15.340000,step,0.523600,0.000000,0.518013,-0.002099,-0.000021,0.000000,0.558749,0.209858,0.724171,-1.795249,-13.706502,0.089437,-0.402243,-0.198643,0.889237,-0.226814,-0.134205,-0.311157,0.103796,0.048738,0.100855
15.360000,15.360000,step,0.523600,0.000000,0.518013,-0.002099,-0.000021,-0.000000,0.558749,0.209858,0.725379,-1.795866,-13.714547,0.090050,-0.402106,-0.197289,0.889538,-0.226814,-0.134205,-0.311157,0.103796,0.048738,0.100856
15.380000,15.380000,step,0.523600,0.000000,0.518013,-0.002099,-0.000021,-0.000000,0.558749,0.209859,0.726588,-1.796479,-13.722595,0.090661,-0.401969,-0.195935,0.889838,-0.226814,-0.134205,-0.311157,0.103795,0.048738,0.100856
15.400000,15.400000,step,0.523600,0.000000,0.518013,-0.002099,-0.000021,-0.000000,0.558749,0.209859,0.727800,-1.797089,-13.730636,0.091273,-0.401830,-0.194581,0.890135,-0.226814,-0.134205,-0.311157,0.103795,0.048738,0.100856
15.420000,15.420000,step,0.523600,0.000000,0.518013,-0.002099,-0.000021,-0.000000,0.558749,0.209859,0.729013,-1.797695,-13.738683,0.091884,-0.401691,-0.193226,0.890430,-0.226814,-0.134205,-0.311157,0.103794,0.048738,0.100857
15.440000,15.440000,step,0.523600,0.000000,0.518013,-0.002099,-0.000021,-0.000000,0.558749,0.209859,0.730229,-1.798297,-13.746729,0.092496,-0.401550,-0.191870,0.890723,-0.226814,-0.134205,-0.311157,0.103794,0.048737,0.100857
15.460000,15.460000,step,0.523600,0.000000,0.518013,-0.002099,-0.000021,-0.000000,0.558749,0.209859,0.731446,-1.798896,-13.754775,0.093107,-0.401409,-0.190514,0.891014,-0.226814,-0.134205,-0.311157,0.103794,0.048737,0.100857
15.480000,15.480000,step,0.523600,0.000000,0.518013,-0.002099,-0.000021,-0.000000,0.558749,0.209859,0.732665,-1.799491,-13.762820,0.093717,-0.401267,-0.189158,0.891303,-0.226814,-0.134205,-0.311157,0.103794,0.048737,0.100857
15.500000,15.500000,step,0.523600,0.000000,0.518013,-0.002099,-0.000021,0.000000,0.558750,0.209859,0.733886,-1.800083,-13.770865,0.094328,-0.401124,-0.187801,0.891590,-0.226814,-0.134205,-0.311157,0.103794,0.048737,0.100857
15.520000,15.520000,step,0.523600,0.000000,0.518013,-0.002099,-0.000021,-0.000000,0.558749,0.209859,0.735108,-1.800670,-13.778913,0.094938,-0.400980,-0.186443,0.891875,-0.226814,-0.134204,-0.311157,0.103793,0.048736,0.100857
15.540000,15.540000,step,0.523600,0.000000,0.518013,-0.002099,-0.000021,0.000000,0.558750,0.209859,0.736332,-1.801253,-13.786960,0.095549,-0.400835,-0.185085,0.892158,-0.226814,-0.134204,-0.311157,0.103793,0.048736,0.100858
15.560000,15.560000,step,0.523600,0.000000,0.518013,-0.002099,-0.000021,0.000000,0.558749,0.209859,0.737559,-1.801834,-13.795003,0.096159,-0.400689,-0.183727,0.892438,-0.226814,-0.134204,-0.311157,0.103793,0.048736,0.100858
15.580000,15.580000,step,0.523600,0.000000,0.518013,-0.002099,-0.000021,-0.000000,0.558750,0.209859,0.738786,-1.802410,-13.803046,0.096768,-0.400542,-0.182368,0.892717,-0.226814,-0.134204,-0.311157,0.103793,0.048736,0.100858
15.600000,15.600000,step,0.523600,0.000000,0.518013,-0.002099,-0.000021,-0.000000,0.558750,0.209859,0.740016,-1.802982,-13.811094,0.097378,-0.400394,-0.181009,0.892994,-0.226815,-0.134204,-0.311157,0.103793,0.048736,0.100857
15.620000,15.620000,step,0.523600,0.000000,0.518013,-0.002099,-0.000021,-0.000000,0.558750,0.209859,0.741247,-1.803551,-13.819138,0.097987,-0.400246,-0.179649,0.893268,-0.226815,-0.134204,-0.311157,0.103793,0.048736,0.100857
15.640000,15.640000,step,0.523600,0.000000,0.518013,-0.002099,-0.000021,-0.000000,0.558750,0.209859,0.742480,-1.804116,-13.827186,0.098596,-0.400096,-0.178289,0.893541,-0.226815,-0.134204,-0.311157,0.103793,0.048736,0.100857
15.660000,15.660000,step,0.523600,0.000000,0.518013,-0.002099,-0.000021,0.000000,0.558750,0.209859,0.743715,-1.804677,-13.835230,0.099205,-0.399946,-0.176929,0.893811,-0.226815,-0.134204,-0.311157,0.103794,0.048736,0.100857
15.680000,15.680000,step,0.523600,0.000000,0.518013,-0.002099,-0.000021,-0.000000,0.558750,0.209859,0.744952,-1.805234,-13.843276,0.099814,-0.399794,-0.175568,0.894079,-0.226815,-0.134204,-0.311158,0.103794,0.048736,0.100856
15.700000,15.700000,step,0.523600,0.000000,0.518013,-0.002099,-0.000021,-0.000000,0.558750,0.209859,0.746190,-1.805788,-13.851321,0.100422,-0.399642,-0.174207,0.894345,-0.226815,-0.134204,-0.311158,0.103794,0.048736,0.100856
15.720000,15.720000,step,0.523600,0.000000,0.518013,-0.002099,-0.000021,-0.000000,0.558750,0.209860,0.747430,-1.806338,-13.859366,0.101030,-0.399488,-0.172845,0.894610,-0.226815,-0.134203,-0.311158,0.103794,0.048736,0.100855
15.740000,15.740000,step,0.523600,0.000000,0.518013,-0.002099,-0.000021,-0.000000,0.558750,0.209859,0.748671,-1.806885,-13.867414,0.101638,-0.399334,-0.171483,0.894872,-0.226815,-0.134203,-0.311158,0.103795,0.048736,0.100855
15.760000,15.760000,step,0.523600,0.000000,0.518013,-0.002099,-0.000021,-0.000000,0.558750,0.209859,0.749914,-1.807427,-13.875461,0.102246,-0.399179,-0.170121,0.895132,-0.226815,-0.134203,-0.311158,0.103795,0.048736,0.100854
15.780000,15.780000,step,0.523600,0.000000,0.518013,-0.002099,-0.000021,-0.000000,0.558750,0.209860,0.751159,-1.807966,-13.883504,0.102854,-0.399023,-0.168758,0.895390,-0.226815,-0.134203,-0.311158,0.103795,0.048736,0.100854
15.800000,15.800000,step,0.523600,0.000000,0.518013,-0.002099,-0.000021,-0.000000,0.558750,0.209860,0.752406,-1.808500,-13.891547,0.103461,-0.398866,-0.167394,0.895646,-0.226815,-0.134203,-0.311158,0.103796,0.048736,0.100853
15.820000,15.820000,step,0.523600,0.000000,0.518013,-0.002099,-0.000021,-0.000000,0.558750,0.209860,0.753654,-1.809032,-13.899595,0.104068,-0.398708,-0.166031,0.895899,-0.226815,-0.134203,-0.311158,0.103796,0.048736,0.100853
15.840000,15.840000,step,0.523600,0.000000,0.518013,-0.002099,-0.000021,-0.000000,0.558751,0.209860,0.754904,-1.809559,-13.907639,0.104675,-0.398549,-0.164667,0.896151,-0.226814,-0.134203,-0.311158,0.103796,0.048736,0.100852
15.860000,15.860000,step,0.523600,0.000000,0.518013,-0.002099,-0.000021,-0.000000,0.558750,0.209860,0.756155,-1.810083,-13.915685,0.105281,-0.398389,-0.163302,0.896401,-0.226815,-0.134203,-0.311158,0.103797,0.048736,0.100851
15.880000,15.880000,step,0.523600,0.000000,0.518013,-0.002099,-0.000021,-0.000000,0.558750,0.209860,0.757408,-1.810602,-13.923730,0.105888,-0.398228,-0.161938,0.896648,-0.226814,-0.134203,-0.311158,0.103797,0.048736,0.100851
15.900000,15.900000,step,0.523600,0.000000,0.518013,-0.002099,-0.000021,-0.000000,0.558751,0.209860,0.758662,-1.811118,-13.931770,0.106494,-0.398067,-0.160572,0.896894,-0.226815,-0.134203,-0.311158,0.103798,0.048736,0.100850
15.920000,15.920000,step,0.523600,0.000000,0.518013,-0.002099,-0.000021,-0.000000,0.558751,0.209860,0.759918,-1.811630,-13.939817,0.107099,-0.397904,-0.159207,0.897137,-0.226815,-0.134202,-0.311158,0.103798,0.048736,0.100849
15.940000,15.940000,step,0.523600,0.000000,0.518013,-0.002099,-0.000022,-0.000000,0.558751,0.209860,0.761176,-1.812139,-13.947859,0.107705,-0.397741,-0.157841,0.897379,-0.226815,-0.134202,-0.311158,0.103799,0.048736,0.100848
15.960000,15.960000,step,0.523600,0.000000,0.518013,-0.002099,-0.000022,-0.000000,0.558751,0.209860,0.762435,-1.812643,-13.955903,0.108310,-0.397576,-0.156475,0.897618,-0.226815,-0.134202,-0.311158,0.103799,0.048736,0.100848
15.980000,15.980000,step,0.523600,0.000000,0.518013,-0.002099,-0.000022,0.000000,0.558751,0.209860,0.763696,-1.813143,-13.963945,0.108915,-0.397411,-0.155108,0.897855,-0.226815,-0.134202,-0.311158,0.103800,0.048736,0.100847
16.000000,16.000000,step,0.523600,0.000000,0.518013,-0.002099,-0.000022,0.000000,0.558751,0.209860,0.764958,-1.813640,-13.971988,0.109520,-0.397245,-0.153741,0.898090,-0.226815,-0.134202,-0.311158,0.103800,0.048736,0.100846
16.020000,16.020000,step,0.523600,0.000000,0.518013,-0.002099,-0.000022,-0.000000,0.558751,0.209860,0.766222,-1.814133,-13.980032,0.110125,-0.397077,-0.152374,0.898323,-0.226814,-0.134202,-0.311158,0.103801,0.048736,0.100846
16.040000,16.040000,step,0.523600,0.000000,0.518013,-0.002099,-0.000022,-0.000000,0.558751,0.209860,0.767487,-1.814621,-13.988072,0.110729,-0.396909,-0.151006,0.898554,-0.226814,-0.134202,-0.311158,0.103801,0.048736,0.100845
16.060000,16.060000,step,0.523600,0.000000,0.518013,-0.002099,-0.000022,-0.000000,0.558751,0.209860,0.768753,-1.815107,-13.996119,0.111333,-0.396740,-0.149638,0.898783,-0.226815,-0.134202,-0.311158,0.103801,0.048736,0.100844
16.080000,16.080000,step,0.523600,0.000000,0.518013,-0.002099,-0.000022,-0.000000,0.558751,0.209860,0.770022,-1.815588,-14.004161,0.111937,-0.396570,-0.148269,0.899010,-0.226814,-0.134202,-0.311158,0.103802,0.048736,0.100844
16.100000,16.100000,step,0.523600,0.000000,0.518013,-0.002099,-0.000022,-0.000000,0.558751,0.209860,0.771291,-1.816065,-14.012207,0.112541,-0.396399,-0.146901,0.899234,-0.226814,-0.134202,-0.311158,0.103802,0.048736,0.100843
16.120000,16.120000,step,0.523600,0.000000,0.518013,-0.002099,-0.000022,-0.000000,0.558751,0.209860,0.772562,-1.816539,-14.020251,0.113144,-0.396228,-0.145532,0.899457,-0.226815,-0.134202,-0.311158,0.103803,0.048736,0.100842
16.140000,16.140000,step,0.523600,0.000000,0.518013,-0.002099,-0.000022,-0.000000,0.558751,0.209860,0.773835,-1.817008,-14.028296,0.113747,-0.396055,-0.144162,0.899677,-0.226815,-0.134202,-0.311158,0.103803,0.048735,0.100842
16.160000,16.160000,step,0.523600,0.000000,0.518013,-0.002099,-0.000022,-0.000000,0.558751,0.209860,0.775109,-1.817474,-14.036340,0.114350,-0.395881,-0.142792,0.899896,-0.226815,-0.134202,-0.311158,0.103803,0.048735,0.100841
16.180000,16.180000,step,0.523600,0.000000,0.518013,-0.002099,-0.000022,-0.000000,0.558751,0.209860,0.776384,-1.817936,-14.044384,0.114952,-0.395707,-0.141422,0.900112,-0.226815,-0.134202,-0.311158,0.103803,0.048735,0.100841
16.200000,16.200000,step,0.523600,0.000000,0.518013,-0.002099,-0.000022,-0.000000,0.558751,0.209860,0.777661,-1.818394,-14.052430,0.115555,-0.395531,-0.140052,0.900326,-0.226815,-0.134202,-0.311158,0.103804,0.048735,0.100840
16.220000,16.220000,step,0.523600,0.000000,0.518013,-0.002099,-0.000022,-0.000000,0.558751,0.209860,0.778939,-1.818848,-14.060477,0.116157,-0.395355,-0.138681,0.900539,-0.226814,-0.134202,-0.311158,0.103804,0.048735,0.100840
16.240000,16.240000,step,0.523600,0.000000,0.518013,-0.002099,-0.000022,-0.000000,0.558751,0.209860,0.780219,-1.819298,-14.068521,0.116759,-0.395177,-0.137310,0.900749,-0.226814,-0.134202,-0.311158,0.103804,0.048735,0.100840
16.260000,16.260000,step,0.523600,0.000000,0.518013,-0.002099,-0.000022,0.000000,0.558751,0.209860,0.781500,-1.819745,-14.076567,0.117360,-0.394999,-0.135939,0.900957,-0.226814,-0.134202,-0.311158,0.103804,0.048735,0.100840
16.280000,16.280000,step,0.523600,0.000000,0.518013,-0.002099,-0.000022,0.000000,0.558751,0.209860,0.782782,-1.820187,-14.084613,0.117961,-0.394820,-0.134567,0.901163,-0.226814,-0.134202,-0.311158,0.103804,0.048735,0.100839
16.300000,16.300000,step,0.523600,0.000000,0.518013,-0.002099,-0.000022,0.000000,0.558751,0.209860,0.784065,-1.820626,-14.092656,0.118562,-0.394640,-0.133195,0.901366,-0.226814,-0.134202,-0.311158,0.103804,0.048735,0.100839
16.320000,16.320000,step,0.523600,0.000000,0.518013,-0.002099,-0.000022,-0.000000,0.558751,0.209860,0.785350,-1.821061,-14.100705,0.119163,-0.394459,-0.131823,0.901568,-0.226814,-0.134202,-0.311158,0.103805,0.048734,0.100839
16.340000,16.340000,step,0.523600,0.000000,0.518013,-0.002099,-0.000022,-0.000000,0.558751,0.209860,0.786636,-1.821492,-14.108750,0.119763,-0.394277,-0.130450,0.901768,-0.226814,-0.134203,-0.311158,0.103805,0.048734,0.100839
16.360000,16.360000,step,0.523600,0.000000,0.518013,-0.002099,-0.000022,-0.000000,0.558751,0.209860,0.787924,-1.821919,-14.116795,0.120363,-0.394094,-0.129077,0.901965,-0.226814,-0.134203,-0.311158,0.103805,0.048734,0.100839
16.380000,16.380000,step,0.523600,0.000000,0.518013,-0.002099,-0.000022,0.000000,0.558751,0.209860,0.789213,-1.822342,-14.124842,0.120963,-0.393911,-0.127704,0.902161,-0.226814,-0.134203,-0.311158,0.103805,0.048734,0.100838
16.400000,16.400000,step,0.523600,0.000000,0.518013,-0.002099,-0.000022,-0.000000,0.558751,0.209860,0.790503,-1.822761,-14.132885,0.121563,-0.393726,-0.126330,0.902354,-0.226814,-0.134203,-0.311158,0.103804,0.048734,0.100838
16.420000,16.420000,step,0.523600,0.000000,0.518013,-0.002099,-0.000022,0.000000,0.558751,0.209860,0.791795,-1.823176,-14.140931,0.122162,-0.393541,-0.124957,0.902545,-0.226814,-0.134203,-0.311158,0.103804,0.048734,0.100838
16.440000,16.440000,step,0.523600,0.000000,0.518013,-0.002099,-0.000021,0.000000,0.558751,0.209860,0.793087,-1.823587,-14.148978,0.122761,-0.393354,-0.123583,0.902735,-0.226814,-0.134203,-0.311158,0.103804,0.048734,0.100838
16.460000,16.460000,step,0.523600,0.000000,0.518013,-0.002099,-0.000021,0.000000,0.558750,0.209859,0.794381,-1.823993,-14.157022,0.123360,-0.393167,-0.122209,0.902922,-0.226814,-0.134203,-0.311158,0.103804,0.048734,0.100839
16.480000,16.480000,step,0.523600,0.000000,0.518013,-0.002099,-0.000021,-0.000000,0.558751,0.209859,0.795676,-1.824397,-14.165071,0.123958,-0.392978,-0.120834,0.903107,-0.226813,-0.134203,-0.311158,0.103804,0.048733,0.100839
16.500000,16.500000,step,0.523600,0.000000,0.518013,-0.002099,-0.000021,0.000000,0.558750,0.209859,0.796972,-1.824796,-14.173114,0.124556,-0.392789,-0.119460,0.903289,-0.226813,-0.134203,-0.311158,0.103803,0.048733,0.100839
16.520000,16.520000,step,0.523600,0.000000,0.518013,-0.002099,-0.000021,-0.000000,0.558750,0.209859,0.798270,-1.825191,-14.181157,0.125154,-0.392599,-0.118085,0.903470,-0.226813,-0.134203,-0.311158,0.103803,0.048733,0.100840
16.540000,16.540000,step,0.523600,0.000000,0.518013,-0.002099,-0.000021,0.000000,0.558750,0.209859,0.799568,-1.825582,-14.189206,0.125752,-0.392408,-0.116709,0.903649,-0.226813,-0.134203,-0.311158,0.103803,0.048732,0.100840
16.560000,16.560000,step,0.523600,0.000000,0.518013,-0.002099,-0.000021,-0.000000,0.558750,0.209859,0.800868,-1.825970,-14.197251,0.126348,-0.392216,-0.115334,0.903826,-0.226813,-0.134203,-0.311158,0.103802,0.048732,0.100841
16.580000,16.580000,step,0.523600,0.000000,0.518013,-0.002099,-0.000021,0.000000,0.558750,0.209859,0.802169,-1.826353,-14.205297,0.126945,-0.392024,-0.113958,0.904000,-0.226813,-0.134203,-0.311158,0.103802,0.048731,0.100841
16.600000,16.600000,step,0.523600,0.000000,0.518013,-0.002099,-0.000021,-0.000000,0.558750,0.209859,0.803471,-1.826733,-14.213342,0.127542,-0.391830,-0.112582,0.904172,-0.226813,-0.134203,-0.311158,0.103802,0.048731,0.100841
16.620000,16.620000,step,0.523600,0.000000,0.518013,-0.002099,-0.000021,0.000000,0.558750,0.209859,0.804775,-1.827108,-14.221386,0.128138,-0.391635,-0.111206,0.904343,-0.226814,-0.134203,-0.311158,0.103802,0.048730,0.100842
16.640000,16.640000,step,0.523600,0.000000,0.518013,-0.002099,-0.000021,0.000000,0.558750,0.209859,0.806079,-1.827480,-14.229432,0.128734,-0.391440,-0.109829,0.904511,-0.226814,-0.134203,-0.311158,0.103802,0.048730,0.100842
16.660000,16.660000,step,0.523600,0.000000,0.518013,-0.002099,-0.000021,-0.000000,0.558750,0.209859,0.807385,-1.827848,-14.237479,0.129329,-0.391243,-0.108453,0.904677,-0.226813,-0.134203,-0.311158,0.103802,0.048729,0.100842
16.680000,16.680000,step,0.523600,0.000000,0.518013,-0.002099,-0.000021,0.000000,0.558750,0.209859,0.808692,-1.828212,-14.245523,0.129924,-0.391046,-0.107075,0.904841,-0.226814,-0.134203,-0.311159,0.103802,0.048729,0.100842
16.700000,16.700000,step,0.523600,0.000000,0.518013,-0.002099,-0.000021,-0.000000,0.558751,0.209859,0.809999,-1.828571,-14.253572,0.130519,-0.390848,-0.105698,0.905003,-0.226813,-0.134202,-0.311159,0.103802,0.048729,0.100842
16.720000,16.720000,step,0.523600,0.000000,0.518013,-0.002099,-0.000021,0.000000,0.558750,0.209859,0.811308,-1.828927,-14.261615,0.131114,-0.390649,-0.104321,0.905163,-0.226814,-0.134202,-0.311159,0.103802,0.048728,0.100842
16.740000,16.740000,step,0.523600,0.000000,0.518013,-0.002099,-0.000021,0.000000,0.558751,0.209860,0.812618,-1.829278,-14.269658,0.131708,-0.390449,-0.102943,0.905321,-0.226814,-0.134202,-0.311159,0.103802,0.048728,0.100842
16.760000,16.760000,step,0.523600,0.000000,0.518013,-0.002099,-0.000021,-0.000000,0.558751,0.209860,0.813929,-1.829626,-14.277707,0.132302,-0.390248,-0.101565,0.905476,-0.226814,-0.134202,-0.311159,0.103802,0.048728,0.100841
16.780000,16.780000,step,0.523600,0.000000,0.518013,-0.002099,-0.000022,-0.000000,0.558751,0.209860,0.815241,-1.829969,-14.285752,0.132896,-0.390046,-0.100187,0.905630,-0.226814,-0.134202,-0.311159,0.103802,0.048727,0.100841
16.800000,16.800000,step,0.523600,0.000000,0.518013,-0.002099,-0.000022,-0.000000,0.558751,0.209860,0.816554,-1.830309,-14.293796,0.133489,-0.389843,-0.098808,0.905781,-0.226814,-0.134202,-0.311159,0.103803,0.048727,0.100841
16.820000,16.820000,step,0.523600,0.000000,0.518013,-0.002099,-0.000021,-0.000000,0.558751,0.209860,0.817868,-1.830644,-14.301841,0.134082,-0.389640,-0.097429,0.905931,-0.226814,-0.134202,-0.311159,0.103803,0.048727,0.100841
16.840000,16.840000,step,0.523600,0.000000,0.518013,-0.002099,-0.000022,0.000000,0.558751,0.209860,0.819183,-1.830976,-14.309883,0.134675,-0.389435,-0.096050,0.906078,-0.226814,-0.134202,-0.311159,0.103803,0.048726,0.100840
16.860000,16.860000,step,0.523600,0.000000,0.518013,-0.002099,-0.000022,0.000000,0.558751,0.209860,0.820499,-1.831304,-14.317930,0.135268,-0.389230,-0.094671,0.906223,-0.226814,-0.134202,-0.311159,0.103804,0.048726,0.100840
16.880000,16.880000,step,0.523600,0.000000,0.518013,-0.002099,-0.000022,-0.000000,0.558751,0.209860,0.821817,-1.831627,-14.325974,0.135860,-0.389023,-0.093292,0.906366,-0.226814,-0.134201,-0.311159,0.103804,0.048726,0.100839
16.900000,16.900000,step,0.523600,0.000000,0.518013,-0.002099,-0.000022,-0.000000,0.558751,0.209860,0.823135,-1.831948,-14.334019,0.136452,-0.388816,-0.091912,0.906507,-0.226814,-0.134201,-0.311159,0.103804,0.048725,0.100839
16.920000,16.920000,step,0.523600,0.000000,0.518013,-0.002099,-0.000022,0.000000,0.558752,0.209860,0.824454,-1.832263,-14.342063,0.137043,-0.388608,-0.090532,0.906646,-0.226814,-0.134201,-0.311159,0.103805,0.048725,0.100838
16.940000,16.940000,step,0.523600,0.000000,0.518013,-0.002099,-0.000022,0.000000,0.558751,0.209860,0.825774,-1.832575,-14.350110,0.137634,-0.388399,-0.089152,0.906783,-0.226814,-0.134201,-0.311159,0.103805,0.048725,0.100837
16.960000,16.960000,step,0.523600,0.000000,0.518013,-0.002099,-0.000022,0.000000,0.558751,0.209860,0.827095,-1.832883,-14.358152,0.138225,-0.388189,-0.087772,0.906917,-0.226814,-0.134201,-0.311159,0.103806,0.048725,0.100837
16.980000,16.980000,step,0.523600,0.000000,0.518013,-0.002099,-0.000022,0.000000,0.558752,0.209860,0.828417,-1.833186,-14.366196,0.138816,-0.387978,-0.086391,0.907050,-0.226814,-0.134201,-0.311159,0.103807,0.048725,0.100836
17.000000,17.000000,step,0.523600,0.000000,0.518013,-0.002099,-0.000022,0.000000,0.558752,0.209860,0.829740,-1.833485,-14.374240,0.139406,-0.387767,-0.085010,0.907180,-0.226814,-0.134201,-0.311159,0.103807,0.048724,0.100835
17.020000,17.020000,step,0.523600,0.000000,0.518013,-0.002099,-0.000022,0.000000,0.558752,0.209860,0.831064,-1.833781,-14.382284,0.139996,-0.387554,-0.083629,0.907309,-0.226814,-0.134200,-0.311159,0.103808,0.048724,0.100834
17.040000,17.040000,step,0.523600,0.000000,0.518013,-0.002099,-0.000022,0.000000,0.558752,0.209861,0.832389,-1.834072,-14.390332,0.140586,-0.387340,-0.082248,0.907435,-0.226814,-0.134200,-0.311159,0.103809,0.048724,0.100833
17.060000,17.060000,step,0.523600,0.000000,0.518013,-0.002099,-0.000022,0.000000,0.558752,0.209861,0.833714,-1.834359,-14.398377,0.141175,-0.387126,-0.080867,0.907559,-0.226814,-0.134200,-0.311159,0.103810,0.048724,0.100832
17.080000,17.080000,step,0.523600,0.000000,0.518013,-0.002099,-0.000022,0.000000,0.558752,0.209861,0.835041,-1.834643,-14.406419,0.141764,-0.386911,-0.079485,0.907681,-0.226814,-0.134200,-0.311159,0.103810,0.048724,0.100831
17.100000,17.100000,step,0.523600,0.000000,0.518013,-0.002099,-0.000022,-0.000000,0.558752,0.209861,0.836368,-1.834922,-14.414461,0.142353,-0.386694,-0.078104,0.907801,-0.226814,-0.134200,-0.311159,0.103811,0.048724,0.100830
17.120000,17.120000,step,0.523600,0.000000,0.518013,-0.002099,-0.000022,0.000000,0.558752,0.209861,0.837696,-1.835197,-14.422507,0.142941,-0.386477,-0.076722,0.907919,-0.226814,-0.134200,-0.311159,0.103812,0.048724,0.100829
17.140000,17.140000,step,0.523600,0.000000,0.518013,-0.002099,-0.000022,-0.000000,0.558752,0.209861,0.839025,-1.835469,-14.430557,0.143529,-0.386259,-0.075340,0.908035,-0.226814,-0.134200,-0.311159,0.103813,0.048724,0.100828
17.160000,17.160000,step,0.523600,0.000000,0.518013,-0.002099,-0.000022,-0.000000,0.558752,0.209861,0.840355,-1.835737,-14.438601,0.144117,-0.386040,-0.073958,0.908148,-0.226814,-0.134200,-0.311159,0.103813,0.048724,0.100827
17.180000,17.180000,step,0.523600,0.000000,0.518013,-0.002099,-0.000022,-0.000000,0.558753,0.209861,0.841685,-1.836000,-14.446647,0.144704,-0.385821,-0.072575,0.908260,-0.226814,-0.134200,-0.311159,0.103814,0.048724,0.100826
17.200000,17.200000,step,0.523600,0.000000,0.518013,-0.002099,-0.000022,0.000000,0.558753,0.209861,0.843017,-1.836259,-14.454689,0.145291,-0.385600,-0.071193,0.908369,-0.226814,-0.134200,-0.311159,0.103815,0.048724,0.100825
17.220000,17.220000,step,0.523600,0.000000,0.518013,-0.002099,-0.000022,-0.000000,0.558752,0.209861,0.844349,-1.836514,-14.462734,0.145878,-0.385378,-0.069810,0.908477,-0.226814,-0.134200,-0.311159,0.103815,0.048725,0.100824
17.240000,17.240000,step,0.523600,0.000000,0.518013,-0.002099,-0.000022,-0.000000,0.558753,0.209861,0.845682,-1.836765,-14.470777,0.146465,-0.385156,-0.068427,0.908582,-0.226814,-0.134200,-0.311159,0.103816,0.048725,0.100823
17.260000,17.260000,step,0.523600,0.000000,0.518013,-0.002099,-0.000022,-0.000000,0.558753,0.209861,0.847016,-1.837012,-14.478821,0.147051,-0.384932,-0.067044,0.908685,-0.226814,-0.134200,-0.311159,0.103817,0.048725,0.100822
17.280000,17.280000,step,0.523600,0.000000,0.518013,-0.002099,-0.000022,-0.000000,0.558753,0.209861,0.848350,-1.837255,-14.486864,0.147636,-0.384708,-0.065661,0.908786,-0.226814,-0.134200,-0.311159,0.103817,0.048725,0.100821
17.300000,17.300000,step,0.523600,0.000000,0.518013,-0.002099,-0.000022,-0.000000,0.558753,0.209861,0.849686,-1.837494,-14.494909,0.148222,-0.384483,-0.064278,0.908885,-0.226814,-0.134200,-0.311159,0.103818,0.048725,0.100820
17.320000,17.320000,step,0.523600,0.000000,0.518013,-0.002099,-0.000022,-0.000000,0.558753,0.209861,0.851021,-1.837728,-14.502953,0.148807,-0.384257,-0.062894,0.908982,-0.226814,-0.134200,-0.311159,0.103819,0.048725,0.100819
17.340000,17.340000,step,0.523600,0.000000,0.518013,-0.002099,-0.000022,-0.000000,0.558753,0.209861,0.852358,-1.837959,-14.510999,0.149391,-0.384030,-0.061511,0.909076,-0.226814,-0.134200,-0.311159,0.103819,0.048725,0.100819
17.360000,17.360000,step,0.523600,0.000000,0.518013,-0.002099,-0.000022,-0.000000,0.558753,0.209861,0.853695,-1.838185,-14.519045,0.149976,-0.383802,-0.060127,0.909169,-0.226814,-0.134200,-0.311159,0.103819,0.048725,0.100818
17.380000,17.380000,step,0.523600,0.000000,0.518013,-0.002099,-0.000022,-0.000000,0.558753,0.209861,0.855033,-1.838408,-14.527091,0.150560,-0.383573,-0.058744,0.909259,-0.226813,-0.134200,-0.311159,0.103820,0.048725,0.100817
17.400000,17.400000,step,0.523600,0.000000,0.518013,-0.002099,-0.000022,-0.000000,0.558753,0.209861,0.856372,-1.838627,-14.535136,0.151144,-0.383344,-0.057360,0.909348,-0.226813,-0.134200,-0.311159,0.103820,0.048725,0.100817
17.420000,17.420000,step,0.523600,0.000000,0.518013,-0.002099,-0.000022,-0.000000,0.558752,0.209861,0.857711,-1.838841,-14.543182,0.151727,-0.383113,-0.055976,0.909434,-0.226813,-0.134200,-0.311160,0.103820,0.048725,0.100817
17.440000,17.440000,step,0.523600,0.000000,0.518013,-0.002099,-0.000022,0.000000,0.558752,0.209861,0.859052,-1.839052,-14.551228,0.152310,-0.382881,-0.054592,0.909518,-0.226813,-0.134200,-0.311160,0.103820,0.048725,0.100816
17.460000,17.460000,step,0.523600,0.000000,0.518013,-0.002099,-0.000022,-0.000000,0.558752,0.209861,0.860392,-1.839258,-14.559270,0.152893,-0.382649,-0.053207,0.909600,-0.226813,-0.134200,-0.311160,0.103821,0.048725,0.100816
17.480000,17.480000,step,0.523600,0.000000,0.518013,-0.002099,-0.000022,-0.000000,0.558752,0.209861,0.861733,-1.839460,-14.567315,0.153475,-0.382416,-0.051823,0.909680,-0.226813,-0.134201,-0.311160,0.103821,0.048724,0.100816
17.500000,17.500000,step,0.523600,0.000000,0.518013,-0.002099,-0.000022,-0.000000,0.558752,0.209861,0.863075,-1.839658,-14.575358,0.154057,-0.382182,-0.050439,0.909758,-0.226813,-0.134201,-0.311160,0.103820,0.048724,0.100816
17.520000,17.520000,step,0.523600,0.000000,0.518013,-0.002099,-0.000022,-0.000000,0.558752,0.209861,0.864418,-1.839853,-14.583402,0.154639,-0.381947,-0.049054,0.909834,-0.226812,-0.134201,-0.311160,0.103820,0.048723,0.100817
17.540000,17.540000,step,0.523600,0.000000,0.518013,-0.002099,-0.000022,0.000000,0.558752,0.209860,0.865761,-1.840043,-14.591444,0.155220,-0.381711,-0.047669,0.909907,-0.226812,-0.134201,-0.311160,0.103820,0.048723,0.100817
17.560000,17.560000,step,0.523600,0.000000,0.518013,-0.002099,-0.000022,-0.000000,0.558752,0.209860,0.867104,-1.840229,-14.599488,0.155801,-0.381474,-0.046285,0.909979,-0.226812,-0.134201,-0.311160,0.103820,0.048722,0.100817
17.580000,17.580000,step,0.523600,0.000000,0.518013,-0.002099,-0.000022,-0.000000,0.558752,0.209860,0.868448,-1.840412,-14.607532,0.156381,-0.381237,-0.044900,0.910048,-0.226812,-0.134201,-0.311160,0.103820,0.048722,0.100818
17.600000,17.600000,step,0.523600,0.000000,0.518013,-0.002099,-0.000022,-0.000000,0.558752,0.209860,0.869793,-1.840589,-14.615577,0.156961,-0.380998,-0.043515,0.910115,-0.226812,-0.134201,-0.311160,0.103819,0.048722,0.100818
17.620000,17.620000,step,0.523600,0.000000,0.518013,-0.002099,-0.000022,-0.000000,0.558752,0.209860,0.871138,-1.840762,-14.623624,0.157541,-0.380759,-0.042129,0.910180,-0.226812,-0.134202,-0.311160,0.103819,0.048721,0.100819
17.640000,17.640000,step,0.523600,0.000000,0.518013,-0.002099,-0.000022,-0.000000,0.558751,0.209860,0.872484,-1.840932,-14.631666,0.158120,-0.380519,-0.040744,0.910244,-0.226812,-0.134202,-0.311160,0.103818,0.048721,0.100819
17.660000,17.660000,step,0.523600,0.000000,0.518013,-0.002099,-0.000022,0.000000,0.558751,0.209860,0.873830,-1.841097,-14.639712,0.158699,-0.380278,-0.039359,0.910304,-0.226812,-0.134202,-0.311160,0.103818,0.048721,0.100820
17.680000,17.680000,step,0.523600,0.000000,0.518013,-0.002099,-0.000022,-0.000000,0.558751,0.209860,0.875177,-1.841259,-14.647759,0.159278,-0.380036,-0.037973,0.910363,-0.226812,-0.134202,-0.311160,0.103817,0.048720,0.100821
17.700000,17.700000,step,0.523600,0.000000,0.518013,-0.002099,-0.000022,-0.000000,0.558751,0.209860,0.876524,-1.841415,-14.655799,0.159856,-0.379793,-0.036588,0.910420,-0.226812,-0.134202,-0.311160,0.103817,0.048720,0.100821
17.720000,17.720000,step,0.523600,0.000000,0.518013,-0.002099,-0.000022,-0.000000,0.558751,0.209860,0.877872,-1.841569,-14.663845,0.160434,-0.379549,-0.035202,0.910475,-0.226812,-0.134202,-0.311160,0.103817,0.048720,0.100822
17.740000,17.740000,step,0.523600,0.000000,0.518013,-0.002099,-0.000022,-0.000000,0.558751,0.209860,0.879220,-1.841718,-14.671887,0.161012,-0.379304,-0.033816,0.910527,-0.226812,-0.134202,-0.311160,0.103816,0.048719,0.100823
17.760000,17.760000,step,0.523600,0.000000,0.518013,-0.002099,-0.000022,0.000000,0.558751,0.209860,0.880569,-1.841863,-14.679932,0.161589,-0.379059,-0.032430,0.910578,-0.226811,-0.134202,-0.311160,0.103816,0.048719,0.100823
17.780000,17.780000,step,0.523600,0.000000,0.518013,-0.002099,-0.000021,-0.000000,0.558751,0.209860,0.881918,-1.842003,-14.687977,0.162166,-0.378812,-0.031045,0.910626,-0.226811,-0.134202,-0.311160,0.103815,0.048719,0.100824
17.800000,17.800000,step,0.523600,0.000000,0.518013,-0.002099,-0.000021,-0.000000,0.558751,0.209859,0.883267,-1.842140,-14.696020,0.162742,-0.378565,-0.029659,0.910672,-0.226811,-0.134202,-0.311160,0.103815,0.048718,0.100825
17.820000,17.820000,step,0.523600,0.000000,0.518013,-0.002099,-0.000021,0.000000,0.558751,0.209859,0.884617,-1.842273,-14.704064,0.163318,-0.378317,-0.028273,0.910716,-0.226811,-0.134202,-0.311160,0.103815,0.048718,0.100826
17.840000,17.840000,step,0.523600,0.000000,0.518013,-0.002099,-0.000021,-0.000000,0.558751,0.209859,0.885967,-1.842401,-14.712110,0.163893,-0.378068,-0.026887,0.910758,-0.226811,-0.134202,-0.311160,0.103814,0.048718,0.100826
17.860000,17.860000,step,0.523600,0.000000,0.518013,-0.002099,-0.000021,-0.000000,0.558751,0.209859,0.887318,-1.842525,-14.720155,0.164469,-0.377818,-0.025500,0.910798,-0.226811,-0.134202,-0.311160,0.103814,0.048717,0.100827
17.880000,17.880000,step,0.523600,0.000000,0.518013,-0.002099,-0.000021,-0.000000,0.558751,0.209859,0.888669,-1.842645,-14.728201,0.165044,-0.377567,-0.024114,0.910836,-0.226811,-0.134202,-0.311160,0.103813,0.048717,0.100828
17.900000,17.900000,step,0.523600,0.000000,0.518013,-0.002099,-0.000021,-0.000000,0.558751,0.209859,0.890020,-1.842761,-14.736249,0.165618,-0.377316,-0.022728,0.910872,-0.226811,-0.134203,-0.311160,0.103813,0.048717,0.100829
17.920000,17.920000,step,0.523600,0.000000,0.518013,-0.002099,-0.000021,-0.000000,0.558750,0.209859,0.891372,-1.842873,-14.744293,0.166192,-0.377063,-0.021342,0.910905,-0.226811,-0.134203,-0.311160,0.103813,0.048716,0.100829
17.940000,17.940000,step,0.523600,0.000000,0.518013,-0.002099,-0.000021,-0.000000,0.558750,0.209859,0.892724,-1.842981,-14.752337,0.166766,-0.376810,-0.019955,0.910937,-0.226811,-0.134203,-0.311160,0.103812,0.048716,0.100830
17.960000,17.960000,step,0.523600,0.000000,0.518013,-0.002099,-0.000021,0.000000,0.558750,0.209859,0.894077,-1.843085,-14.760382,0.167339,-0.376556,-0.018569,0.910966,-0.226811,-0.134202,-0.311160,0.103812,0.048716,0.100831
17.980000,17.980000,step,0.523600,0.000000,0.518013,-0.002099,-0.000021,-0.000000,0.558750,0.209859,0.895429,-1.843184,-14.768429,0.167912,-0.376300,-0.017182,0.910993,-0.226811,-0.134203,-0.311160,0.103812,0.048715,0.100831
18.000000,18.000000,step,0.523600,0.000000,0.518013,-0.002099,-0.000021,-0.000000,0.558750,0.209859,0.896782,-1.843280,-14.776476,0.168484,-0.376044,-0.015796,0.911018,-0.226811,-0.134203,-0.311160,0.103811,0.048715,0.100832
18.020000,18.020000,step,0.523600,0.000000,0.518013,-0.002099,-0.000021,-0.000000,0.558750,0.209859,0.898136,-1.843371,-14.784521,0.169056,-0.375787,-0.014409,0.911041,-0.226811,-0.134202,-0.311160,0.103811,0.048715,0.100833
18.040000,18.040000,step,0.523600,0.000000,0.518013,-0.002099,-0.000021,-0.000000,0.558750,0.209859,0.899489,-1.843459,-14.792565,0.169628,-0.375530,-0.013023,0.911062,-0.226811,-0.134202,-0.311160,0.103811,0.048714,0.100833
18.060000,18.060000,step,0.523600,0.000000,0.518013,-0.002099,-0.000021,0.000000,0.558750,0.209859,0.900843,-1.843542,-14.800611,0.170199,-0.375271,-0.011636,0.911081,-0.226811,-0.134202,-0.311160,0.103811,0.048714,0.100834
18.080000,18.080000,step,0.523600,0.000000,0.518013,-0.002099,-0.000021,-0.000000,0.558750,0.209859,0.902197,-1.843621,-14.808656,0.170770,-0.375012,-0.010250,0.911097,-0.226811,-0.134202,-0.311160,0.103811,0.048714,0.100834
18.100000,18.100000,step,0.523600,0.000000,0.518013,-0.002099,-0.000021,-0.000000,0.558750,0.209859,0.903552,-1.843695,-14.816702,0.171341,-0.374751,-0.008863,0.911112,-0.226811,-0.134202,-0.311161,0.103810,0.048713,0.100834
18.120000,18.120000,step,0.523600,0.000000,0.518013,-0.002099,-0.000021,0.000000,0.558750,0.209859,0.904906,-1.843766,-14.824748,0.171911,-0.374489,-0.007476,0.911125,-0.226811,-0.134202,-0.311161,0.103810,0.048712,0.100835
18.140000,18.140000,step,0.523600,0.000000,0.518013,-0.002099,-0.000021,0.000000,0.558750,0.209859,0.906261,-1.843833,-14.832794,0.172480,-0.374227,-0.006089,0.911135,-0.226811,-0.134202,-0.311161,0.103810,0.048711,0.100835
18.160000,18.160000,step,0.523600,0.000000,0.518013,-0.002099,-0.000021,0.000000,0.558750,0.209859,0.907616,-1.843895,-14.840841,0.173050,-0.373963,-0.004703,0.911144,-0.226810,-0.134202,-0.311162,0.103810,0.048709,0.100836
18.180000,18.180000,step,0.523600,0.000000,0.518013,-0.002099,-0.000021,-0.000000,0.558750,0.209859,0.908971,-1.843954,-14.848883,0.173619,-0.373699,-0.003316,0.911150,-0.226810,-0.134202,-0.311162,0.103810,0.048707,0.100836
18.200000,18.200000,step,0.523600,0.000000,0.518013,-0.002099,-0.000021,-0.000000,0.558750,0.209859,0.910327,-1.844008,-14.856930,0.174187,-0.373434,-0.001929,0.911154,-0.226810,-0.134202,-0.311162,0.103811,0.048705,0.100837
18.220000,18.220000,step,0.523600,0.000000,0.518013,-0.002099,-0.000021,-0.000000,0.558749,0.209859,0.911682,-1.844058,-14.864977,0.174755,-0.373168,-0.000543,0.911156,-0.226810,-0.134202,-0.311163,0.103811,0.048703,0.100838
18.240000,18.240000,step,0.523600,0.000000,0.518013,-0.002099,-0.000021,-0.000000,0.558749,0.209859,0.913038,-1.844104,-14.873021,0.175323,-0.372901,0.000844,0.911156,-0.226809,-0.134202,-0.311163,0.103811,0.048700,0.100838
18.260000,18.260000,step,0.523600,0.000000,0.518013,-0.002099,-0.000021,0.000000,0.558749,0.209858,0.914393,-1.844146,-14.881067,0.175890,-0.372634,0.002231,0.911154,-0.226809,-0.134202,-0.311163,0.103811,0.048697,0.100839
18.280000,18.280000,step,0.523600,0.000000,0.518013,-0.002099,-0.000021,0.000000,0.558749,0.209858,0.915749,-1.844184,-14.889112,0.176457,-0.372365,0.003618,0.911150,-0.226809,-0.134202,-0.311164,0.103811,0.048693,0.100840
18.300000,18.300000,step,0.523600,0.000000,0.518013,-0.002099,-0.000021,-0.000000,0.558749,0.209858,0.917105,-1.844218,-14.897158,0.177024,-0.372096,0.005004,0.911143,-0.226809,-0.134202,-0.311164,0.103811,0.048690,0.100841
18.320000,18.320000,step,0.523600,0.000000,0.518013,-0.002099,-0.000021,-0.000000,0.558748,0.209858,0.918461,-1.844248,-14.905203,0.177590,-0.371825,0.006391,0.911135,-0.226808,-0.134202,-0.311165,0.103812,0.048686,0.100842
18.340000,18.340000,step,0.523600,0.000000,0.518013,-0.002099,-0.000021,0.000000,0.558748,0.209858,0.919817,-1.844272,-14.913248,0.178155,-0.371554,0.007778,0.911124,-0.226808,-0.134202,-0.311165,0.103812,0.048682,0.100843
18.360000,18.360000,step,0.523600,0.000000,0.518013,-0.002099,-0.000021,-0.000000,0.558748,0.209858,0.921174,-1.844294,-14.921292,0.178720,-0.371282,0.009165,0.911112,-0.226808,-0.134202,-0.311166,0.103812,0.048678,0.100844
18.380000,18.380000,step,0.523600,0.000000,0.518013,-0.002099,-0.000020,-0.000000,0.558748,0.209858,0.922530,-1.844311,-14.929335,0.179285,-0.371009,0.010551,0.911097,-0.226807,-0.134202,-0.311166,0.103812,0.048674,0.100845
18.400000,18.400000,step,0.523600,0.000000,0.518013,-0.002099,-0.000021,-0.000000,0.558748,0.209858,0.923886,-1.844324,-14.937378,0.179850,-0.370735,0.011938,0.911080,-0.226807,-0.134202,-0.311167,0.103812,0.048669,0.100846
18.420000,18.420000,step,0.523600,0.000000,0.518013,-0.002099,-0.000020,0.000000,0.558748,0.209858,0.925242,-1.844333,-14.945420,0.180414,-0.370461,0.013325,0.911061,-0.226807,-0.134202,-0.311167,0.103813,0.048665,0.100847
18.440000,18.440000,step,0.523600,0.000000,0.518013,-0.002099,-0.000020,0.000000,0.558747,0.209857,0.926599,-1.844338,-14.953466,0.180977,-0.370185,0.014711,0.911040,-0.226806,-0.134202,-0.311167,0.103813,0.048660,0.100848
18.460000,18.460000,step,0.523600,0.000000,0.518013,-0.002099,-0.000020,0.000000,0.558747,0.209857,0.927955,-1.844338,-14.961506,0.181540,-0.369909,0.016098,0.911017,-0.226806,-0.134202,-0.311168,0.103813,0.048655,0.100849
18.480000,18.480000,step,0.523600,0.000000,0.518013,-0.002099,-0.000020,0.000000,0.558747,0.209857,0.929311,-1.844335,-14.969551,0.182103,-0.369632,0.017485,0.910991,-0.226806,-0.134202,-0.311168,0.103813,0.048651,0.100850
18.500000,18.500000,step,0.523600,0.000000,0.518013,-0.002099,-0.000020,-0.000000,0.558747,0.209857,0.930668,-1.844327,-14.977597,0.182665,-0.369354,0.018871,0.910964,-0.226805,-0.134202,-0.311168,0.103813,0.048646,0.100852
18.520000,18.520000,step,0.523600,0.000000,0.518013,-0.002099,-0.000020,-0.000000,0.558747,0.209857,0.932024,-1.844316,-14.985642,0.183227,-0.369075,0.020258,0.910934,-0.226805,-0.134202,-0.311169,0.103813,0.048641,0.100853
18.540000,18.540000,step,0.523600,0.000000,0.518013,-0.002099,-0.000020,0.000000,0.558747,0.209857,0.933380,-1.844300,-14.993688,0.183789,-0.368796,0.021644,0.910902,-0.226805,-0.134202,-0.311169,0.103813,0.048636,0.100854
18.560000,18.560000,step,0.523600,0.000000,0.518013,-0.002099,-0.000020,0.000000,0.558746,0.209857,0.934736,-1.844280,-15.001735,0.184350,-0.368515,0.023031,0.910868,-0.226805,-0.134202,-0.311169,0.103813,0.048631,0.100855
18.580000,18.580000,step,0.523600,0.000000,0.518013,-0.002099,-0.000020,0.000000,0.558747,0.209857,0.936092,-1.844255,-15.009779,0.184911,-0.368234,0.024417,0.910832,-0.226805,-0.134202,-0.311169,0.103813,0.048627,0.100857
18.600000,18.600000,step,0.523600,0.000000,0.518013,-0.002099,-0.000020,0.000000,0.558747,0.209857,0.937449,-1.844227,-15.017825,0.185471,-0.367953,0.025803,0.910794,-0.226805,-0.134202,-0.311169,0.103813,0.048623,0.100858
18.620000,18.620000,step,0.523600,0.000000,0.518013,-0.002099,-0.000020,0.000000,0.558747,0.209857,0.938804,-1.844195,-15.025869,0.186031,-0.367670,0.027190,0.910753,-0.226805,-0.134201,-0.311169,0.103812,0.048620,0.100859
18.640000,18.640000,step,0.523600,0.000000,0.518013,-0.002099,-0.000020,-0.000000,0.558747,0.209857,0.940160,-1.844159,-15.033914,0.186590,-0.367387,0.028576,0.910711,-0.226805,-0.134201,-0.311169,0.103812,0.048617,0.100860
18.660000,18.660000,step,0.523600,0.000000,0.518013,-0.002099,-0.000020,-0.000000,0.558747,0.209857,0.941516,-1.844118,-15.041963,0.187149,-0.367103,0.029962,0.910666,-0.226805,-0.134201,-0.311168,0.103812,0.048614,0.100860
18.680000,18.680000,step,0.523600,0.000000,0.518013,-0.002099,-0.000020,-0.000000,0.558747,0.209857,0.942872,-1.844073,-15.050007,0.187707,-0.366818,0.031348,0.910619,-0.226805,-0.134201,-0.311168,0.103811,0.048612,0.100861
18.700000,18.700000,step,0.523600,0.000000,0.518013,-0.002099,-0.000020,-0.000000,0.558747,0.209857,0.944227,-1.844024,-15.058052,0.188265,-0.366532,0.032734,0.910570,-0.226805,-0.134201,-0.311168,0.103811,0.048611,0.100862
18.720000,18.720000,step,0.523600,0.000000,0.518013,-0.002099,-0.000020,-0.000000,0.558747,0.209858,0.945583,-1.843970,-15.066096,0.188823,-0.366246,0.034120,0.910519,-0.226805,-0.134200,-0.311167,0.103810,0.048611,0.100862
18.740000,18.740000,step,0.523600,0.000000,0.518013,-0.002099,-0.000020,0.000000,0.558747,0.209858,0.946938,-1.843913,-15.074140,0.189380,-0.365958,0.035506,0.910466,-0.226806,-0.134200,-0.311167,0.103810,0.048610,0.100862
18.760000,18.760000,step,0.523600,0.000000,0.518013,-0.002099,-0.000020,-0.000000,0.558747,0.209858,0.948293,-1.843852,-15.082184,0.189937,-0.365670,0.036891,0.910411,-0.226806,-0.134200,-0.311166,0.103809,0.048611,0.100863
18.780000,18.780000,step,0.523600,0.000000,0.518013,-0.002099,-0.000020,0.000000,0.558748,0.209858,0.949648,-1.843786,-15.090230,0.190494,-0.365381,0.038277,0.910353,-0.226806,-0.134200,-0.311166,0.103808,0.048611,0.100863
18.800000,18.800000,step,0.523600,0.000000,0.518013,-0.002099,-0.000020,0.000000,0.558748,0.209858,0.951002,-1.843717,-15.098275,0.191050,-0.365091,0.039663,0.910294,-0.226806,-0.134200,-0.311166,0.103807,0.048613,0.100863
18.820000,18.820000,step,0.523600,0.000000,0.518013,-0.002099,-0.000021,0.000000,0.558748,0.209858,0.952356,-1.843643,-15.106318,0.191605,-0.364800,0.041048,0.910232,-0.226807,-0.134200,-0.311165,0.103807,0.048614,0.100863
18.840000,18.840000,step,0.523600,0.000000,0.518013,-0.002099,-0.000021,0.000000,0.558748,0.209859,0.953711,-1.843566,-15.114362,0.192160,-0.364509,0.042434,0.910169,-0.226807,-0.134200,-0.311165,0.103806,0.048616,0.100864
18.860000,18.860000,step,0.523600,0.000000,0.518013,-0.002099,-0.000021,0.000000,0.558748,0.209859,0.955065,-1.843484,-15.122405,0.192715,-0.364216,0.043819,0.910103,-0.226807,-0.134200,-0.311164,0.103805,0.048618,0.100864
18.880000,18.880000,step,0.523600,0.000000,0.518013,-0.002099,-0.000021,0.000000,0.558748,0.209859,0.956418,-1.843398,-15.130446,0.193269,-0.363923,0.045204,0.910035,-0.226807,-0.134200,-0.311164,0.103804,0.048620,0.100864
18.900000,18.900000,step,0.523600,0.000000,0.518013,-0.002099,-0.000021,0.000000,0.558748,0.209859,0.957771,-1.843307,-15.138487,0.193823,-0.363628,0.046589,0.909965,-0.226807,-0.134199,-0.311164,0.103803,0.048623,0.100864
18.920000,18.920000,step,0.523600,0.000000,0.518013,-0.002099,-0.000021,0.000000,0.558748,0.209859,0.959124,-1.843212,-15.146533,0.194376,-0.363333,0.047974,0.909893,-0.226807,-0.134199,-0.311163,0.103802,0.048625,0.100863
18.940000,18.940000,step,0.523600,0.000000,0.518013,-0.002099,-0.000021,0.000000,0.558748,0.209859,0.960477,-1.843114,-15.154577,0.194929,-0.363037,0.049359,0.909819,-0.226808,-0.134199,-0.311163,0.103801,0.048627,0.100863
18.960000,18.960000,step,0.523600,0.000000,0.518013,-0.002099,-0.000021,-0.000000,0.558748,0.209859,0.961830,-1.843011,-15.162619,0.195481,-0.362740,0.050744,0.909743,-0.226808,-0.134199,-0.311163,0.103800,0.048630,0.100863
18.980000,18.980000,step,0.523600,0.000000,0.518013,-0.002099,-0.000021,0.000000,0.558749,0.209859,0.963182,-1.842904,-15.170663,0.196033,-0.362442,0.052129,0.909664,-0.226808,-0.134199,-0.311163,0.103800,0.048632,0.100863
19.000000,19.000000,step,0.523600,0.000000,0.518013,-0.002099,-0.000021,0.000000,0.558749,0.209859,0.964533,-1.842793,-15.178708,0.196585,-0.362143,0.053513,0.909584,-0.226808,-0.134199,-0.311163,0.103799,0.048634,0.100862
19.020000,19.020000,step,0.523600,0.000000,0.518013,-0.002099,-0.000021,0.000000,0.558749,0.209859,0.965885,-1.842678,-15.186754,0.197136,-0.361844,0.054898,0.909501,-0.226808,-0.134199,-0.311162,0.103798,0.048636,0.100862
19.040000,19.040000,step,0.523600,0.000000,0.518013,-0.002099,-0.000021,-0.000000,0.558749,0.209859,0.967236,-1.842559,-15.194798,0.197686,-0.361543,0.056282,0.909417,-0.226808,-0.134199,-0.311162,0.103798,0.048638,0.100862
19.060000,19.060000,step,0.523600,0.000000,0.518013,-0.002099,-0.000021,0.000000,0.558748,0.209859,0.968586,-1.842436,-15.202847,0.198236,-0.361242,0.057666,0.909330,-0.226808,-0.134199,-0.311162,0.103797,0.048639,0.100862
19.080000,19.080000,step,0.523600,0.000000,0.518013,-0.002099,-0.000021,0.000000,0.558749,0.209859,0.969936,-1.842309,-15.210892,0.198786,-0.360939,0.059050,0.909241,-0.226808,-0.134199,-0.311162,0.103797,0.048641,0.100862
19.100000,19.100000,step,0.523600,0.000000,0.518013,-0.002099,-0.000021,0.000000,0.558748,0.209859,0.971286,-1.842178,-15.218936,0.199335,-0.360636,0.060434,0.909151,-0.226808,-0.134199,-0.311163,0.103796,0.048642,0.100861
19.120000,19.120000,step,0.523600,0.000000,0.518013,-0.002099,-0.000021,-0.000000,0.558749,0.209859,0.972636,-1.842042,-15.226981,0.199884,-0.360332,0.061818,0.909058,-0.226808,-0.134199,-0.311163,0.103796,0.048642,0.100861
19.140000,19.140000,step,0.523600,0.000000,0.518013,-0.002099,-0.000021,0.000000,0.558748,0.209859,0.973985,-1.841902,-15.235026,0.200432,-0.360027,0.063202,0.908962,-0.226808,-0.134199,-0.311163,0.103796,0.048643,0.100861
19.160000,19.160000,step,0.523600,0.000000,0.518013,-0.002099,-0.000021,0.000000,0.558748,0.209859,0.975334,-1.841759,-15.243074,0.200980,-0.359722,0.064585,0.908865,-0.226808,-0.134199,-0.311163,0.103796,0.048643,0.100861
19.180000,19.180000,step,0.523600,0.000000,0.518013,-0.002099,-0.000021,-0.000000,0.558748,0.209859,0.976682,-1.841611,-15.251119,0.201527,-0.359415,0.065968,0.908766,-0.226808,-0.134199,-0.311163,0.103795,0.048643,0.100861
19.200000,19.200000,step,0.523600,0.000000,0.518013,-0.002099,-0.000021,0.000000,0.558748,0.209859,0.978029,-1.841459,-15.259164,0.202074,-0.359108,0.067351,0.908665,-0.226808,-0.134199,-0.311163,0.103795,0.048643,0.100861
19.220000,19.220000,step,0.523600,0.000000,0.518013,-0.002099,-0.000021,0.000000,0.558748,0.209859,0.979377,-1.841303,-15.267210,0.202620,-0.358799,0.068734,0.908561,-0.226808,-0.134199,-0.311164,0.103795,0.048643,0.100862
19.240000,19.240000,step,0.523600,0.000000,0.518013,-0.002099,-0.000020,0.000000,0.558748,0.209859,0.980724,-1.841143,-15.275258,0.203166,-0.358490,0.070117,0.908456,-0.226808,-0.134199,-0.311164,0.103794,0.048642,0.100862
19.260000,19.260000,step,0.523600,0.000000,0.518013,-0.002099,-0.000020,0.000000,0.558748,0.209858,0.982070,-1.840979,-15.283302,0.203712,-0.358181,0.071499,0.908348,-0.226808,-0.134199,-0.311164,0.103794,0.048641,0.100862
19.280000,19.280000,step,0.523600,0.000000,0.518013,-0.002099,-0.000020,0.000000,0.558747,0.209858,0.983416,-1.840810,-15.291349,0.204257,-0.357870,0.072882,0.908238,-0.226808,-0.134199,-0.311164,0.103794,0.048640,0.100863
19.300000,19.300000,step,0.523600,0.000000,0.518013,-0.002099,-0.000020,-0.000000,0.558747,0.209858,0.984761,-1.840638,-15.299395,0.204801,-0.357558,0.074264,0.908126,-0.226808,-0.134199,-0.311164,0.103793,0.048639,0.100863
19.320000,19.320000,step,0.523600,0.000000,0.518013,-0.002099,-0.000020,-0.000000,0.558747,0.209858,0.986106,-1.840461,-15.307440,0.205345,-0.357246,0.075646,0.908012,-0.226808,-0.134199,-0.311164,0.103793,0.048638,0.100864
19.340000,19.340000,step,0.523600,0.000000,0.518013,-0.002099,-0.000020,-0.000000,0.558747,0.209858,0.987450,-1.840280,-15.315484,0.205889,-0.356933,0.077028,0.907896,-0.226808,-0.134199,-0.311164,0.103792,0.048637,0.100864
19.360000,19.360000,step,0.523600,0.000000,0.518013,-0.002099,-0.000020,-0.000000,0.558747,0.209858,0.988794,-1.840095,-15.323530,0.206432,-0.356619,0.078410,0.907778,-0.226808,-0.134199,-0.311164,0.103792,0.048636,0.100865
19.380000,19.380000,step,0.523600,0.000000,0.518013,-0.002099,-0.000020,-0.000000,0.558747,0.209858,0.990137,-1.839906,-15.331577,0.206974,-0.356305,0.079791,0.907657,-0.226808,-0.134199,-0.311164,0.103791,0.048635,0.100865
19.400000,19.400000,step,0.523600,0.000000,0.518013,-0.002099,-0.000020,-0.000000,0.558747,0.209858,0.991480,-1.839713,-15.339622,0.207517,-0.355989,0.081173,0.907535,-0.226808,-0.134199,-0.311164,0.103791,0.048634,0.100866
19.420000,19.420000,step,0.523600,0.000000,0.518013,-0.002099,-0.000020,-0.000000,0.558747,0.209858,0.992822,-1.839516,-15.347669,0.208058,-0.355673,0.082554,0.907410,-0.226808,-0.134199,-0.311164,0.103791,0.048633,0.100867
19.440000,19.440000,step,0.523600,0.000000,0.518013,-0.002099,-0.000020,-0.000000,0.558747,0.209858,0.994163,-1.839314,-15.355714,0.208599,-0.355356,0.083935,0.907283,-0.226808,-0.134199,-0.311164,0.103790,0.048632,0.100867
19.460000,19.460000,step,0.523600,0.000000,0.518013,-0.002099,-0.000020,0.000000,0.558747,0.209858,0.995503,-1.839109,-15.363758,0.209140,-0.355038,0.085316,0.907155,-0.226808,-0.134199,-0.311164,0.103789,0.048631,0.100868
19.480000,19.480000,step,0.523600,0.000000,0.518013,-0.002099,-0.000020,0.000000,0.558747,0.209858,0.996843,-1.838900,-15.371803,0.209680,-0.354720,0.086696,0.907024,-0.226808,-0.134199,-0.311164,0.103789,0.048630,0.100868
19.500000,19.500000,step,0.523600,0.000000,0.518013,-0.002099,-0.000020,-0.000000,0.558747,0.209858,0.998183,-1.838687,-15.379850,0.210220,-0.354400,0.088077,0.906891,-0.226808,-0.134199,-0.311164,0.103788,0.048630,0.100869
19.520000,19.520000,step,0.523600,0.000000,0.518013,-0.002099,-0.000020,0.000000,0.558747,0.209858,0.999521,-1.838470,-15.387896,0.210759,-0.354080,0.089457,0.906755,-0.226808,-0.134199,-0.311164,0.103788,0.048629,0.100869
19.540000,19.540000,step,0.523600,0.000000,0.518013,-0.002099,-0.000020,0.000000,0.558747,0.209858,1.000859,-1.838248,-15.395941,0.211297,-0.353759,0.090837,0.906618,-0.226808,-0.134199,-0.311164,0.103787,0.048629,0.100870
19.560000,19.560000,step,0.523600,0.000000,0.518013,-0.002099,-0.000020,-0.000000,0.558747,0.209858,1.002196,-1.838023,-15.403985,0.211836,-0.353437,0.092217,0.906479,-0.226808,-0.134199,-0.311164,0.103787,0.048629,0.100870
19.580000,19.580000,step,0.523600,0.000000,0.518013,-0.002099,-0.000020,-0.000000,0.558747,0.209858,1.003533,-1.837793,-15.412031,0.212373,-0.353114,0.093597,0.906337,-0.226808,-0.134199,-0.311164,0.103787,0.048629,0.100870
19.600000,19.600000,step,0.523600,0.000000,0.518013,-0.002099,-0.000020,0.000000,0.558747,0.209858,1.004869,-1.837559,-15.420078,0.212910,-0.352791,0.094976,0.906194,-0.226808,-0.134198,-0.311164,0.103786,0.048629,0.100871
19.620000,19.620000,step,0.523600,0.000000,0.518013,-0.002099,-0.000020,-0.000000,0.558747,0.209858,1.006205,-1.837322,-15.428123,0.213447,-0.352466,0.096355,0.906048,-0.226809,-0.134198,-0.311164,0.103786,0.048629,0.100871
19.640000,19.640000,step,0.523600,0.000000,0.518013,-0.002099,-0.000020,0.000000,0.558747,0.209858,1.007539,-1.837080,-15.436170,0.213983,-0.352141,0.097735,0.905900,-0.226809,-0.134198,-0.311164,0.103785,0.048629,0.100871
19.660000,19.660000,step,0.523600,0.000000,0.518013,-0.002099,-0.000020,-0.000000,0.558748,0.209858,1.008873,-1.836834,-15.444215,0.214519,-0.351815,0.099113,0.905751,-0.226809,-0.134198,-0.311164,0.103785,0.048630,0.100871
19.680000,19.680000,step,0.523600,0.000000,0.518013,-0.002099,-0.000020,-0.000000,0.558748,0.209858,1.010206,-1.836584,-15.452259,0.215054,-0.351488,0.100492,0.905599,-0.226809,-0.134198,-0.311164,0.103785,0.048630,0.100871
19.700000,19.700000,step,0.523600,0.000000,0.518013,-0.002099,-0.000021,0.000000,0.558748,0.209859,1.011539,-1.836330,-15.460304,0.215589,-0.351161,0.101870,0.905445,-0.226809,-0.134198,-0.311164,0.103785,0.048630,0.100871
19.720000,19.720000,step,0.523600,0.000000,0.518013,-0.002099,-0.000021,-0.000000,0.558748,0.209859,1.012870,-1.836072,-15.468351,0.216123,-0.350832,0.103249,0.905288,-0.226809,-0.134198,-0.311164,0.103785,0.048631,0.100870
19.740000,19.740000,step,0.523600,0.000000,0.518013,-0.002099,-0.000021,-0.000000,0.558748,0.209859,1.014201,-1.835809,-15.476397,0.216657,-0.350503,0.104626,0.905130,-0.226809,-0.134197,-0.311164,0.103785,0.048631,0.100870
19.760000,19.760000,step,0.523600,0.000000,0.518013,-0.002099,-0.000021,0.000000,0.558748,0.209859,1.015531,-1.835543,-15.484442,0.217190,-0.350173,0.106004,0.904970,-0.226809,-0.134197,-0.311164,0.103785,0.048632,0.100869
19.780000,19.780000,step,0.523600,0.000000,0.518013,-0.002099,-0.000021,-0.000000,0.558748,0.209859,1.016860,-1.835273,-15.492486,0.217723,-0.349842,0.107382,0.904807,-0.226809,-0.134197,-0.311163,0.103785,0.048633,0.100869
19.800000,19.800000,step,0.523600,0.000000,0.518013,-0.002099,-0.000021,0.000000,0.558748,0.209859,1.018189,-1.834999,-15.500529,0.218255,-0.349510,0.108759,0.904643,-0.226810,-0.134197,-0.311163,0.103785,0.048633,0.100868
19.820000,19.820000,step,0.523600,0.000000,0.518013,-0.002099,-0.000021,-0.000000,0.558748,0.209859,1.019516,-1.834721,-15.508575,0.218787,-0.349178,0.110136,0.904476,-0.226810,-0.134197,-0.311163,0.103785,0.048634,0.100868
19.840000,19.840000,step,0.523600,0.000000,0.518013,-0.002099,-0.000021,-0.000000,0.558749,0.209859,1.020843,-1.834438,-15.516617,0.219318,-0.348844,0.111512,0.904308,-0.226810,-0.134197,-0.311163,0.103785,0.048635,0.100867
19.860000,19.860000,step,0.523600,0.000000,0.518013,-0.002099,-0.000021,-0.000000,0.558749,0.209859,1.022169,-1.834151,-15.524659,0.219849,-0.348510,0.112889,0.904137,-0.226810,-0.134197,-0.311163,0.103785,0.048635,0.100867
19.880000,19.880000,step,0.523600,0.000000,0.518013,-0.002099,-0.000021,-0.000000,0.558749,0.209859,1.023493,-1.833861,-15.532702,0.220379,-0.348175,0.114265,0.903964,-0.226810,-0.134197,-0.311163,0.103785,0.048636,0.100866
19.900000,19.900000,step,0.523600,0.000000,0.518013,-0.002099,-0.000021,-0.000000,0.558749,0.209859,1.024817,-1.833567,-15.540748,0.220909,-0.347839,0.115641,0.903789,-0.226810,-0.134197,-0.311163,0.103786,0.048636,0.100865
19.920000,19.920000,step,0.523600,0.000000,0.518013,-0.002099,-0.000021,-0.000000,0.558749,0.209859,1.026140,-1.833268,-15.548790,0.221438,-0.347502,0.117016,0.903612,-0.226810,-0.134196,-0.311163,0.103786,0.048637,0.100865
19.940000,19.940000,step,0.523600,0.000000,0.518013,-0.002099,-0.000021,0.000000,0.558749,0.209859,1.027462,-1.832966,-15.556834,0.221966,-0.347165,0.118392,0.903433,-0.226809,-0.134196,-0.311163,0.103786,0.048637,0.100864
19.960000,19.960000,step,0.523600,0.000000,0.518013,-0.002099,-0.000021,-0.000000,0.558749,0.209859,1.028784,-1.832660,-15.564881,0.222495,-0.346827,0.119767,0.903252,-0.226809,-0.134196,-0.311163,0.103786,0.048638,0.100863
19.980000,19.980000,step,0.523600,0.000000,0.518013,-0.002099,-0.000021,-0.000000,0.558749,0.209859,1.030104,-1.832350,-15.572926,0.223022,-0.346487,0.121141,0.903068,-0.226809,-0.134196,-0.311163,0.103786,0.048638,0.100863
